cik,valuation,shares,filedFor
922812,131691,1952142,2013-03-31
922812,1162025,17225400,2013-03-31
922812,56655,839832,2013-03-31
922812,131082,1943100,2013-03-31
922812,539318,7994634,2013-03-31
922812,8112462,120255879,2013-03-31
922812,94425,1399713,2013-03-31
1390777,225076,8041300,2013-03-31
1390777,50212,1793915,2013-03-31
1390777,241027,8611200,2013-03-31
1390777,13791,492700,2013-03-31
1027884,299161,4817400,2013-03-31
1027884,105024,1691200,2013-03-31
21344,32352,800000,2013-03-31
21344,3246653,80283200,2013-03-31
21344,73763,1824000,2013-03-31
21344,582789,14411200,2013-03-31
21344,739178,18278400,2013-03-31
21344,11318800,279891200,2013-03-31
21344,143643,3552000,2013-03-31
21344,38822,960000,2013-03-31
78214,61000,1014974,2013-03-31
78214,120158,1999300,2013-03-31
78214,1268689,21109637,2013-03-31
1393231,459813,4333363,2013-03-31
927066,1064216,8973906,2013-03-31
927066,711540,6000000,2013-03-31
315189,143268,1666300,2013-03-31
315189,198826,2312467,2013-03-31
1465112,807868,14275800,2013-03-31
922812,112209,1952142,2012-12-31
922812,990116,17225400,2012-12-31
922812,48274,839832,2012-12-31
922812,111689,1943100,2012-12-31
922812,459532,7994634,2012-12-31
922812,6912308,120255879,2012-12-31
922812,80456,1399713,2012-12-31
315032,163151,5956600,2012-12-31
1390777,206661,8041300,2012-12-31
1390777,46104,1793915,2012-12-31
1390777,251827,9798700,2012-12-31
21344,29000,800000,2012-12-31
21344,2910266,80283200,2012-12-31
21344,66120,1824000,2012-12-31
21344,522406,14411200,2012-12-31
21344,662592,18278400,2012-12-31
21344,10146056,279891200,2012-12-31
21344,128760,3552000,2012-12-31
21344,34800,960000,2012-12-31
78214,58858,1014974,2012-12-31
78214,115939,1999300,2012-12-31
78214,1224148,21109637,2012-12-31
1393231,427833,4333363,2012-12-31
927066,840905,7607935,2012-12-31
927066,663180,6000000,2012-12-31
315189,144002,1666300,2012-12-31
315189,199843,2312467,2012-12-31
1465112,553661,11037900,2012-12-31
1465112,1153660,22999600,2012-12-31
39899,31342,1740231,2012-12-31
750556,268568,3877122,2012-12-31
922812,110999,1952142,2012-09-30
922812,979436,17225400,2012-09-30
922812,47753,839832,2012-09-30
922812,110485,1943100,2012-09-30
922812,454575,7994634,2012-09-30
922812,6837749,120255879,2012-09-30
922812,79588,1399713,2012-09-30
1390777,181894,8041300,2012-09-30
1390777,40578,1793915,2012-09-30
1390777,221647,9798700,2012-09-30
21344,30344,800000,2012-09-30
21344,3045142,80283200,2012-09-30
21344,69184,1824000,2012-09-30
21344,546617,14411200,2012-09-30
21344,693300,18278400,2012-09-30
21344,10616273,279891200,2012-09-30
21344,134727,3552000,2012-09-30
21344,36413,960000,2012-09-30
78214,58036,1014974,2012-09-30
78214,114320,1999300,2012-09-30
78214,1207049,21109637,2012-09-30
1393231,434030,4333363,2012-09-30
927066,434910,4197569,2012-09-30
927066,621660,6000000,2012-09-30
315189,137420,1666300,2012-09-30
315189,190709,2312467,2012-09-30
1465112,343797,6556000,2012-09-30
1465112,1206099,22999600,2012-09-30
39899,30889,1740231,2012-09-30
750556,256355,3877122,2012-09-30
922812,113634,1952142,2012-06-30
922812,1002691,17225400,2012-06-30
922812,48887,839832,2012-06-30
922812,113108,1943100,2012-06-30
922812,465368,7994634,2012-06-30
922812,7000095,120255879,2012-06-30
922812,81477,1399713,2012-06-30
1390777,176507,8041300,2012-06-30
1390777,39376,1793915,2012-06-30
1390777,195010,8884300,2012-06-30
64803,247759,5301916,2012-06-30
21344,31276,400000,2012-06-30
21344,3138672,40141600,2012-06-30
21344,71309,912000,2012-06-30
21344,563406,7205600,2012-06-30
21344,714594,9139200,2012-06-30
21344,10942346,139945600,2012-06-30
21344,138865,1776000,2012-06-30
21344,37531,480000,2012-06-30
78214,321852,5759700,2012-06-30
78214,111721,1999300,2012-06-30
78214,1179607,21109637,2012-06-30
1393231,411669,4333363,2012-06-30
927066,324093,3300000,2012-06-30
927066,589260,6000000,2012-06-30
1465112,264658,5421100,2012-06-30
1465112,1122840,22999600,2012-06-30
29534,180623,3320885,2012-06-30
39899,25634,1740231,2012-06-30
750556,255735,3877122,2012-06-30
58361,2119,1655125,2012-03-31
922812,112951,1952142,2012-03-31
922812,996662,17225400,2012-03-31
922812,48593,839832,2012-03-31
922812,112428,1943100,2012-03-31
922812,462570,7994634,2012-03-31
922812,6958005,120255879,2012-03-31
922812,80987,1399713,2012-03-31
1390777,43287,1793915,2012-03-31
1390777,92021,3813551,2012-03-31
64803,318371,7106500,2012-03-31
21344,29604,400000,2012-03-31
21344,2970880,40141600,2012-03-31
21344,67497,912000,2012-03-31
21344,533286,7205600,2012-03-31
21344,676392,9139200,2012-03-31
21344,10357374,139945600,2012-03-31
21344,131442,1776000,2012-03-31
21344,35525,480000,2012-03-31
78214,455452,5992000,2012-03-31
78214,151967,1999300,2012-03-31
78214,1604544,21109637,2012-03-31
1393231,393469,4333363,2012-03-31
927066,541020,6000000,2012-03-31
1465112,1134800,22999600,2012-03-31
29534,168037,3637164,2012-03-31
39899,26678,1740231,2012-03-31
750556,284503,3877122,2012-03-31
40545,156102,7777900,2012-03-31
1467858,256500,10000000,2012-03-31
1131399,67837,1510500,2012-03-31
50863,217751,7745000,2012-03-31
851397,13436163,64395700,2012-03-31
200406,285112,4322500,2012-03-31
200406,130248,1974648,2012-03-31
200406,919274,13936841,2012-03-31
200406,266588,4041657,2012-03-31
200406,140627,2132000,2012-03-31
200406,134260,2035481,2012-03-31
200406,37927,575000,2012-03-31
1103982,304080,8000000,2012-03-31
1103982,665763,17515481,2012-03-31
1103982,380100,10000000,2012-03-31
1103982,1615489,42501684,2012-03-31
1507934,264450,3000000,2012-03-31
36270,47436,546000,2012-03-31
36270,14317,164795,2012-03-31
36270,405838,4671245,2012-03-31
1141391,170319,405000,2012-03-31
1059556,661787,15719400,2012-03-31
1059556,534495,12695850,2012-03-31
80424,294044,4375000,2012-03-31
80424,1363019,20280000,2012-03-31
80424,104848,1560000,2012-03-31
80424,419390,6240000,2012-03-31
80424,419390,6240000,2012-03-31
80424,2270296,33779136,2012-03-31
80424,52424,780000,2012-03-31
1121404,18929,488500,2012-03-31
1121404,19753,509742,2012-03-31
1121404,6560,169300,2012-03-31
1121404,112225,2896133,2012-03-31
320335,5799,116326,2012-03-31
320335,33628,674592,2012-03-31
320335,47834,959550,2012-03-31
320335,123895,2485350,2012-03-31
36104,265003,8365000,2012-03-31
36104,738375,23307300,2012-03-31
36104,401680,12679300,2012-03-31
36104,68872,2174000,2012-03-31
36104,657953,20768726,2012-03-31
36104,55282,1745000,2012-03-31
757011,293642,17072192,2012-03-31
809697,115365,1429200,2012-03-31
1442145,104750,2230148,2012-03-31
1339947,75541,1591670,2012-03-31
1403161,338071,2865008,2012-03-31
104169,17748,290000,2012-03-31
104169,10404,170000,2012-03-31
104169,1805,29500,2012-03-31
104169,257040,4200000,2012-03-31
104169,15606,255000,2012-03-31
104169,15667,256000,2012-03-31
104169,57895,946000,2012-03-31
104169,109487,1789000,2012-03-31
104169,51959,849000,2012-03-31
104169,2289654,37412642,2012-03-31
104169,31273,511000,2012-03-31
104889,55405,148311,2012-03-31
104889,242135,648165,2012-03-31
104889,334085,894304,2012-03-31
104889,13816,36985,2012-03-31
105598,355056,10400000,2012-03-31
105598,546240,16000000,2012-03-31
105598,179235,5250000,2012-03-31
105598,232591,6812857,2012-03-31
105598,2251994,65963496,2012-03-31
105598,27995,820000,2012-03-31
105598,58038,1700000,2012-03-31
105598,1134923,33243200,2012-03-31
105598,327362,9588800,2012-03-31
105598,1717354,50303270,2012-03-31
105598,6413390,187855585,2012-03-31
105598,95182,2788000,2012-03-31
105598,54956,1609720,2012-03-31
105598,68280,2000000,2012-03-31
1466258,26299,636000,2012-03-31
922812,812522,17225400,2011-12-31
922812,377107,7994634,2011-12-31
922812,5672470,120255879,2011-12-31
922812,91656,1943100,2011-12-31
922812,66024,1399713,2011-12-31
922812,39615,839832,2011-12-31
922812,92082,1952142,2011-12-31
1390777,35717,1793915,2011-12-31
64803,289803,7106500,2011-12-31
21344,27988,400000,2011-12-31
21344,124267,1776000,2011-12-31
21344,504176,7205600,2011-12-31
21344,2808708,40141600,2011-12-31
21344,9791994,139945600,2011-12-31
21344,639470,9139200,2011-12-31
21344,33586,480000,2011-12-31
21344,63813,912000,2011-12-31
1179484,7187,1218199,2011-12-31
1179484,1787,302963,2011-12-31
1179484,101,17215,2011-12-31
78214,1538259,21109637,2011-12-31
78214,145689,1999300,2011-12-31
78214,436637,5992000,2011-12-31
1393231,361056,4333363,2011-12-31
927066,203512,2684500,2011-12-31
1465112,870098,20348400,2011-12-31
29534,185017,4497247,2011-12-31
39899,23267,1740231,2011-12-31
750556,257480,3877122,2011-12-31
40545,139302,7777900,2011-12-31
1131399,68924,1510500,2011-12-31
50485,19379,636600,2011-12-31
50863,278754,11495000,2011-12-31
851397,11751023,63905931,2011-12-31
200406,283470,4322500,2011-12-31
200406,129497,1974648,2011-12-31
200406,90814,1384781,2011-12-31
200406,913978,13936841,2011-12-31
200406,139817,2132000,2011-12-31
200406,37708,575000,2011-12-31
200406,307725,4692357,2011-12-31
1103982,1872258,50113984,2011-12-31
1103982,697172,18660929,2011-12-31
1103982,373600,10000000,2011-12-31
1103982,9706,259800,2011-12-31
1103982,298880,8000000,2011-12-31
1507934,132794,1701400,2011-12-31
36270,356603,4671245,2011-12-31
36270,41682,546000,2011-12-31
36270,12580,164795,2011-12-31
1141391,150992,405000,2011-12-31
1059556,427596,12695850,2011-12-31
1059556,529429,15719400,2011-12-31
80424,2487685,37291036,2011-12-31
80424,1352879,20280000,2011-12-31
80424,416270,6240000,2011-12-31
80424,416270,6240000,2011-12-31
80424,52034,780000,2011-12-31
80424,104068,1560000,2011-12-31
80424,291856,4375000,2011-12-31
1121404,17850,488500,2011-12-31
1121404,105825,2896133,2011-12-31
1121404,6186,169300,2011-12-31
1121404,18626,509742,2011-12-31
320335,5047,116326,2011-12-31
320335,29270,674592,2011-12-31
320335,107839,2485350,2011-12-31
320335,41635,959550,2011-12-31
36104,630462,23307300,2011-12-31
36104,561797,20768826,2011-12-31
36104,226273,8365000,2011-12-31
36104,58807,2174000,2011-12-31
36104,47202,1745000,2011-12-31
36104,342975,12679300,2011-12-31
757011,173453,17072192,2011-12-31
809697,104603,1429200,2011-12-31
1442145,138249,3445029,2011-12-31
1403161,290884,2865008,2011-12-31
104169,2025335,33891142,2011-12-31
104169,250992,4200000,2011-12-31
104169,56533,946000,2011-12-31
104889,336983,894304,2011-12-31
104889,55885,148311,2011-12-31
104889,244235,648165,2011-12-31
104889,13936,36985,2011-12-31
105598,1817954,65963496,2011-12-31
105598,38584,1400000,2011-12-31
105598,1283215,46560770,2011-12-31
105598,76837,2788000,2011-12-31
105598,27560,1000000,2011-12-31
105598,5177300,187855585,2011-12-31
105598,44364,1609720,2011-12-31
105598,46852,1700000,2011-12-31
105598,22599,820000,2011-12-31
105598,916183,33243200,2011-12-31
105598,440960,16000000,2011-12-31
105598,220480,8000000,2011-12-31
105598,74412,2700000,2011-12-31
105598,55120,2000000,2011-12-31
105598,144690,5250000,2011-12-31
105598,187762,6812857,2011-12-31
922812,773420,17225400,2011-09-30
922812,358959,7994634,2011-09-30
922812,5399489,120255879,2011-09-30
922812,87245,1943100,2011-09-30
922812,62847,1399713,2011-09-30
922812,37708,839832,2011-09-30
922812,87651,1952142,2011-09-30
1390777,33349,1793915,2011-09-30
64803,190153,5661000,2011-09-30
21344,27024,400000,2011-09-30
21344,119987,1776000,2011-09-30
21344,486810,7205600,2011-09-30
21344,2711966,40141600,2011-09-30
21344,9454725,139945600,2011-09-30
21344,617444,9139200,2011-09-30
21344,32429,480000,2011-09-30
21344,61615,912000,2011-09-30
1179484,7431,1218199,2011-09-30
1179484,1848,302963,2011-09-30
1179484,105,17215,2011-09-30
78214,1336662,21109637,2011-09-30
78214,126596,1999300,2011-09-30
78214,379413,5992000,2011-09-30
1393231,355899,4333363,2011-09-30
1465112,179622,4249400,2011-09-30
29534,169816,4497247,2011-09-30
34088,30635,421800,2011-09-30
39899,16584,1740231,2011-09-30
750556,174335,3064422,2011-09-30
40545,118380,7777900,2011-09-30
1131399,62369,1510500,2011-09-30
50485,17865,636600,2011-09-30
50863,199167,9333000,2011-09-30
851397,10028617,57348984,2011-09-30
200406,275300,4322500,2011-09-30
200406,125765,1974648,2011-09-30
200406,625018,9813442,2011-09-30
200406,887637,13936841,2011-09-30
200406,135787,2132000,2011-09-30
200406,36622,575000,2011-09-30
200406,298856,4692357,2011-09-30
1103982,1739625,51805384,2011-09-30
1103982,660906,19681524,2011-09-30
1103982,335800,10000000,2011-09-30
1103982,8724,259800,2011-09-30
1103982,268640,8000000,2011-09-30
36270,326520,4671245,2011-09-30
36270,38165,546000,2011-09-30
36270,11519,164795,2011-09-30
1141391,128450,405000,2011-09-30
1059556,386589,12695850,2011-09-30
1059556,478656,15719400,2011-09-30
80424,2356048,37291036,2011-09-30
80424,1281290,20280000,2011-09-30
80424,394243,6240000,2011-09-30
80424,394243,6240000,2011-09-30
80424,49280,780000,2011-09-30
80424,98561,1560000,2011-09-30
80424,276412,4375000,2011-09-30
1121404,16023,488500,2011-09-30
1121404,94993,2896133,2011-09-30
1121404,5553,169300,2011-09-30
1121404,16720,509742,2011-09-30
320335,4055,116326,2011-09-30
320335,23516,674592,2011-09-30
320335,86639,2485350,2011-09-30
320335,33450,959550,2011-09-30
36104,548654,23307300,2011-09-30
36104,488898,20768826,2011-09-30
36104,196912,8365000,2011-09-30
36104,51176,2174000,2011-09-30
36104,41077,1745000,2011-09-30
36104,298471,12679300,2011-09-30
757011,114896,17072192,2011-09-30
809697,90254,1429200,2011-09-30
1442145,73056,2101125,2011-09-30
1403161,196445,2291708,2011-09-30
104169,1758950,33891142,2011-09-30
104169,217980,4200000,2011-09-30
104169,49097,946000,2011-09-30
104889,292411,894304,2011-09-30
104889,48493,148311,2011-09-30
104889,211931,648165,2011-09-30
104889,12093,36985,2011-09-30
105598,1496704,62052396,2011-09-30
105598,33768,1400000,2011-09-30
105598,1123046,46560770,2011-09-30
105598,67247,2788000,2011-09-30
105598,24120,1000000,2011-09-30
105598,4086721,169432865,2011-09-30
105598,38826,1609720,2011-09-30
105598,41004,1700000,2011-09-30
105598,19778,820000,2011-09-30
105598,801826,33243200,2011-09-30
105598,385920,16000000,2011-09-30
105598,192960,8000000,2011-09-30
105598,65124,2700000,2011-09-30
105598,48240,2000000,2011-09-30
105598,126630,5250000,2011-09-30
105598,164326,6812857,2011-09-30
922812,773420,17225400,2011-09-30
922812,358959,7994634,2011-09-30
922812,5399489,120255879,2011-09-30
922812,87245,1943100,2011-09-30
922812,62847,1399713,2011-09-30
922812,37708,839832,2011-09-30
922812,87651,1952142,2011-09-30
1390777,33349,1793915,2011-09-30
64803,190153,5661000,2011-09-30
21344,27024,400000,2011-09-30
21344,119987,1776000,2011-09-30
21344,486810,7205600,2011-09-30
21344,2711966,40141600,2011-09-30
21344,9454725,139945600,2011-09-30
21344,617444,9139200,2011-09-30
21344,32429,480000,2011-09-30
21344,61615,912000,2011-09-30
1179484,7431,1218199,2011-09-30
1179484,1848,302963,2011-09-30
1179484,105,17215,2011-09-30
78214,1336662,21109637,2011-09-30
78214,126596,1999300,2011-09-30
78214,379413,5992000,2011-09-30
1393231,355899,4333363,2011-09-30
1465112,179622,4249400,2011-09-30
29534,169816,4497247,2011-09-30
34088,30635,421800,2011-09-30
39899,16584,1740231,2011-09-30
750556,174335,3064422,2011-09-30
40545,118380,7777900,2011-09-30
1131399,62369,1510500,2011-09-30
50485,17865,636600,2011-09-30
50863,199167,9333000,2011-09-30
851397,10028617,57348984,2011-09-30
200406,275300,4322500,2011-09-30
200406,125765,1974648,2011-09-30
200406,625018,9813442,2011-09-30
200406,887637,13936841,2011-09-30
200406,135787,2132000,2011-09-30
200406,36622,575000,2011-09-30
200406,298856,4692357,2011-09-30
1103982,1739625,51805384,2011-09-30
1103982,660906,19681524,2011-09-30
1103982,335800,10000000,2011-09-30
1103982,8724,259800,2011-09-30
1103982,268640,8000000,2011-09-30
36270,326520,4671245,2011-09-30
36270,38165,546000,2011-09-30
36270,11519,164795,2011-09-30
1141391,128450,405000,2011-09-30
1059556,386589,12695850,2011-09-30
1059556,478656,15719400,2011-09-30
80424,2356048,37291036,2011-09-30
80424,1281290,20280000,2011-09-30
80424,394243,6240000,2011-09-30
80424,394243,6240000,2011-09-30
80424,49280,780000,2011-09-30
80424,98561,1560000,2011-09-30
80424,276412,4375000,2011-09-30
1121404,16023,488500,2011-09-30
1121404,94993,2896133,2011-09-30
1121404,5553,169300,2011-09-30
1121404,16720,509742,2011-09-30
320335,4055,116326,2011-09-30
320335,23516,674592,2011-09-30
320335,86639,2485350,2011-09-30
320335,33450,959550,2011-09-30
36104,548654,23307300,2011-09-30
36104,488898,20768826,2011-09-30
36104,196912,8365000,2011-09-30
36104,51176,2174000,2011-09-30
36104,41077,1745000,2011-09-30
36104,298471,12679300,2011-09-30
757011,114896,17072192,2011-09-30
809697,90254,1429200,2011-09-30
1442145,146112,4202250,2011-09-30
1403161,196445,2291708,2011-09-30
104169,1758950,33891142,2011-09-30
104169,217980,4200000,2011-09-30
104169,49097,946000,2011-09-30
104889,292411,894304,2011-09-30
104889,48493,148311,2011-09-30
104889,211931,648165,2011-09-30
104889,12093,36985,2011-09-30
105598,1496704,62052396,2011-09-30
105598,33768,1400000,2011-09-30
105598,1123046,46560770,2011-09-30
105598,67247,2788000,2011-09-30
105598,24120,1000000,2011-09-30
105598,4086721,169432865,2011-09-30
105598,38826,1609720,2011-09-30
105598,41004,1700000,2011-09-30
105598,19778,820000,2011-09-30
105598,801826,33243200,2011-09-30
105598,385920,16000000,2011-09-30
105598,192960,8000000,2011-09-30
105598,65124,2700000,2011-09-30
105598,48240,2000000,2011-09-30
105598,126630,5250000,2011-09-30
105598,164326,6812857,2011-09-30
851397,4263831,24854744,2011-06-30
851397,736713,4517774,2011-03-31
922812,890553,17225400,2011-06-30
922812,413323,7994634,2011-06-30
922812,6217229,120255879,2011-06-30
922812,100458,1943100,2011-06-30
922812,72365,1399713,2011-06-30
922812,43419,839832,2011-06-30
922812,100926,1952142,2011-06-30
1390777,45960,1793915,2011-06-30
21344,26916,400000,2011-06-30
21344,119507,1776000,2011-06-30
21344,484865,7205600,2011-06-30
21344,2701128,40141600,2011-06-30
21344,9416939,139945600,2011-06-30
21344,614977,9139200,2011-06-30
21344,32299,480000,2011-06-30
21344,61368,912000,2011-06-30
1179484,7589,1218199,2011-06-30
1179484,1887,302963,2011-06-30
1179484,107,17215,2011-06-30
78214,1587234,21109637,2011-06-30
78214,150380,2000000,2011-06-30
78214,450538,5992000,2011-06-30
1393231,352042,4333363,2011-06-30
29534,50760,1497800,2011-06-30
34088,34326,421800,2011-06-30
39899,24920,1740231,2011-06-30
40545,146691,7777900,2011-06-30
1131399,64800,1510500,2011-06-30
50485,28881,636600,2011-06-30
200406,287533,4322500,2011-06-30
200406,131353,1974648,2011-06-30
200406,997216,14991217,2011-06-30
200406,927079,13936841,2011-06-30
200406,9603,144357,2011-06-30
200406,141821,2132000,2011-06-30
200406,38249,575000,2011-06-30
200406,302533,4548000,2011-06-30
1103982,1825104,51805384,2011-06-30
1103982,1035848,29402440,2011-06-30
1103982,352300,10000000,2011-06-30
1103982,9153,259800,2011-06-30
1103982,281840,8000000,2011-06-30
36270,409234,4653026,2011-06-30
36270,48021,546000,2011-06-30
36270,14494,164795,2011-06-30
1141391,122043,405000,2011-06-30
1059556,486886,12695850,2011-06-30
1059556,602839,15719400,2011-06-30
80424,2370591,37291036,2011-06-30
80424,1289200,20280000,2011-06-30
80424,396677,6240000,2011-06-30
80424,396677,6240000,2011-06-30
80424,49585,780000,2011-06-30
80424,99169,1560000,2011-06-30
80424,278119,4375000,2011-06-30
1121404,19623,488500,2011-06-30
1121404,116338,2896133,2011-06-30
1121404,6801,169300,2011-06-30
1121404,20476,509742,2011-06-30
320335,4974,77551,2011-06-30
320335,28846,449728,2011-06-30
320335,106274,1656900,2011-06-30
320335,41030,639700,2011-06-30
36104,594569,23307300,2011-06-30
36104,529813,20768826,2011-06-30
36104,213391,8365000,2011-06-30
36104,255100,10000000,2011-06-30
36104,55459,2174000,2011-06-30
36104,44515,1745000,2011-06-30
36104,68349,2679300,2011-06-30
757011,244815,17072192,2011-06-30
809697,104232,1429200,2011-06-30
1442145,72741,2101125,2011-06-30
104169,1800975,33891142,2011-06-30
104169,223188,4200000,2011-06-30
104169,50270,946000,2011-06-30
104889,374669,894304,2011-06-30
104889,62135,148311,2011-06-30
104889,271549,648165,2011-06-30
104889,15495,36985,2011-06-30
105598,1741190,62052396,2011-06-30
105598,354768,12643200,2011-06-30
105598,1306495,46560770,2011-06-30
105598,78231,2788000,2011-06-30
105598,28060,1000000,2011-06-30
105598,4500562,160390665,2011-06-30
105598,45169,1609720,2011-06-30
105598,47702,1700000,2011-06-30
105598,23009,820000,2011-06-30
105598,617320,22000000,2011-06-30
105598,448960,16000000,2011-06-30
105598,224480,8000000,2011-06-30
105598,75762,2700000,2011-06-30
105598,56120,2000000,2011-06-30
105598,147315,5250000,2011-06-30
105598,191169,6812857,2011-06-30
922812,778588,17225400,2011-03-31
922812,361357,7994634,2011-03-31
922812,5435566,120255879,2011-03-31
922812,87828,1943100,2011-03-31
922812,63267,1399713,2011-03-31
922812,37960,839832,2011-03-31
922812,88237,1952142,2011-03-31
1390777,53584,1793915,2011-03-31
21344,26536,400000,2011-03-31
21344,117820,1776000,2011-03-31
21344,478020,7205600,2011-03-31
21344,2662994,40141600,2011-03-31
21344,9283991,139945600,2011-03-31
21344,606295,9139200,2011-03-31
21344,31843,480000,2011-03-31
21344,60502,912000,2011-03-31
1179484,11268,1218199,2011-03-31
1179484,2802,302963,2011-03-31
1179484,159,17215,2011-03-31
78214,1685816,21109637,2011-03-31
78214,159720,2000000,2011-03-31
78214,478521,5992000,2011-03-31
1393231,317722,4333363,2011-03-31
34088,35486,421800,2011-03-31
39899,26504,1740231,2011-03-31
40545,155947,7777900,2011-03-31
1131399,58018,1510500,2011-03-31
50485,30725,636600,2011-03-31
200406,256108,4322500,2011-03-31
200406,116998,1974648,2011-03-31
200406,888230,14991217,2011-03-31
200406,825758,13936841,2011-03-31
200406,8553,144357,2011-03-31
200406,126321,2132000,2011-03-31
200406,34069,575000,2011-03-31
200406,269469,4548000,2011-03-31
1103982,1761318,56164484,2011-03-31
1103982,965584,30790300,2011-03-31
1103982,313600,10000000,2011-03-31
1103982,8147,259800,2011-03-31
1103982,250880,8000000,2011-03-31
36270,411653,4653026,2011-03-31
36270,48305,546000,2011-03-31
36270,14579,164795,2011-03-31
1141391,54372,216000,2011-03-31
1059556,430516,12695850,2011-03-31
1059556,533045,15719400,2011-03-31
80424,2297128,37291036,2011-03-31
80424,1249248,20280000,2011-03-31
80424,384384,6240000,2011-03-31
80424,384384,6240000,2011-03-31
80424,48048,780000,2011-03-31
80424,96096,1560000,2011-03-31
80424,269500,4375000,2011-03-31
1121404,17205,488500,2011-03-31
1121404,102002,2896133,2011-03-31
1121404,5963,169300,2011-03-31
1121404,17953,509742,2011-03-31
320335,5156,77551,2011-03-31
320335,29898,449728,2011-03-31
320335,110151,1656900,2011-03-31
320335,42527,639700,2011-03-31
36104,616012,23307300,2011-03-31
36104,548920,20768826,2011-03-31
36104,221087,8365000,2011-03-31
36104,264300,10000000,2011-03-31
36104,57459,2174000,2011-03-31
36104,46120,1745000,2011-03-31
36104,70814,2679300,2011-03-31
757011,284423,17072192,2011-03-31
809697,106218,1429200,2011-03-31
104169,1764034,33891142,2011-03-31
104169,218610,4200000,2011-03-31
104169,49239,946000,2011-03-31
104889,391312,894304,2011-03-31
104889,64895,148311,2011-03-31
104889,283611,648165,2011-03-31
104889,16183,36985,2011-03-31
105598,1967681,62052396,2011-03-31
105598,400916,12643200,2011-03-31
105598,1476442,46560770,2011-03-31
105598,88407,2788000,2011-03-31
105598,31710,1000000,2011-03-31
105598,4778284,150686982,2011-03-31
105598,51044,1609720,2011-03-31
105598,53907,1700000,2011-03-31
105598,26002,820000,2011-03-31
105598,697620,22000000,2011-03-31
105598,507360,16000000,2011-03-31
105598,253680,8000000,2011-03-31
105598,85617,2700000,2011-03-31
105598,63420,2000000,2011-03-31
105598,166478,5250000,2011-03-31
105598,216036,6812857,2011-03-31
929008,2219641,5703087,2011-03-31
922812,739314,17225400,2010-12-31
922812,343130,7994634,2010-12-31
922812,5161382,120255879,2010-12-31
922812,83398,1943100,2010-12-31
922812,60076,1399713,2010-12-31
922812,36046,839832,2010-12-31
922812,83786,1952142,2010-12-31
1390777,54176,1793915,2010-12-31
21344,26308,400000,2010-12-31
21344,116808,1776000,2010-12-31
21344,473912,7205600,2010-12-31
21344,2640113,40141600,2010-12-31
21344,9204222,139945600,2010-12-31
21344,601085,9139200,2010-12-31
21344,31570,480000,2010-12-31
21344,59982,912000,2010-12-31
1179484,10964,1218199,2010-12-31
1179484,2727,302963,2010-12-31
1179484,155,17215,2010-12-31
78214,1437566,21109637,2010-12-31
78214,136200,2000000,2010-12-31
78214,408600,6000000,2010-12-31
1393231,312912,4333363,2010-12-31
34088,30842,421800,2010-12-31
39899,26260,1740231,2010-12-31
40545,142258,7777900,2010-12-31
1131399,59242,1510500,2010-12-31
50485,29949,636600,2010-12-31
200406,267347,4322500,2010-12-31
200406,122132,1974648,2010-12-31
200406,927207,14991217,2010-12-31
200406,861994,13936841,2010-12-31
200406,8928,144357,2010-12-31
200406,131864,2132000,2010-12-31
200406,35564,575000,2010-12-31
200406,281294,4548000,2010-12-31
1103982,1769743,56164484,2010-12-31
1103982,970202,30790300,2010-12-31
1103982,315100,10000000,2010-12-31
1103982,8186,259800,2010-12-31
1103982,252080,8000000,2010-12-31
36270,405046,4653026,2010-12-31
36270,47529,546000,2010-12-31
36270,14345,164795,2010-12-31
1059556,336948,12695850,2010-12-31
1059556,417193,15719400,2010-12-31
80424,2398932,37291036,2010-12-31
80424,1304612,20280000,2010-12-31
80424,401419,6240000,2010-12-31
80424,401419,6240000,2010-12-31
80424,50177,780000,2010-12-31
80424,100355,1560000,2010-12-31
80424,281444,4375000,2010-12-31
1121404,15744,488500,2010-12-31
1121404,93342,2896133,2010-12-31
1121404,5457,169300,2010-12-31
1121404,16429,509742,2010-12-31
320335,4632,77551,2010-12-31
320335,26867,449728,2010-12-31
320335,98983,1656900,2010-12-31
320335,38216,639700,2010-12-31
36104,628598,23307300,2010-12-31
36104,560135,20768826,2010-12-31
36104,225604,8365000,2010-12-31
36104,269700,10000000,2010-12-31
36104,58633,2174000,2010-12-31
36104,47063,1745000,2010-12-31
36104,72261,2679300,2010-12-31
757011,287325,17072192,2010-12-31
809697,103731,1429200,2010-12-31
104169,1827749,33891142,2010-12-31
104169,226506,4200000,2010-12-31
104169,51018,946000,2010-12-31
104889,393047,894304,2010-12-31
104889,65183,148311,2010-12-31
104889,284869,648165,2010-12-31
104889,16255,36985,2010-12-31
105598,1923004,62052396,2010-12-31
105598,391813,12643200,2010-12-31
105598,1442918,46560770,2010-12-31
105598,86400,2788000,2010-12-31
105598,30990,1000000,2010-12-31
105598,4669790,150686982,2010-12-31
105598,49885,1609720,2010-12-31
105598,52683,1700000,2010-12-31
105598,25412,820000,2010-12-31
105598,681780,22000000,2010-12-31
105598,495840,16000000,2010-12-31
105598,247920,8000000,2010-12-31
105598,83673,2700000,2010-12-31
105598,61980,2000000,2010-12-31
105598,162697,5250000,2010-12-31
105598,211130,6812857,2010-12-31
929008,2101074,5703087,2010-12-31
922812,723984,17225400,2010-09-30
922812,336014,7994634,2010-09-30
922812,5054355,120255879,2010-09-30
922812,81668,1943100,2010-09-30
922812,58830,1399713,2010-09-30
922812,35298,839832,2010-09-30
922812,82048,1952142,2010-09-30
70858,65512,5000000,2010-09-30
1390777,52070,1992759,2010-09-30
10795,140041,1889889,2010-09-30
21344,23408,400000,2010-09-30
21344,103932,1776000,2010-09-30
21344,421672,7205600,2010-09-30
21344,2349086,40141600,2010-09-30
21344,8189617,139945600,2010-09-30
21344,534826,9139200,2010-09-30
21344,28090,480000,2010-09-30
21344,53370,912000,2010-09-30
22301,3179,186897,2010-09-30
1179484,10964,1218199,2010-09-30
1179484,2727,302963,2010-09-30
1179484,155,17215,2010-09-30
78214,1212326,21109637,2010-09-30
78214,114860,2000000,2010-09-30
78214,344580,6000000,2010-09-30
1393231,279459,4333363,2010-09-30
34088,26063,421800,2010-09-30
798354,210479,3910800,2010-09-30
39899,21283,1740231,2010-09-30
40545,126391,7777900,2010-09-30
1131399,59695,1510500,2010-09-30
50485,22712,636600,2010-09-30
200406,267822,4322500,2010-09-30
200406,122349,1974648,2010-09-30
200406,928856,14991217,2010-09-30
200406,863527,13936841,2010-09-30
200406,8944,144357,2010-09-30
200406,132099,2132000,2010-09-30
200406,35627,575000,2010-09-30
200406,281794,4548000,2010-09-30
1103982,1733236,56164484,2010-09-30
1103982,950189,30790300,2010-09-30
1103982,308600,10000000,2010-09-30
1103982,8017,259800,2010-09-30
1103982,246880,8000000,2010-09-30
60667,144885,6500000,2010-09-30
36270,380664,4653026,2010-09-30
36270,44668,546000,2010-09-30
36270,13482,164795,2010-09-30
1059556,328596,13154356,2010-09-30
1059556,392671,15719400,2010-09-30
1298341,154847,6142300,2010-09-30
800921,182189,3400000,2010-09-30
320187,291944,3642929,2010-09-30
80424,2236343,37291036,2010-09-30
80424,1216192,20280000,2010-09-30
80424,374213,6240000,2010-09-30
80424,374213,6240000,2010-09-30
80424,46777,780000,2010-09-30
80424,93553,1560000,2010-09-30
80424,262369,4375000,2010-09-30
1121404,16243,488500,2010-09-30
1121404,96296,2896133,2010-09-30
1121404,5629,169300,2010-09-30
1121404,16949,509742,2010-09-30
320335,4121,77551,2010-09-30
320335,23899,449728,2010-09-30
320335,88048,1656900,2010-09-30
320335,33994,639700,2010-09-30
36104,503904,23307300,2010-09-30
36104,449022,20768826,2010-09-30
36104,180851,8365000,2010-09-30
36104,216200,10000000,2010-09-30
36104,47002,2174000,2010-09-30
36104,37727,1745000,2010-09-30
36104,57926,2679300,2010-09-30
757011,225182,17072192,2010-09-30
809697,95313,1429200,2010-09-30
104169,2038638,38091142,2010-09-30
104169,50630,946000,2010-09-30
104889,357194,894304,2010-09-30
104889,59237,148311,2010-09-30
104889,258884,648165,2010-09-30
104889,14772,36985,2010-09-30
105598,1609496,64085046,2010-09-30
105598,317534,12643200,2010-09-30
105598,962232,38313040,2010-09-30
105598,70021,2788000,2010-09-30
105598,25115,1000000,2010-09-30
105598,3955608,157499839,2010-09-30
105598,40428,1609720,2010-09-30
105598,42695,1700000,2010-09-30
105598,20594,820000,2010-09-30
105598,552530,22000000,2010-09-30
105598,401840,16000000,2010-09-30
105598,200920,8000000,2010-09-30
105598,67810,2700000,2010-09-30
105598,50230,2000000,2010-09-30
105598,131854,5250000,2010-09-30
929008,2042561,5703087,2010-09-30
922812,723984,17225400,2010-09-30
922812,336014,7994634,2010-09-30
922812,5054355,120255879,2010-09-30
922812,81668,1943100,2010-09-30
922812,58830,1399713,2010-09-30
922812,35298,839832,2010-09-30
922812,82048,1952142,2010-09-30
70858,65512,5000000,2010-09-30
1390777,52070,1992759,2010-09-30
10795,140041,1889889,2010-09-30
21344,23408,400000,2010-09-30
21344,103932,1776000,2010-09-30
21344,421672,7205600,2010-09-30
21344,2349086,40141600,2010-09-30
21344,8189617,139945600,2010-09-30
21344,534826,9139200,2010-09-30
21344,28090,480000,2010-09-30
21344,53370,912000,2010-09-30
22301,3179,186897,2010-09-30
1179484,10964,1218199,2010-09-30
1179484,2727,302963,2010-09-30
1179484,155,17215,2010-09-30
78214,1212326,21109637,2010-09-30
78214,114860,2000000,2010-09-30
78214,344580,6000000,2010-09-30
1393231,279459,4333363,2010-09-30
34088,26063,421800,2010-09-30
798354,210479,3910800,2010-09-30
39899,21283,1740231,2010-09-30
40545,126391,7777900,2010-09-30
1131399,59695,1510500,2010-09-30
50485,22712,636600,2010-09-30
200406,267822,4322500,2010-09-30
200406,122349,1974648,2010-09-30
200406,928856,14991217,2010-09-30
200406,863527,13936841,2010-09-30
200406,8944,144357,2010-09-30
200406,132099,2132000,2010-09-30
200406,35627,575000,2010-09-30
200406,281794,4548000,2010-09-30
1103982,1733236,56164484,2010-09-30
1103982,950189,30790300,2010-09-30
1103982,308600,10000000,2010-09-30
1103982,8017,259800,2010-09-30
1103982,246880,8000000,2010-09-30
60667,144885,6500000,2010-09-30
36270,380664,4653026,2010-09-30
36270,44668,546000,2010-09-30
36270,13482,164795,2010-09-30
1059556,328596,13154356,2010-09-30
1059556,392671,15719400,2010-09-30
1298341,154847,6142300,2010-09-30
800921,182189,3400000,2010-09-30
320187,291944,3642929,2010-09-30
80424,2236343,37291036,2010-09-30
80424,1216192,20280000,2010-09-30
80424,374213,6240000,2010-09-30
80424,374213,6240000,2010-09-30
80424,46777,780000,2010-09-30
80424,93553,1560000,2010-09-30
80424,262369,4375000,2010-09-30
1121404,16243,488500,2010-09-30
1121404,96296,2896133,2010-09-30
1121404,5629,169300,2010-09-30
1121404,16949,509742,2010-09-30
320335,4121,77551,2010-09-30
320335,23899,449728,2010-09-30
320335,88048,1656900,2010-09-30
320335,33994,639700,2010-09-30
36104,503904,23307300,2010-09-30
36104,449022,20768826,2010-09-30
36104,180851,8365000,2010-09-30
36104,216200,10000000,2010-09-30
36104,47002,2174000,2010-09-30
36104,37727,1745000,2010-09-30
36104,57926,2679300,2010-09-30
757011,225182,17072192,2010-09-30
809697,95313,1429200,2010-09-30
104169,2038638,38091142,2010-09-30
104169,50630,946000,2010-09-30
104889,357194,894304,2010-09-30
104889,59237,148311,2010-09-30
104889,258884,648165,2010-09-30
104889,14772,36985,2010-09-30
105598,1609496,64085046,2010-09-30
105598,317534,12643200,2010-09-30
105598,962232,38313040,2010-09-30
105598,70021,2788000,2010-09-30
105598,25115,1000000,2010-09-30
105598,3955608,157499839,2010-09-30
105598,40428,1609720,2010-09-30
105598,42695,1700000,2010-09-30
105598,20594,820000,2010-09-30
105598,552530,22000000,2010-09-30
105598,401840,16000000,2010-09-30
105598,200920,8000000,2010-09-30
105598,67810,2700000,2010-09-30
105598,50230,2000000,2010-09-30
105598,131854,5250000,2010-09-30
929008,2042561,5703087,2010-09-30
922812,683848,17225400,2010-06-30
922812,317387,7994634,2010-06-30
922812,4774158,120255879,2010-06-30
922812,77141,1943100,2010-06-30
922812,55569,1399713,2010-06-30
922812,33341,839832,2010-06-30
922812,77500,1952142,2010-06-30
70858,71850,5000000,2010-06-30
10795,127794,1889889,2010-06-30
1170010,153745,7725900,2010-06-30
21344,20048,400000,2010-06-30
21344,89013,1776000,2010-06-30
21344,361145,7205600,2010-06-30
21344,2011897,40141600,2010-06-30
21344,7014073,139945600,2010-06-30
21344,458057,9139200,2010-06-30
21344,24058,480000,2010-06-30
21344,45709,912000,2010-06-30
22301,197160,12000000,2010-06-30
1179484,10927,1218199,2010-06-30
1179484,2718,302963,2010-06-30
1179484,154,17215,2010-06-30
78214,1036272,21109637,2010-06-30
78214,98180,2000000,2010-06-30
78214,294540,6000000,2010-06-30
1393231,237598,4333363,2010-06-30
34088,24072,421800,2010-06-30
798354,200904,4400000,2010-06-30
39899,23424,1740231,2010-06-30
40545,112157,7777900,2010-06-30
1131399,51372,1510500,2010-06-30
354950,77414,2757898,2010-06-30
50485,21936,636600,2010-06-30
50485,172450,5000000,2010-06-30
1020882,179680,8000000,2010-06-30
200406,255287,4322500,2010-06-30
200406,116623,1974648,2010-06-30
200406,808308,13686217,2010-06-30
200406,823110,13936841,2010-06-30
200406,8526,144357,2010-06-30
200406,125916,2132000,2010-06-30
200406,33959,575000,2010-06-30
200406,268605,4548000,2010-06-30
1103982,1572606,56164484,2010-06-30
1103982,862128,30790300,2010-06-30
1103982,280000,10000000,2010-06-30
1103982,7274,259800,2010-06-30
1103982,224000,8000000,2010-06-30
60667,132730,6500000,2010-06-30
36270,395275,4653026,2010-06-30
36270,46383,546000,2010-06-30
36270,13999,164795,2010-06-30
1059556,300084,15064476,2010-06-30
1059556,313130,15719400,2010-06-30
1013871,127260,6000000,2010-06-30
1298341,187209,9150000,2010-06-30
800921,164585,3400000,2010-06-30
320187,516150,7641000,2010-06-30
80424,2314990,38596036,2010-06-30
80424,1216394,20280000,2010-06-30
80424,374275,6240000,2010-06-30
80424,374275,6240000,2010-06-30
80424,46784,780000,2010-06-30
80424,93569,1560000,2010-06-30
80424,262412,4375000,2010-06-30
1060931,321908,10827700,2010-06-30
1121404,14684,488500,2010-06-30
1121404,87058,2896133,2010-06-30
1121404,5089,169300,2010-06-30
1121404,15323,509742,2010-06-30
320335,3840,77551,2010-06-30
320335,22266,449728,2010-06-30
320335,82033,1656900,2010-06-30
320335,31672,639700,2010-06-30
36104,520918,23307300,2010-06-30
36104,464183,20768826,2010-06-30
36104,186958,8365000,2010-06-30
36104,223500,10000000,2010-06-30
36104,48589,2174000,2010-06-30
36104,39001,1745000,2010-06-30
36104,59882,2679300,2010-06-30
757011,206232,17072192,2010-06-30
809697,81307,1429200,2010-06-30
104169,1831041,38091142,2010-06-30
104169,45474,946000,2010-06-30
104889,367094,894304,2010-06-30
104889,60879,148311,2010-06-30
104889,266059,648165,2010-06-30
104889,15182,36985,2010-06-30
105598,1369329,53489420,2010-06-30
105598,323666,12643200,2010-06-30
105598,980814,38313040,2010-06-30
105598,71373,2788000,2010-06-30
105598,25600,1000000,2010-06-30
105598,4019840,157025005,2010-06-30
105598,41209,1609720,2010-06-30
105598,43520,1700000,2010-06-30
105598,20992,820000,2010-06-30
105598,563200,22000000,2010-06-30
105598,409600,16000000,2010-06-30
105598,204800,8000000,2010-06-30
105598,69120,2700000,2010-06-30
105598,51200,2000000,2010-06-30
929008,1843238,5703087,2010-06-30
922812,710720,17225400,2010-03-31
922812,329859,7994634,2010-03-31
922812,4961758,120255879,2010-03-31
922812,80172,1943100,2010-03-31
922812,57752,1399713,2010-03-31
922812,34651,839832,2010-03-31
922812,80545,1952142,2010-03-31
70858,89250,5000000,2010-03-31
10795,137315,1744128,2010-03-31
1170010,194075,7725900,2010-03-31
21344,22000,400000,2010-03-31
21344,97680,1776000,2010-03-31
21344,396308,7205600,2010-03-31
21344,2207788,40141600,2010-03-31
21344,7697008,139945600,2010-03-31
21344,502656,9139200,2010-03-31
21344,26400,480000,2010-03-31
21344,50160,912000,2010-03-31
22301,215640,12000000,2010-03-31
1179484,10477,1218199,2010-03-31
1179484,2605,302963,2010-03-31
1179484,148,17215,2010-03-31
78214,1339592,26179249,2010-03-31
78214,102340,2000000,2010-03-31
78214,307020,6000000,2010-03-31
1393231,258745,4333363,2010-03-31
34088,28252,421800,2010-03-31
39899,28749,1740231,2010-03-31
40545,141558,7777900,2010-03-31
1131399,58184,1510500,2010-03-31
354950,89218,2757898,2010-03-31
50485,22177,636600,2010-03-31
50485,174350,5000000,2010-03-31
1020882,213578,7794800,2010-03-31
200406,324253,4973200,2010-03-31
200406,880825,13509591,2010-03-31
200406,9412,144357,2010-03-31
200406,51638,792000,2010-03-31
200406,37490,575000,2010-03-31
200406,254104,3897300,2010-03-31
1103982,1744384,57684645,2010-03-31
1103982,931099,30790300,2010-03-31
1103982,302400,10000000,2010-03-31
1103982,7856,259800,2010-03-31
1103982,241920,8000000,2010-03-31
60667,157560,6500000,2010-03-31
36270,385119,4851581,2010-03-31
36270,43341,546000,2010-03-31
36270,13153,165700,2010-03-31
1059556,448168,15064476,2010-03-31
1059556,467652,15719400,2010-03-31
1013871,125400,6000000,2010-03-31
1298341,218970,9000000,2010-03-31
800921,174429,3400000,2010-03-31
320187,561613,7641000,2010-03-31
80424,2506870,39621784,2010-03-31
80424,1283116,20280000,2010-03-31
80424,394805,6240000,2010-03-31
80424,394805,6240000,2010-03-31
80424,49351,780000,2010-03-31
80424,98701,1560000,2010-03-31
80424,276806,4375000,2010-03-31
1060931,314220,10827700,2010-03-31
1121404,18250,488500,2010-03-31
1121404,108200,2896133,2010-03-31
1121404,6325,169300,2010-03-31
1121404,13076,350000,2010-03-31
320335,4130,77551,2010-03-31
320335,24065,449728,2010-03-31
320335,88661,1656900,2010-03-31
320335,34230,639700,2010-03-31
36104,603193,23307300,2010-03-31
36104,537497,20768826,2010-03-31
36104,216486,8365000,2010-03-31
36104,258800,10000000,2010-03-31
36104,56263,2174000,2010-03-31
36104,45161,1745000,2010-03-31
36104,69340,2679300,2010-03-31
757011,292959,17072192,2010-03-31
809697,92055,1429200,2010-03-31
104169,1884347,33891142,2010-03-31
104169,52598,946000,2010-03-31
104169,233520,4200000,2010-03-31
104889,397232,894304,2010-03-31
104889,65877,148311,2010-03-31
104889,287902,648165,2010-03-31
104889,16428,36985,2010-03-31
105598,1664591,53489420,2010-03-31
105598,393456,12643200,2010-03-31
105598,1192302,38313040,2010-03-31
105598,86763,2788000,2010-03-31
105598,31120,1000000,2010-03-31
105598,4674602,150212148,2010-03-31
105598,50094,1609720,2010-03-31
105598,52904,1700000,2010-03-31
105598,25518,820000,2010-03-31
105598,684640,22000000,2010-03-31
105598,497920,16000000,2010-03-31
105598,460976,14812857,2010-03-31
105598,84024,2700000,2010-03-31
105598,62240,2000000,2010-03-31
929008,2198540,5703087,2010-03-31
922812,697973,17225400,2009-12-31
922812,323943,7994634,2009-12-31
922812,4872768,120255879,2009-12-31
922812,78734,1943100,2009-12-31
922812,56716,1399713,2009-12-31
922812,34030,839832,2009-12-31
922812,79101,1952142,2009-12-31
70858,75300,5000000,2009-12-31
10795,118290,1500000,2009-12-31
315066,7571751,76777029,2009-12-31
1170010,194000,8000000,2009-12-31
21344,22800,400000,2009-12-31
21344,101232,1776000,2009-12-31
21344,410719,7205600,2009-12-31
21344,2288071,40141600,2009-12-31
21344,7976899,139945600,2009-12-31
21344,520934,9139200,2009-12-31
21344,27360,480000,2009-12-31
21344,51984,912000,2009-12-31
22301,192120,12000000,2009-12-31
1179484,12182,1218199,2009-12-31
1179484,3029,302963,2009-12-31
1179484,172,17215,2009-12-31
78214,1517358,29711330,2009-12-31
78214,102140,2000000,2009-12-31
78214,306420,6000000,2009-12-31
1393231,310879,5254000,2009-12-31
34088,28763,421800,2009-12-31
39899,32703,2202200,2009-12-31
40545,117680,7777900,2009-12-31
1131399,63819,1510500,2009-12-31
354950,79786,2757898,2009-12-31
50485,22731,636600,2009-12-31
50485,178700,5000000,2009-12-31
1020882,159320,7000000,2009-12-31
200406,320324,4973200,2009-12-31
200406,870153,13509591,2009-12-31
200406,20953,325300,2009-12-31
200406,197099,3060076,2009-12-31
200406,51012,792000,2009-12-31
200406,37036,575000,2009-12-31
200406,251025,3897300,2009-12-31
1103982,2425065,89222400,2009-12-31
1103982,836880,30790300,2009-12-31
1103982,271800,10000000,2009-12-31
1103982,7061,259800,2009-12-31
1103982,217440,8000000,2009-12-31
60667,152035,6500000,2009-12-31
36270,401565,6003360,2009-12-31
36270,36522,546000,2009-12-31
36270,11084,165700,2009-12-31
1059556,431352,16095210,2009-12-31
1059556,421280,15719400,2009-12-31
1013871,141660,6000000,2009-12-31
1298341,229590,9000000,2009-12-31
800921,164390,3400000,2009-12-31
320187,504841,7641000,2009-12-31
80424,2911963,48028411,2009-12-31
80424,1229576,20280000,2009-12-31
80424,378331,6240000,2009-12-31
80424,378331,6240000,2009-12-31
80424,47291,780000,2009-12-31
80424,94583,1560000,2009-12-31
80424,265256,4375000,2009-12-31
1060931,234704,8290500,2009-12-31
1121404,19183,488500,2009-12-31
1121404,113731,2896133,2009-12-31
1121404,6648,169300,2009-12-31
1121404,13744,350000,2009-12-31
750556,31210,1538206,2009-12-31
750556,17449,860000,2009-12-31
320335,3408,77551,2009-12-31
320335,19766,449728,2009-12-31
320335,72821,1656900,2009-12-31
320335,28115,639700,2009-12-31
86312,1363,27336,2009-12-31
36104,524647,23307300,2009-12-31
36104,467506,20768826,2009-12-31
36104,188296,8365000,2009-12-31
36104,225100,10000000,2009-12-31
36104,48937,2174000,2009-12-31
36104,39280,1745000,2009-12-31
36104,60311,2679300,2009-12-31
757011,239864,17072192,2009-12-31
809697,81993,1429200,2009-12-31
731766,35814,1175000,2009-12-31
104169,1811482,33891142,2009-12-31
104169,50564,946000,2009-12-31
104169,224490,4200000,2009-12-31
104889,393136,894304,2009-12-31
104889,65198,148311,2009-12-31
104889,284933,648165,2009-12-31
104889,16259,36985,2009-12-31
105598,1443679,53489420,2009-12-31
105598,341240,12643200,2009-12-31
105598,1034069,38313040,2009-12-31
105598,75248,2788000,2009-12-31
105598,26990,1000000,2009-12-31
105598,4054226,150212148,2009-12-31
105598,43446,1609720,2009-12-31
105598,45883,1700000,2009-12-31
105598,22132,820000,2009-12-31
105598,593780,22000000,2009-12-31
105598,431840,16000000,2009-12-31
105598,399799,14812857,2009-12-31
105598,72873,2700000,2009-12-31
105598,53980,2000000,2009-12-31
1156039,78331,1343820,2009-12-31
929008,1956159,5703087,2009-12-31
922812,697973,17225400,2009-12-31
922812,323943,7994634,2009-12-31
922812,4872768,120255879,2009-12-31
922812,78734,1943100,2009-12-31
922812,56716,1399713,2009-12-31
922812,34030,839832,2009-12-31
922812,79101,1952142,2009-12-31
70858,75300,5000000,2009-12-31
10795,118290,1500000,2009-12-31
315066,7571751,76777029,2009-12-31
1170010,194000,8000000,2009-12-31
21344,22800,400000,2009-12-31
21344,101232,1776000,2009-12-31
21344,410719,7205600,2009-12-31
21344,2288071,40141600,2009-12-31
21344,7976899,139945600,2009-12-31
21344,520934,9139200,2009-12-31
21344,27360,480000,2009-12-31
21344,51984,912000,2009-12-31
22301,192120,12000000,2009-12-31
1179484,12182,1218199,2009-12-31
1179484,3029,302963,2009-12-31
1179484,172,17215,2009-12-31
78214,1517358,29711330,2009-12-31
78214,102140,2000000,2009-12-31
78214,306420,6000000,2009-12-31
1393231,310879,5254000,2009-12-31
34088,28763,421800,2009-12-31
39899,32703,2202200,2009-12-31
40545,117680,7777900,2009-12-31
1131399,63819,1510500,2009-12-31
354950,79786,2757898,2009-12-31
50485,22731,636600,2009-12-31
50485,178700,5000000,2009-12-31
1020882,159320,7000000,2009-12-31
200406,320324,4973200,2009-12-31
200406,870153,13509591,2009-12-31
200406,20953,325300,2009-12-31
200406,197099,3060076,2009-12-31
200406,51012,792000,2009-12-31
200406,37036,575000,2009-12-31
200406,251025,3897300,2009-12-31
1103982,2425065,89222400,2009-12-31
1103982,836880,30790300,2009-12-31
1103982,271800,10000000,2009-12-31
1103982,7061,259800,2009-12-31
1103982,217440,8000000,2009-12-31
60667,152035,6500000,2009-12-31
36270,401565,6003360,2009-12-31
36270,36522,546000,2009-12-31
36270,11084,165700,2009-12-31
1059556,431352,16095210,2009-12-31
1059556,421280,15719400,2009-12-31
1013871,141660,6000000,2009-12-31
1298341,229590,9000000,2009-12-31
800921,164390,3400000,2009-12-31
320187,504841,7641000,2009-12-31
80424,2911963,48028411,2009-12-31
80424,1229576,20280000,2009-12-31
80424,378331,6240000,2009-12-31
80424,378331,6240000,2009-12-31
80424,47291,780000,2009-12-31
80424,94583,1560000,2009-12-31
80424,265256,4375000,2009-12-31
1060931,234704,8290500,2009-12-31
1121404,19183,488500,2009-12-31
1121404,113731,2896133,2009-12-31
1121404,6648,169300,2009-12-31
1121404,13744,350000,2009-12-31
750556,31210,1538206,2009-12-31
750556,17449,860000,2009-12-31
320335,3408,77551,2009-12-31
320335,19766,449728,2009-12-31
320335,72821,1656900,2009-12-31
320335,28115,639700,2009-12-31
86312,1363,27336,2009-12-31
36104,524647,23307300,2009-12-31
36104,467506,20768826,2009-12-31
36104,188296,8365000,2009-12-31
36104,225100,10000000,2009-12-31
36104,48937,2174000,2009-12-31
36104,39280,1745000,2009-12-31
36104,60311,2679300,2009-12-31
757011,239864,17072192,2009-12-31
809697,81993,1429200,2009-12-31
731766,35814,1175000,2009-12-31
104169,1811482,33891142,2009-12-31
104169,50564,946000,2009-12-31
104169,224490,4200000,2009-12-31
104889,393136,894304,2009-12-31
104889,65198,148311,2009-12-31
104889,284933,648165,2009-12-31
104889,16259,36985,2009-12-31
105598,1443679,53489420,2009-12-31
105598,341240,12643200,2009-12-31
105598,1034069,38313040,2009-12-31
105598,75248,2788000,2009-12-31
105598,26990,1000000,2009-12-31
105598,4054226,150212148,2009-12-31
105598,43446,1609720,2009-12-31
105598,45883,1700000,2009-12-31
105598,22132,820000,2009-12-31
105598,593780,22000000,2009-12-31
105598,431840,16000000,2009-12-31
105598,399799,14812857,2009-12-31
105598,72873,2700000,2009-12-31
105598,53980,2000000,2009-12-31
1156039,78331,1343820,2009-12-31
929008,1956159,5703087,2009-12-31
922812,583941,17225400,2009-09-30
922812,271018,7994634,2009-09-30
922812,4076674,120255879,2009-09-30
922812,65871,1943100,2009-09-30
922812,47450,1399713,2009-09-30
922812,28470,839832,2009-09-30
922812,66178,1952142,2009-09-30
70858,84600,5000000,2009-09-30
10795,83700,1200000,2009-09-30
315066,6129110,76777029,2009-09-30
1170010,188100,9000000,2009-09-30
21344,21480,400000,2009-09-30
21344,95371,1776000,2009-09-30
21344,386941,7205600,2009-09-30
21344,2155604,40141600,2009-09-30
21344,7515079,139945600,2009-09-30
21344,490775,9139200,2009-09-30
21344,25776,480000,2009-09-30
21344,48974,912000,2009-09-30
22301,192960,12000000,2009-09-30
1179484,10038,1218199,2009-09-30
1179484,2496,302963,2009-09-30
1179484,142,17215,2009-09-30
78214,2232266,49430168,2009-09-30
78214,90320,2000000,2009-09-30
78214,270960,6000000,2009-09-30
1393231,296221,5254000,2009-09-30
34088,58627,854490,2009-09-30
34088,28940,421800,2009-09-30
39899,43129,3447600,2009-09-30
40545,127713,7777900,2009-09-30
1131399,59680,1510500,2009-09-30
354950,73470,2757898,2009-09-30
50485,19506,636600,2009-09-30
50485,219167,7146000,2009-09-30
1020882,89902,3372200,2009-09-30
200406,302818,4973200,2009-09-30
200406,1051244,17264633,2009-09-30
200406,19807,325300,2009-09-30
200406,553320,9087200,2009-09-30
200406,48225,792000,2009-09-30
200406,35012,575000,2009-09-30
200406,237307,3897300,2009-09-30
1103982,2343872,89222400,2009-09-30
1103982,808861,30790300,2009-09-30
1103982,262700,10000000,2009-09-30
1103982,6825,259800,2009-09-30
1103982,210160,8000000,2009-09-30
60667,136110,6500000,2009-09-30
36270,374129,6003360,2009-09-30
36270,34027,546000,2009-09-30
36270,10326,165700,2009-09-30
1059556,480808,23499912,2009-09-30
1059556,321619,15719400,2009-09-30
1013871,169140,6000000,2009-09-30
1298341,184410,9000000,2009-09-30
800921,144697,3400000,2009-09-30
320187,494373,7641000,2009-09-30
702165,83332,1933000,2009-09-30
80424,3226162,55700318,2009-09-30
80424,1174618,20280000,2009-09-30
80424,361421,6240000,2009-09-30
80424,361421,6240000,2009-09-30
80424,45178,780000,2009-09-30
80424,90355,1560000,2009-09-30
80424,66069,1140692,2009-09-30
80424,253400,4375000,2009-09-30
1060931,96316,3625000,2009-09-30
1121404,18050,488500,2009-09-30
1121404,107012,2896133,2009-09-30
1121404,6256,169300,2009-09-30
1121404,12932,350000,2009-09-30
750556,50056,2219778,2009-09-30
750556,19393,860000,2009-09-30
320335,3368,77551,2009-09-30
320335,19532,449728,2009-09-30
320335,71959,1656900,2009-09-30
320335,27782,639700,2009-09-30
86312,1346,27336,2009-09-30
36104,509498,23307300,2009-09-30
36104,454006,20768826,2009-09-30
36104,182859,8365000,2009-09-30
36104,218600,10000000,2009-09-30
36104,47524,2174000,2009-09-30
36104,38146,1745000,2009-09-30
36104,58569,2679300,2009-09-30
757011,293300,17072192,2009-09-30
100885,519665,8906000,2009-09-30
100885,38044,652000,2009-09-30
809697,80707,1429200,2009-09-30
731766,85136,3400000,2009-09-30
104169,1604784,32690642,2009-09-30
104169,46439,946000,2009-09-30
104169,206178,4200000,2009-09-30
104889,418606,894304,2009-09-30
104889,69421,148311,2009-09-30
104889,303393,648165,2009-09-30
104889,17312,36985,2009-09-30
105598,1507332,53489420,2009-09-30
105598,356285,12643200,2009-09-30
105598,1079661,38313040,2009-09-30
105598,78566,2788000,2009-09-30
105598,28180,1000000,2009-09-30
105598,4043250,143479420,2009-09-30
105598,45362,1609720,2009-09-30
105598,47906,1700000,2009-09-30
105598,23108,820000,2009-09-30
105598,619960,22000000,2009-09-30
105598,450880,16000000,2009-09-30
105598,417426,14812857,2009-09-30
105598,76086,2700000,2009-09-30
105598,56360,2000000,2009-09-30
1156039,160750,3394213,2009-09-30
929008,1856355,5703087,2009-09-30
922812,583941,17225400,2009-09-30
922812,271018,7994634,2009-09-30
922812,4076674,120255879,2009-09-30
922812,65871,1943100,2009-09-30
922812,47450,1399713,2009-09-30
922812,28470,839832,2009-09-30
922812,66178,1952142,2009-09-30
70858,84600,5000000,2009-09-30
10795,83700,1200000,2009-09-30
315066,6129110,76777029,2009-09-30
1170010,188100,9000000,2009-09-30
21344,21480,400000,2009-09-30
21344,95371,1776000,2009-09-30
21344,386941,7205600,2009-09-30
21344,2155604,40141600,2009-09-30
21344,7515079,139945600,2009-09-30
21344,490775,9139200,2009-09-30
21344,25776,480000,2009-09-30
21344,48974,912000,2009-09-30
22301,192960,12000000,2009-09-30
1179484,10038,1218199,2009-09-30
1179484,2496,302963,2009-09-30
1179484,142,17215,2009-09-30
78214,2232266,49430168,2009-09-30
78214,90320,2000000,2009-09-30
78214,270960,6000000,2009-09-30
1393231,296221,5254000,2009-09-30
34088,58627,854490,2009-09-30
34088,28940,421800,2009-09-30
39899,43129,3447600,2009-09-30
40545,127713,7777900,2009-09-30
1131399,59680,1510500,2009-09-30
354950,73470,2757898,2009-09-30
50485,19506,636600,2009-09-30
50485,219167,7146000,2009-09-30
1020882,89902,3372200,2009-09-30
200406,302818,4973200,2009-09-30
200406,1051244,17264633,2009-09-30
200406,19807,325300,2009-09-30
200406,553320,9087200,2009-09-30
200406,48225,792000,2009-09-30
200406,35012,575000,2009-09-30
200406,237307,3897300,2009-09-30
1103982,2343872,89222400,2009-09-30
1103982,808861,30790300,2009-09-30
1103982,262700,10000000,2009-09-30
1103982,6825,259800,2009-09-30
1103982,210160,8000000,2009-09-30
60667,136110,6500000,2009-09-30
36270,374129,6003360,2009-09-30
36270,34027,546000,2009-09-30
36270,10326,165700,2009-09-30
1059556,480808,23499912,2009-09-30
1059556,321619,15719400,2009-09-30
1013871,169140,6000000,2009-09-30
1298341,184410,9000000,2009-09-30
800921,144697,3400000,2009-09-30
320187,494373,7641000,2009-09-30
702165,83332,1933000,2009-09-30
80424,3226162,55700318,2009-09-30
80424,1174618,20280000,2009-09-30
80424,361421,6240000,2009-09-30
80424,361421,6240000,2009-09-30
80424,45178,780000,2009-09-30
80424,90355,1560000,2009-09-30
80424,66069,1140692,2009-09-30
80424,253400,4375000,2009-09-30
1060931,96316,3625000,2009-09-30
1121404,18050,488500,2009-09-30
1121404,107012,2896133,2009-09-30
1121404,6256,169300,2009-09-30
1121404,12932,350000,2009-09-30
750556,50056,2219778,2009-09-30
750556,19393,860000,2009-09-30
320335,3368,77551,2009-09-30
320335,19532,449728,2009-09-30
320335,71959,1656900,2009-09-30
320335,27782,639700,2009-09-30
86312,1346,27336,2009-09-30
36104,509498,23307300,2009-09-30
36104,454006,20768826,2009-09-30
36104,182859,8365000,2009-09-30
36104,218600,10000000,2009-09-30
36104,47524,2174000,2009-09-30
36104,38146,1745000,2009-09-30
36104,58569,2679300,2009-09-30
757011,293300,17072192,2009-09-30
100885,519665,8906000,2009-09-30
100885,38044,652000,2009-09-30
809697,80707,1429200,2009-09-30
731766,85136,3400000,2009-09-30
104169,1604784,32690642,2009-09-30
104169,46439,946000,2009-09-30
104169,206178,4200000,2009-09-30
104889,418606,894304,2009-09-30
104889,69421,148311,2009-09-30
104889,303393,648165,2009-09-30
104889,17312,36985,2009-09-30
105598,1507332,53489420,2009-09-30
105598,356285,12643200,2009-09-30
105598,1079661,38313040,2009-09-30
105598,78566,2788000,2009-09-30
105598,28180,1000000,2009-09-30
105598,4043250,143479420,2009-09-30
105598,45362,1609720,2009-09-30
105598,47906,1700000,2009-09-30
105598,23108,820000,2009-09-30
105598,619960,22000000,2009-09-30
105598,450880,16000000,2009-09-30
105598,417426,14812857,2009-09-30
105598,76086,2700000,2009-09-30
105598,56360,2000000,2009-09-30
1156039,160750,3394213,2009-09-30
929008,1856355,5703087,2009-09-30
34088,59737,854490,2009-06-30
922812,400318,17225400,2009-06-30
922812,185795,7994634,2009-06-30
922812,2794747,120255879,2009-06-30
922812,45158,1943100,2009-06-30
922812,32529,1399713,2009-06-30
922812,19518,839832,2009-06-30
922812,45368,1952142,2009-06-30
70858,66000,5000000,2009-06-30
10795,85572,1200000,2009-06-30
315066,5646183,76777029,2009-06-30
1170010,132320,9000000,2009-06-30
21344,19196,400000,2009-06-30
21344,85230,1776000,2009-06-30
21344,345797,7205600,2009-06-30
21344,1926395,40141600,2009-06-30
21344,6715989,139945600,2009-06-30
21344,438590,9139200,2009-06-30
21344,23035,480000,2009-06-30
21344,43767,912000,2009-06-30
22301,169200,12000000,2009-06-30
1179484,9136,1218199,2009-06-30
1179484,2272,302963,2009-06-30
1179484,129,17215,2009-06-30
78214,2375791,56485759,2009-06-30
78214,84120,2000000,2009-06-30
78214,252360,6000000,2009-06-30
1393231,240528,5254000,2009-06-30
31277,89220,2000000,2009-06-30
39899,12308,3447600,2009-06-30
40545,91157,7777900,2009-06-30
1131399,53381,1510500,2009-06-30
354950,65169,2757898,2009-06-30
50485,13292,636600,2009-06-30
50485,149351,7146000,2009-06-30
1020882,96951,3372200,2009-06-30
200406,282477,4973200,2009-06-30
200406,980631,17264633,2009-06-30
200406,18477,325300,2009-06-30
200406,516153,9087200,2009-06-30
200406,44986,792000,2009-06-30
200406,32660,575000,2009-06-30
200406,221367,3897300,2009-06-30
1103982,2260896,89222400,2009-06-30
1103982,780226,30790300,2009-06-30
1103982,253400,10000000,2009-06-30
1103982,6583,259800,2009-06-30
1103982,202720,8000000,2009-06-30
60667,126165,6500000,2009-06-30
36270,305751,6003360,2009-06-30
36270,27808,546000,2009-06-30
36270,8439,165700,2009-06-30
1059556,850594,32280600,2009-06-30
1059556,414206,15719400,2009-06-30
1013871,186912,7200000,2009-06-30
1298341,151560,9000000,2009-06-30
320187,395651,7641000,2009-06-30
702165,72816,1933000,2009-06-30
80424,2846286,55700318,2009-06-30
80424,1036308,20280000,2009-06-30
80424,318864,6240000,2009-06-30
80424,318864,6240000,2009-06-30
80424,39858,780000,2009-06-30
80424,79716,1560000,2009-06-30
80424,58289,1140692,2009-06-30
80424,223562,4375000,2009-06-30
1121404,14405,488500,2009-06-30
1121404,85407,2896133,2009-06-30
1121404,4993,169300,2009-06-30
1121404,10321,350000,2009-06-30
750556,38569,2344600,2009-06-30
750556,14147,860000,2009-06-30
320335,2872,77551,2009-06-30
320335,16658,449728,2009-06-30
320335,61372,1656900,2009-06-30
320335,23694,639700,2009-06-30
36104,417667,23307300,2009-06-30
36104,372177,20768826,2009-06-30
36104,149901,8365000,2009-06-30
36104,179200,10000000,2009-06-30
36104,38958,2174000,2009-06-30
36104,31270,1745000,2009-06-30
36104,48013,2679300,2009-06-30
757011,171917,17072192,2009-06-30
100885,463646,8906000,2009-06-30
100885,33943,652000,2009-06-30
809697,71446,1429200,2009-06-30
731766,84932,3400000,2009-06-30
1390844,47790,2700000,2009-06-30
104169,920278,18998300,2009-06-30
104169,45824,946000,2009-06-30
104889,314956,894304,2009-06-30
104889,52232,148311,2009-06-30
104889,228271,648165,2009-06-30
104889,13025,36985,2009-06-30
105598,1297653,53489420,2009-06-30
105598,306724,12643200,2009-06-30
105598,929474,38313040,2009-06-30
105598,67637,2788000,2009-06-30
105598,24260,1000000,2009-06-30
105598,3385382,139545832,2009-06-30
105598,39052,1609720,2009-06-30
105598,41242,1700000,2009-06-30
105598,19893,820000,2009-06-30
105598,533720,22000000,2009-06-30
105598,388160,16000000,2009-06-30
105598,194080,8000000,2009-06-30
105598,65502,2700000,2009-06-30
105598,48520,2000000,2009-06-30
1156039,178115,3500000,2009-06-30
929008,1659598,5703087,2009-06-30
922812,234782,17225400,2009-03-31
922812,108967,7994634,2009-03-31
922812,1639088,120255879,2009-03-31
922812,26484,1943100,2009-03-31
922812,19078,1399713,2009-03-31
922812,11447,839832,2009-03-31
922812,26608,1952142,2009-03-31
70858,34100,5000000,2009-03-31
315066,4618138,76777029,2009-03-31
1170010,149280,12000000,2009-03-31
21344,17580,400000,2009-03-31
21344,78055,1776000,2009-03-31
21344,316686,7205600,2009-03-31
21344,1764223,40141600,2009-03-31
21344,6150609,139945600,2009-03-31
21344,401668,9139200,2009-03-31
21344,21096,480000,2009-03-31
21344,40082,912000,2009-03-31
22301,154440,12000000,2009-03-31
1179484,8649,1218199,2009-03-31
1179484,2151,302963,2009-03-31
1179484,122,17215,2009-03-31
78214,2476012,63228096,2009-03-31
78214,78320,2000000,2009-03-31
78214,234960,6000000,2009-03-31
1004440,306351,14828207,2009-03-31
1393231,243365,5254000,2009-03-31
31277,117952,3200000,2009-03-31
39899,7585,3447600,2009-03-31
40545,78365,7777900,2009-03-31
1131399,46931,1510500,2009-03-31
354950,87172,3700000,2009-03-31
50485,8777,636600,2009-03-31
50485,98615,7146000,2009-03-31
1020882,74762,3372200,2009-03-31
200406,227364,4322500,2009-03-31
200406,710604,13509591,2009-03-31
200406,17111,325300,2009-03-31
200406,477987,9087200,2009-03-31
200406,41659,792000,2009-03-31
200406,30245,575000,2009-03-31
200406,204998,3897300,2009-03-31
1103982,1988767,89222400,2009-03-31
1103982,686316,30790300,2009-03-31
1103982,222900,10000000,2009-03-31
1103982,5791,259800,2009-03-31
1103982,178320,8000000,2009-03-31
60667,118625,6500000,2009-03-31
36270,271592,6003360,2009-03-31
36270,24701,546000,2009-03-31
36270,7496,165700,2009-03-31
1059556,739871,32280600,2009-03-31
1059556,360289,15719400,2009-03-31
1013871,126720,7200000,2009-03-31
1298341,117630,9000000,2009-03-31
320187,358286,7641000,2009-03-31
702165,65239,1933000,2009-03-31
80424,2622928,55700318,2009-03-31
80424,954985,20280000,2009-03-31
80424,293842,6240000,2009-03-31
80424,293842,6240000,2009-03-31
80424,36730,780000,2009-03-31
80424,73460,1560000,2009-03-31
80424,53715,1140692,2009-03-31
80424,206019,4375000,2009-03-31
1121404,13644,488500,2009-03-31
1121404,80889,2896133,2009-03-31
1121404,4729,169300,2009-03-31
1121404,9775,350000,2009-03-31
750556,27526,2344600,2009-03-31
750556,10096,860000,2009-03-31
320335,2034,77551,2009-03-31
320335,11796,449728,2009-03-31
320335,43460,1656900,2009-03-31
320335,16779,639700,2009-03-31
36104,340520,23307300,2009-03-31
36104,303432,20768826,2009-03-31
36104,122213,8365000,2009-03-31
36104,146100,10000000,2009-03-31
36104,31762,2174000,2009-03-31
36104,25494,1745000,2009-03-31
36104,39144,2679300,2009-03-31
757011,129919,17072192,2009-03-31
100885,366126,8906000,2009-03-31
100885,26804,652000,2009-03-31
809697,70345,1429200,2009-03-31
731766,94185,4500000,2009-03-31
1390844,33237,2700000,2009-03-31
104169,989811,18998300,2009-03-31
104169,49287,946000,2009-03-31
104889,319356,894304,2009-03-31
104889,52962,148311,2009-03-31
104889,231460,648165,2009-03-31
104889,13207,36985,2009-03-31
105598,761689,53489420,2009-03-31
105598,180039,12643200,2009-03-31
105598,545578,38313040,2009-03-31
105598,39701,2788000,2009-03-31
105598,14240,1000000,2009-03-31
105598,1987133,139545832,2009-03-31
105598,22922,1609720,2009-03-31
105598,24208,1700000,2009-03-31
105598,11677,820000,2009-03-31
105598,313280,22000000,2009-03-31
105598,227840,16000000,2009-03-31
105598,113920,8000000,2009-03-31
105598,38448,2700000,2009-03-31
105598,28480,2000000,2009-03-31
1156039,181394,4777300,2009-03-31
929008,1574052,5703087,2009-03-31
922812,319531,17225400,2008-12-31
922812,148300,7994634,2008-12-31
922812,2230747,120255879,2008-12-31
922812,36045,1943100,2008-12-31
922812,25965,1399713,2008-12-31
922812,15579,839832,2008-12-31
922812,36212,1952142,2008-12-31
70858,70400,5000000,2008-12-31
315066,5306440,70089829,2008-12-31
1170010,138976,17636500,2008-12-31
21344,18108,400000,2008-12-31
21344,80400,1776000,2008-12-31
21344,326198,7205600,2008-12-31
21344,1817210,40141600,2008-12-31
21344,6335337,139945600,2008-12-31
21344,413731,9139200,2008-12-31
21344,21730,480000,2008-12-31
21344,41286,912000,2008-12-31
22301,193800,12000000,2008-12-31
1179484,9502,1218199,2008-12-31
1179484,2363,302963,2008-12-31
1179484,134,17215,2008-12-31
78214,3724227,71896273,2008-12-31
78214,103600,2000000,2008-12-31
78214,310800,6000000,2008-12-31
1004440,499224,19897322,2008-12-31
1393231,275835,5254000,2008-12-31
31277,159072,3200000,2008-12-31
39899,27581,3447600,2008-12-31
40545,126002,7777900,2008-12-31
1131399,56296,1510500,2008-12-31
354950,85174,3700000,2008-12-31
50485,11045,636600,2008-12-31
50485,123983,7146000,2008-12-31
1020882,83395,3372200,2008-12-31
200406,258615,4322500,2008-12-31
200406,808279,13509591,2008-12-31
200406,19463,325300,2008-12-31
200406,543687,9087200,2008-12-31
200406,47385,792000,2008-12-31
200406,34402,575000,2008-12-31
1103982,2395621,89222400,2008-12-31
1103982,826720,30790300,2008-12-31
1103982,268500,10000000,2008-12-31
1103982,6976,259800,2008-12-31
1103982,214800,8000000,2008-12-31
60667,139880,6500000,2008-12-31
36270,344653,6003360,2008-12-31
36270,31346,546000,2008-12-31
36270,9513,165700,2008-12-31
1059556,648517,32280600,2008-12-31
1059556,315803,15719400,2008-12-31
1013871,167976,7200000,2008-12-31
1298341,100849,8739100,2008-12-31
320187,389691,7641000,2008-12-31
702165,90948,1933000,2008-12-31
80424,3443394,55700318,2008-12-31
80424,1253710,20280000,2008-12-31
80424,385756,6240000,2008-12-31
80424,385756,6240000,2008-12-31
80424,48220,780000,2008-12-31
80424,96439,1560000,2008-12-31
80424,70518,1140692,2008-12-31
80424,270462,4375000,2008-12-31
1121404,15710,488500,2008-12-31
1121404,93140,2896133,2008-12-31
1121404,5445,169300,2008-12-31
1121404,11250,350000,2008-12-31
750556,69259,2344600,2008-12-31
750556,25404,860000,2008-12-31
320335,3467,77551,2008-12-31
320335,20102,449728,2008-12-31
320335,74063,1656900,2008-12-31
320335,28595,639700,2008-12-31
36104,582916,23307300,2008-12-31
36104,519428,20768826,2008-12-31
36104,209209,8365000,2008-12-31
36104,250100,10000000,2008-12-31
36104,54372,2174000,2008-12-31
36104,43642,1745000,2008-12-31
36104,29794,1191300,2008-12-31
757011,137260,17072192,2008-12-31
100885,425707,8906000,2008-12-31
809697,78835,1429200,2008-12-31
731766,167580,6300000,2008-12-31
1390844,42633,2700000,2008-12-31
104169,1065045,18998300,2008-12-31
104169,53033,946000,2008-12-31
104889,349002,894304,2008-12-31
104889,57878,148311,2008-12-31
104889,252946,648165,2008-12-31
104889,14433,36985,2008-12-31
105598,1576868,53489420,2008-12-31
105598,372722,12643200,2008-12-31
105598,1129468,38313040,2008-12-31
105598,82190,2788000,2008-12-31
105598,29480,1000000,2008-12-31
105598,3808270,129181488,2008-12-31
105598,47455,1609720,2008-12-31
105598,50116,1700000,2008-12-31
105598,24174,820000,2008-12-31
105598,589600,20000000,2008-12-31
105598,471680,16000000,2008-12-31
105598,235840,8000000,2008-12-31
105598,77596,2700000,2008-12-31
105598,58960,2000000,2008-12-31
1156039,201268,4777300,2008-12-31
929008,1641919,5703087,2008-12-31
922812,610296,17225400,2008-09-30
922812,283250,7994634,2008-09-30
922812,4260666,120255879,2008-09-30
922812,68844,1943100,2008-09-30
922812,49592,1399713,2008-09-30
922812,29755,839832,2008-09-30
922812,69164,1952142,2008-09-30
310569,885794,13652800,2008-09-30
310569,12470,192200,2008-09-30
70858,175000,5000000,2008-09-30
315066,5895686,63785418,2008-09-30
1170010,258217,18444100,2008-09-30
21344,21152,400000,2008-09-30
21344,93915,1776000,2008-09-30
21344,381032,7205600,2008-09-30
21344,2122688,40141600,2008-09-30
21344,7400323,139945600,2008-09-30
21344,483281,9139200,2008-09-30
21344,25382,480000,2008-09-30
21344,48227,912000,2008-09-30
22301,236640,12000000,2008-09-30
1179484,11585,1218199,2008-09-30
1179484,2881,302963,2008-09-30
1179484,164,17215,2008-09-30
78214,5563762,75955800,2008-09-30
78214,146500,2000000,2008-09-30
78214,439500,6000000,2008-09-30
1393231,341142,5254000,2008-09-30
31277,163411,2908700,2008-09-30
39899,58299,3447600,2008-09-30
40545,198336,7777900,2008-09-30
1131399,65646,1510500,2008-09-30
354950,95793,3700000,2008-09-30
50485,19824,636600,2008-09-30
50485,155850,5000000,2008-09-30
1020882,82315,3372200,2008-09-30
200406,299463,4322500,2008-09-30
200406,1404049,20266300,2008-09-30
200406,1828032,26386148,2008-09-30
200406,22537,325300,2008-09-30
200406,629561,9087200,2008-09-30
200406,54870,792000,2008-09-30
200406,39836,575000,2008-09-30
1103982,2922034,89222400,2008-09-30
1103982,1008382,30790300,2008-09-30
1103982,327500,10000000,2008-09-30
1103982,8508,259800,2008-09-30
1103982,262000,8000000,2008-09-30
60667,153985,6500000,2008-09-30
36270,535800,6003360,2008-09-30
36270,48730,546000,2008-09-30
36270,14789,165700,2008-09-30
1059556,1097540,32280600,2008-09-30
1059556,534460,15719400,2008-09-30
1013871,123750,5000000,2008-09-30
320187,511183,7641000,2008-09-30
702165,127984,1933000,2008-09-30
80424,4076865,58500000,2008-09-30
80424,1515897,21752000,2008-09-30
80424,434866,6240000,2008-09-30
80424,498597,7154500,2008-09-30
80424,54358,780000,2008-09-30
80424,108716,1560000,2008-09-30
80424,382284,5485500,2008-09-30
80424,304894,4375000,2008-09-30
1121404,16057,488500,2008-09-30
1121404,95196,2896133,2008-09-30
1121404,5565,169300,2008-09-30
1121404,11505,350000,2008-09-30
750556,105484,2344600,2008-09-30
750556,38691,860000,2008-09-30
320335,4638,77551,2008-09-30
320335,26894,449728,2008-09-30
320335,99083,1656900,2008-09-30
320335,38254,639700,2008-09-30
36104,839529,23307300,2008-09-30
36104,942086,26154526,2008-09-30
36104,301307,8365000,2008-09-30
36104,360200,10000000,2008-09-30
36104,78307,2174000,2008-09-30
36104,62855,1745000,2008-09-30
36104,42910,1191300,2008-09-30
757011,437048,17072192,2008-09-30
100885,633751,8906000,2008-09-30
809697,89882,1429200,2008-09-30
731766,161986,6379900,2008-09-30
1390844,95958,2700000,2008-09-30
104169,1137808,18998300,2008-09-30
104169,56656,946000,2008-09-30
104889,497913,894304,2008-09-30
104889,82574,148311,2008-09-30
104889,360872,648165,2008-09-30
104889,20592,36985,2008-09-30
105598,2007458,53489420,2008-09-30
105598,474499,12643200,2008-09-30
105598,1437888,38313040,2008-09-30
105598,104634,2788000,2008-09-30
105598,37530,1000000,2008-09-30
105598,4854291,129344288,2008-09-30
105598,60413,1609720,2008-09-30
105598,63801,1700000,2008-09-30
105598,30775,820000,2008-09-30
105598,750600,20000000,2008-09-30
105598,600480,16000000,2008-09-30
105598,300240,8000000,2008-09-30
105598,101331,2700000,2008-09-30
105598,75060,2000000,2008-09-30
1156039,223424,4777300,2008-09-30
929008,2036002,5703087,2008-09-30
78214,5633950,59688000,2008-06-30
922812,648880,17225400,2008-06-30
922812,301157,7994634,2008-06-30
922812,4530039,120255879,2008-06-30
922812,73196,1943100,2008-06-30
922812,52727,1399713,2008-06-30
922812,31636,839832,2008-06-30
922812,73537,1952142,2008-06-30
310569,848112,13652800,2008-06-30
310569,11939,192200,2008-06-30
70858,217217,9100000,2008-06-30
315066,6371525,63785418,2008-06-30
1170010,302247,21300000,2008-06-30
21344,20792,400000,2008-06-30
21344,92316,1776000,2008-06-30
21344,374547,7205600,2008-06-30
21344,2086560,40141600,2008-06-30
21344,7274373,139945600,2008-06-30
21344,475056,9139200,2008-06-30
21344,24950,480000,2008-06-30
21344,47406,912000,2008-06-30
22301,225120,12000000,2008-06-30
1179484,11630,1217795,2008-06-30
1179484,2892,302862,2008-06-30
1179484,164,17209,2008-06-30
1393231,368516,5254000,2008-06-30
39899,74709,3447600,2008-06-30
40545,207592,7777900,2008-06-30
1131399,66794,1510500,2008-06-30
354950,97919,4181000,2008-06-30
50485,23805,636600,2008-06-30
50485,187150,5000000,2008-06-30
1020882,89532,3372200,2008-06-30
200406,278110,4322500,2008-06-30
200406,1303934,20266300,2008-06-30
200406,1697685,26386148,2008-06-30
200406,20930,325300,2008-06-30
200406,584670,9087200,2008-06-30
200406,50957,792000,2008-06-30
200406,36995,575000,2008-06-30
1103982,2538377,89222400,2008-06-30
1103982,875984,30790300,2008-06-30
1103982,284500,10000000,2008-06-30
1103982,7391,259800,2008-06-30
1103982,227600,8000000,2008-06-30
60667,145250,7000000,2008-06-30
36270,423477,6003360,2008-06-30
36270,38515,546000,2008-06-30
36270,11688,165700,2008-06-30
1059556,1111744,32280600,2008-06-30
1059556,541376,15719400,2008-06-30
1013871,138914,3238100,2008-06-30
320187,455480,7641000,2008-06-30
702165,121141,1933000,2008-06-30
80424,3557385,58500000,2008-06-30
80424,1322739,21752000,2008-06-30
80424,379454,6240000,2008-06-30
80424,435065,7154500,2008-06-30
80424,47432,780000,2008-06-30
80424,94864,1560000,2008-06-30
80424,333573,5485500,2008-06-30
80424,266044,4375000,2008-06-30
1121404,16232,488500,2008-06-30
1121404,96238,2896133,2008-06-30
1121404,5626,169300,2008-06-30
1121404,11631,350000,2008-06-30
750556,84921,2344600,2008-06-30
750556,31149,860000,2008-06-30
320335,4548,77551,2008-06-30
320335,26377,449728,2008-06-30
320335,97177,1656900,2008-06-30
320335,37518,639700,2008-06-30
36104,650041,23307300,2008-06-30
36104,785757,28173426,2008-06-30
36104,233300,8365000,2008-06-30
36104,135721,4866300,2008-06-30
36104,60633,2174000,2008-06-30
36104,48668,1745000,2008-06-30
757011,504825,17072192,2008-06-30
100885,672403,8906000,2008-06-30
809697,87853,1429200,2008-06-30
731766,168000,6400000,2008-06-30
1390844,125442,2700000,2008-06-30
104169,1067704,18998300,2008-06-30
104169,53165,946000,2008-06-30
104889,524867,894304,2008-06-30
104889,87044,148311,2008-06-30
104889,380408,648165,2008-06-30
104889,21706,36985,2008-06-30
105598,1270374,53489420,2008-06-30
105598,300276,12643200,2008-06-30
105598,909935,38313040,2008-06-30
105598,66215,2788000,2008-06-30
105598,23750,1000000,2008-06-30
105598,3077798,129591488,2008-06-30
105598,38231,1609720,2008-06-30
105598,40375,1700000,2008-06-30
105598,19475,820000,2008-06-30
105598,475000,20000000,2008-06-30
105598,380000,16000000,2008-06-30
105598,190000,8000000,2008-06-30
105598,64125,2700000,2008-06-30
105598,47500,2000000,2008-06-30
1156039,228768,4800000,2008-06-30
929008,2181431,5703087,2008-06-30
922812,753094,17225400,2008-03-31
922812,349525,7994634,2008-03-31
922812,5257587,120255879,2008-03-31
922812,84952,1943100,2008-03-31
922812,61195,1399713,2008-03-31
922812,36717,839832,2008-03-31
922812,85348,1952142,2008-03-31
310569,1678354,35371000,2008-03-31
310569,9120,192200,2008-03-31
70858,344981,9100000,2008-03-31
315066,5882291,63785418,2008-03-31
1170010,413646,21300000,2008-03-31
21344,24348,400000,2008-03-31
21344,108105,1776000,2008-03-31
21344,438605,7205600,2008-03-31
21344,2443419,40141600,2008-03-31
21344,8518489,139945600,2008-03-31
21344,556303,9139200,2008-03-31
21344,29218,480000,2008-03-31
21344,55513,912000,2008-03-31
22301,227640,12000000,2008-03-31
1179484,11813,1217795,2008-03-31
1179484,2938,302862,2008-03-31
1179484,167,17209,2008-03-31
78214,1334338,17508700,2008-03-31
1393231,341352,5254000,2008-03-31
39899,100153,3447600,2008-03-31
40545,287860,7777900,2008-03-31
1131399,64091,1510500,2008-03-31
354950,116943,4181000,2008-03-31
50485,28353,636600,2008-03-31
50485,13374,300000,2008-03-31
1020882,89161,3372200,2008-03-31
200406,280401,4322500,2008-03-31
200406,1314675,20266300,2008-03-31
200406,1711669,26386148,2008-03-31
200406,21102,325300,2008-03-31
200406,589487,9087200,2008-03-31
200406,51377,792000,2008-03-31
200406,37300,575000,2008-03-31
1103982,2766787,89222400,2008-03-31
1103982,954807,30790300,2008-03-31
1103982,310100,10000000,2008-03-31
1103982,8056,259800,2008-03-31
1103982,248080,8000000,2008-03-31
60667,160580,7000000,2008-03-31
36270,483150,6003360,2008-03-31
36270,43942,546000,2008-03-31
36270,13336,165700,2008-03-31
1059556,1124333,32280600,2008-03-31
1059556,547507,15719400,2008-03-31
320187,519588,7641000,2008-03-31
702165,105001,1933000,2008-03-31
80424,4099095,58500000,2008-03-31
80424,1524163,21752000,2008-03-31
80424,437237,6240000,2008-03-31
80424,501316,7154500,2008-03-31
80424,54655,780000,2008-03-31
80424,109309,1560000,2008-03-31
80424,384369,5485500,2008-03-31
80424,306556,4375000,2008-03-31
1121404,18338,488500,2008-03-31
1121404,96813,2578933,2008-03-31
1121404,6356,169300,2008-03-31
1121404,13139,350000,2008-03-31
750556,129281,2344600,2008-03-31
750556,47420,860000,2008-03-31
320335,4662,77551,2008-03-31
320335,27033,449728,2008-03-31
320335,99596,1656900,2008-03-31
320335,38452,639700,2008-03-31
836102,500397,10901900,2008-03-31
36104,754224,23307300,2008-03-31
36104,911692,28173426,2008-03-31
36104,270691,8365000,2008-03-31
36104,157473,4866300,2008-03-31
36104,70351,2174000,2008-03-31
36104,56468,1745000,2008-03-31
757011,628598,17072192,2008-03-31
100885,558317,4453000,2008-03-31
809697,104360,1429200,2008-03-31
731766,219904,6400000,2008-03-31
1390844,123174,2700000,2008-03-31
104169,1000830,18998300,2008-03-31
104169,49835,946000,2008-03-31
104889,591582,894304,2008-03-31
104889,98108,148311,2008-03-31
104889,428761,648165,2008-03-31
104889,24466,36985,2008-03-31
105598,1556542,53489420,2008-03-31
105598,367917,12643200,2008-03-31
105598,1114909,38313040,2008-03-31
105598,81131,2788000,2008-03-31
105598,29100,1000000,2008-03-31
105598,3771112,129591488,2008-03-31
105598,46842,1609720,2008-03-31
105598,49470,1700000,2008-03-31
105598,23862,820000,2008-03-31
105598,582000,20000000,2008-03-31
105598,465600,16000000,2008-03-31
105598,232806,8000000,2008-03-31
105598,78570,2700000,2008-03-31
105598,58200,2000000,2008-03-31
1156039,211824,4800000,2008-03-31
929008,2304047,5703087,2008-03-31
1103982,2452829,69583800,2007-06-30
1103982,3192665,92514200,2007-09-30
1103982,161738,4686700,2007-09-30
1103982,345100,10000000,2007-09-30
922812,896065,17225400,2007-12-31
922812,415881,7994634,2007-12-31
922812,6255711,120255879,2007-12-31
922812,101080,1943100,2007-12-31
922812,72813,1399713,2007-12-31
922812,43688,839832,2007-12-31
922812,101550,1952142,2007-12-31
820027,15428,279942,2007-12-31
820027,21041,381800,2007-12-31
310569,1861378,35371000,2007-12-31
310569,10060,192200,2007-12-31
70858,375466,9100000,2007-12-31
315066,5062783,60828818,2007-12-31
1170010,414750,21000000,2007-12-31
21344,24548,400000,2007-12-31
21344,108993,1776000,2007-12-31
21344,442208,7205600,2007-12-31
21344,2463490,40141600,2007-12-31
21344,8588461,139945600,2007-12-31
21344,560873,9139200,2007-12-31
21344,29458,480000,2007-12-31
21344,55969,912000,2007-12-31
22301,217440,12000000,2007-12-31
1179484,11094,1217795,2007-12-31
1179484,2759,302862,2007-12-31
1179484,157,17209,2007-12-31
78214,1546018,17508700,2007-12-31
1393231,366519,5254000,2007-12-31
39899,134456,3447600,2007-12-31
40545,288321,7777900,2007-12-31
1131399,76114,1510500,2007-12-31
354950,112636,4181000,2007-12-31
50485,29555,636600,2007-12-31
1020882,172658,4663900,2007-12-31
200406,288311,4322500,2007-12-31
200406,1351762,20266300,2007-12-31
200406,1759956,26386148,2007-12-31
200406,21698,325300,2007-12-31
200406,606116,9087200,2007-12-31
200406,52826,792000,2007-12-31
200406,38352,575000,2007-12-31
1103982,2757698,84514200,2007-12-31
1103982,966494,29619800,2007-12-31
1103982,326300,10000000,2007-12-31
1103982,8477,259800,2007-12-31
1103982,261040,8000000,2007-12-31
60667,158340,7000000,2007-12-31
36270,489180,5997060,2007-12-31
36270,44537,546000,2007-12-31
36270,13516,165700,2007-12-31
1059556,1152417,32280600,2007-12-31
1059556,561183,15719400,2007-12-31
320187,490858,7641000,2007-12-31
702165,97500,1933000,2007-12-31
80424,4295070,58500000,2007-12-31
80424,1597032,21752000,2007-12-31
80424,458141,6240000,2007-12-31
80424,525283,7154500,2007-12-31
80424,57268,780000,2007-12-31
80424,114535,1560000,2007-12-31
80424,402745,5485500,2007-12-31
80424,321212,4375000,2007-12-31
1121404,22241,488500,2007-12-31
1121404,116653,2562105,2007-12-31
1121404,7708,169300,2007-12-31
1121404,15935,350000,2007-12-31
750556,146514,2344600,2007-12-31
750556,53741,860000,2007-12-31
320335,4694,77551,2007-12-31
320335,27222,449728,2007-12-31
320335,100292,1656900,2007-12-31
320335,38721,639700,2007-12-31
836102,512054,10962400,2007-12-31
36104,739774,23307300,2007-12-31
36104,894225,28173426,2007-12-31
36104,265505,8365000,2007-12-31
36104,121158,3817200,2007-12-31
36104,69003,2174000,2007-12-31
36104,55386,1745000,2007-12-31
757011,611014,17072192,2007-12-31
100885,559386,4453000,2007-12-31
809697,101073,1429200,2007-12-31
731766,349200,6000000,2007-12-31
1390844,135243,2700000,2007-12-31
104169,902989,18998300,2007-12-31
104169,44963,946000,2007-12-31
104889,707779,894304,2007-12-31
104889,117378,148311,2007-12-31
104889,512971,648165,2007-12-31
104889,29271,36985,2007-12-31
105598,1614846,53489420,2007-12-31
105598,381698,12643200,2007-12-31
105598,1156671,38313040,2007-12-31
105598,84170,2788000,2007-12-31
105598,30190,1000000,2007-12-31
105598,3882328,128596488,2007-12-31
105598,36521,1209720,2007-12-31
105598,51323,1700000,2007-12-31
105598,24756,820000,2007-12-31
105598,603800,20000000,2007-12-31
105598,483040,16000000,2007-12-31
105598,241520,8000000,2007-12-31
105598,81513,2700000,2007-12-31
105598,60380,2000000,2007-12-31
1156039,394785,4500000,2007-12-31
929008,2281235,5703087,2007-12-31
922812,1022672,17225400,2007-09-30
922812,474642,7994634,2007-09-30
922812,7139592,120255879,2007-09-30
922812,115362,1943100,2007-09-30
922812,83101,1399713,2007-09-30
922812,49861,839832,2007-09-30
922812,115899,1952142,2007-09-30
836102,390480,10962400,2007-09-30
820027,13992,221706,2007-09-30
820027,24526,388620,2007-09-30
820027,17667,279942,2007-09-30
820027,10600,167966,2007-09-30
820027,24640,390428,2007-09-30
310569,1777804,35563200,2007-09-30
70858,457457,9100000,2007-09-30
315066,4300468,52981000,2007-09-30
1170010,284250,13981800,2007-09-30
21344,22788,400000,2007-09-30
21344,102068,1776000,2007-09-30
21344,414106,7205600,2007-09-30
21344,2306938,40141600,2007-09-30
21344,8042674,139945600,2007-09-30
21344,525230,9139200,2007-09-30
21344,27586,480000,2007-09-30
21344,52413,912000,2007-09-30
22301,287519,12000000,2007-09-30
1179484,1815,1217795,2007-09-30
1179484,451,302862,2007-09-30
1179484,26,17209,2007-09-30
78214,1536739,17508700,2007-09-30
1393231,322438,5254000,2007-09-30
29924,378785,6344804,2007-09-30
39899,150660,3447600,2007-09-30
40545,322005,7777900,2007-09-30
354950,135632,4181000,2007-09-30
50485,34643,636600,2007-09-30
1020882,275778,9047850,2007-09-30
200406,321766,4897500,2007-09-30
200406,1383530,21058300,2007-09-30
200406,1733570,26386148,2007-09-30
200406,11707,178200,2007-09-30
200406,597029,9087200,2007-09-30
60667,196140,7000000,2007-09-30
36270,620396,5997060,2007-09-30
36270,56484,546000,2007-09-30
36270,17142,165700,2007-09-30
1059556,1626942,32280600,2007-09-30
1059556,792258,15719400,2007-09-30
320187,448221,7641000,2007-09-30
702165,100342,1933000,2007-09-30
80424,4114890,58500000,2007-09-30
80424,1530036,21752000,2007-09-30
80424,438922,6240000,2007-09-30
80424,503248,7154500,2007-09-30
80424,54865,780000,2007-09-30
80424,109730,1560000,2007-09-30
80424,385850,5485500,2007-09-30
80424,307737,4375000,2007-09-30
1121404,20722,488500,2007-09-30
1121404,107021,2522885,2007-09-30
1121404,7182,169300,2007-09-30
1121404,14847,350000,2007-09-30
750556,177416,2344600,2007-09-30
750556,65076,860000,2007-09-30
320335,4833,77551,2007-09-30
320335,28027,449728,2007-09-30
320335,103258,1656900,2007-09-30
320335,39866,639700,2007-09-30
36104,828907,25481300,2007-09-30
36104,916482,28173426,2007-09-30
36104,328878,10110000,2007-09-30
36104,56134,1725600,2007-09-30
757011,641061,17072192,2007-09-30
100885,503456,4453000,2007-09-30
809697,107333,1429200,2007-09-30
731766,290580,6000000,2007-09-30
1084887,126225,2700000,2007-09-30
104169,829276,18998300,2007-09-30
104169,41293,946000,2007-09-30
104889,717947,894304,2007-09-30
104889,119064,148311,2007-09-30
104889,520347,648165,2007-09-30
104889,29692,36985,2007-09-30
105598,1788983,50224120,2007-09-30
105598,264236,7418200,2007-09-30
105598,1364710,38313040,2007-09-30
105598,99309,2788000,2007-09-30
105598,182374,5120000,2007-09-30
105598,4580607,128596488,2007-09-30
105598,43090,1209720,2007-09-30
105598,60554,1700000,2007-09-30
105598,10686,300000,2007-09-30
105598,712400,20000000,2007-09-30
105598,569920,16000000,2007-09-30
105598,284960,8000000,2007-09-30
1156039,355140,4500000,2007-09-30
929008,2269829,5703087,2007-09-30
702165,197511,3757100,2007-06-30
100885,853400,7411200,2007-06-30
922812,1053850,17225400,2007-06-30
922812,489112,7994634,2007-06-30
922812,7357255,120255879,2007-06-30
922812,118879,1943100,2007-06-30
922812,85634,1399713,2007-06-30
922812,51381,839832,2007-06-30
922812,119432,1952142,2007-06-30
836102,652478,11062700,2007-06-30
820027,82044,1290606,2007-06-30
820027,24705,388620,2007-06-30
820027,17796,279942,2007-06-30
820027,10678,167966,2007-06-30
820027,24819,390428,2007-06-30
310569,1854977,35563200,2007-06-30
70858,425343,8700000,2007-06-30
315066,1226436,14404930,2007-06-30
315066,1983796,23300400,2007-06-30
315066,112564,1322100,2007-06-30
21344,20924,400000,2007-06-30
21344,92903,1776000,2007-06-30
21344,376925,7205600,2007-06-30
21344,2099807,40141600,2007-06-30
21344,7320554,139945600,2007-06-30
21344,478072,9139200,2007-06-30
21344,25109,480000,2007-06-30
21344,47707,912000,2007-06-30
22301,335520,12000000,2007-06-30
1179484,12872,1206369,2007-06-30
1179484,3201,300028,2007-06-30
1179484,182,17049,2007-06-30
78214,1408141,17938100,2007-06-30
1393231,307464,5254000,2007-06-30
29924,159814,2781800,2007-06-30
4962,326700,10000000,2007-06-30
39899,189446,3447600,2007-06-30
40545,297738,7777900,2007-06-30
354950,164522,4181000,2007-06-30
1160497,34866,636600,2007-06-30
1020882,236420,9047850,2007-06-30
200406,301784,4897500,2007-06-30
200406,1297612,21058300,2007-06-30
200406,1115497,18102848,2007-06-30
200406,559953,9087200,2007-06-30
60667,214830,7000000,2007-06-30
36270,641086,5997060,2007-06-30
36270,58367,546000,2007-06-30
36270,17713,165700,2007-06-30
1059556,2007853,32280600,2007-06-30
1059556,977747,15719400,2007-06-30
320187,466320,8000000,2007-06-30
1108329,10839,72900,2007-06-30
1108329,87141,586100,2007-06-30
80424,3579615,58500000,2007-06-30
80424,1294279,21151800,2007-06-30
80424,381826,6240000,2007-06-30
80424,437784,7154500,2007-06-30
80424,47728,780000,2007-06-30
80424,95456,1560000,2007-06-30
80424,335658,5485500,2007-06-30
80424,267706,4375000,2007-06-30
1121404,19672,488500,2007-06-30
1121404,101597,2522885,2007-06-30
1121404,6817,169300,2007-06-30
1121404,14095,350000,2007-06-30
1052045,61809,3998000,2007-06-30
750556,201026,2344600,2007-06-30
750556,73736,860000,2007-06-30
320335,5196,77551,2007-06-30
320335,30132,449728,2007-06-30
320335,111012,1656900,2007-06-30
320335,42860,639700,2007-06-30
833444,213222,6310200,2007-06-30
36104,839609,25481300,2007-06-30
36104,324855,9859026,2007-06-30
36104,57498,1745000,2007-06-30
757011,837220,17072192,2007-06-30
809697,104332,1429200,2007-06-30
731766,245472,4800000,2007-06-30
104169,914008,18998300,2007-06-30
104169,45512,946000,2007-06-30
104889,694060,894304,2007-06-30
104889,115103,148311,2007-06-30
104889,503034,648165,2007-06-30
104889,28704,36985,2007-06-30
105598,1766382,50224120,2007-06-30
105598,71859,2043200,2007-06-30
105598,1347470,38313040,2007-06-30
105598,98054,2788000,2007-06-30
105598,180070,5120000,2007-06-30
105598,3938245,111977388,2007-06-30
105598,42546,1209720,2007-06-30
105598,59789,1700000,2007-06-30
105598,10551,300000,2007-06-30
105598,703400,20000000,2007-06-30
105598,562720,16000000,2007-06-30
105598,281360,8000000,2007-06-30
1156039,335286,4200000,2007-06-30
929008,2195688,5703087,2007-06-30
1365135,66656,3200000,2007-06-30
922812,971513,17225400,2007-03-31
922812,450897,7994634,2007-03-31
922812,6782432,120255879,2007-03-31
922812,109591,1943100,2007-03-31
922812,78944,1399713,2007-03-31
922812,47366,839832,2007-03-31
922812,110101,1952142,2007-03-31
836102,586544,11062700,2007-03-31
820027,83172,1455580,2007-03-31
820027,91363,1598926,2007-03-31
820027,22206,388620,2007-03-31
820027,15996,279942,2007-03-31
820027,9598,167966,2007-03-31
820027,22309,390428,2007-03-31
310569,1794519,35563200,2007-03-31
12659,26233,1246800,2007-03-31
315066,806301,10024876,2007-03-31
315066,1874051,23300400,2007-03-31
315066,106337,1322100,2007-03-31
21344,19200,400000,2007-03-31
21344,85248,1776000,2007-03-31
21344,345869,7205600,2007-03-31
21344,1926797,40141600,2007-03-31
21344,6717389,139945600,2007-03-31
21344,438682,9139200,2007-03-31
21344,23040,480000,2007-03-31
21344,43776,912000,2007-03-31
22301,305640,12000000,2007-03-31
1179484,12064,1206369,2007-03-31
1179484,3000,300028,2007-03-31
1179484,170,17049,2007-03-31
78214,1226069,17938100,2007-03-31
1393231,282875,5254000,2007-03-31
4962,269000,10000000,2007-03-31
39899,194065,3447600,2007-03-31
40545,275027,7777900,2007-03-31
354950,153610,4181000,2007-03-31
1160497,27583,636600,2007-03-31
1020882,236420,9047850,2007-03-31
200406,260474,4322500,2007-03-31
200406,1221247,20266300,2007-03-31
200406,903273,14989600,2007-03-31
200406,547595,9087200,2007-03-31
60667,220430,7000000,2007-03-31
36270,694639,5997060,2007-03-31
36270,63243,546000,2007-03-31
36270,19193,165700,2007-03-31
1059556,2003334,32280600,2007-03-31
1059556,975546,15719400,2007-03-31
320187,425040,4000000,2007-03-31
702165,26661,526900,2007-03-31
702165,295297,5835900,2007-03-31
1108329,8536,72900,2007-03-31
1108329,68626,586100,2007-03-31
278130,10250,1483400,2007-03-31
80424,3694860,58500000,2007-03-31
80424,1280885,20280000,2007-03-31
80424,394118,6240000,2007-03-31
80424,451878,7154500,2007-03-31
80424,49265,780000,2007-03-31
80424,98530,1560000,2007-03-31
80424,346464,5485500,2007-03-31
1121404,21255,488500,2007-03-31
1121404,7427,170700,2007-03-31
1121404,7366,169300,2007-03-31
1052045,61529,3998000,2007-03-31
750556,194696,2344600,2007-03-31
750556,71414,860000,2007-03-31
320335,5087,77551,2007-03-31
320335,29498,449728,2007-03-31
320335,108676,1656900,2007-03-31
320335,41958,639700,2007-03-31
833444,315500,10000000,2007-03-31
36104,815056,23307300,2007-03-31
757011,796930,17072192,2007-03-31
100885,1067605,10513100,2007-03-31
809697,100187,1429200,2007-03-31
731766,54104,1021400,2007-03-31
104169,891970,18998300,2007-03-31
104169,44415,946000,2007-03-31
104889,682801,894304,2007-03-31
104889,113235,148311,2007-03-31
104889,494874,648165,2007-03-31
104889,28238,36985,2007-03-31
105598,1549898,45015920,2007-03-31
105598,70347,2043200,2007-03-31
105598,1319118,38313040,2007-03-31
105598,95991,2788000,2007-03-31
105598,176282,5120000,2007-03-31
105598,3159118,91754820,2007-03-31
105598,41651,1209720,2007-03-31
105598,58531,1700000,2007-03-31
105598,10329,300000,2007-03-31
105598,688600,20000000,2007-03-31
105598,550880,16000000,2007-03-31
105598,275440,8000000,2007-03-31
1156039,79454,979700,2007-03-31
929008,2623420,5703087,2007-03-31
1365135,216603,9868000,2007-03-31
315066,73234,997200,2006-09-30
702165,141920,3221800,2006-09-30
100885,277649,3155100,2006-09-30
315066,1186422,16074000,2006-12-31
702165,198882,3954700,2006-12-31
100885,755595,8211200,2006-12-31
922812,1045065,17225400,2006-12-31
922812,485034,7994634,2006-12-31
922812,7295924,120255879,2006-12-31
922812,117888,1943100,2006-12-31
922812,84921,1399713,2006-12-31
922812,50953,839832,2006-12-31
922812,118436,1952142,2006-12-31
836102,507225,11062700,2006-12-31
820027,187757,3445080,2006-12-31
820027,87141,1598926,2006-12-31
820027,108982,1999675,2006-12-31
820027,21180,388620,2006-12-31
820027,15257,279942,2006-12-31
820027,9154,167966,2006-12-31
820027,21278,390428,2006-12-31
310569,1791736,36417400,2006-12-31
12659,94773,4113400,2006-12-31
21344,19300,400000,2006-12-31
21344,85692,1776000,2006-12-31
21344,347670,7205600,2006-12-31
21344,1936832,40141600,2006-12-31
21344,6752375,139945600,2006-12-31
21344,440966,9139200,2006-12-31
21344,23160,480000,2006-12-31
21344,44004,912000,2006-12-31
22301,335040,8000000,2006-12-31
1179484,11448,1206369,2006-12-31
1179484,2847,300028,2006-12-31
1179484,162,17049,2006-12-31
78214,1290646,17938100,2006-12-31
1393231,277779,5254000,2006-12-31
4962,255200,10000000,2006-12-31
39899,208442,3447600,2006-12-31
40545,289416,7777900,2006-12-31
36104,683510,22134400,2006-06-30
36104,186264,6107000,2006-03-31
36104,774269,23307300,2006-09-30
922812,966000,17225400,2006-09-30
922812,448339,7994634,2006-09-30
922812,6743950,120255879,2006-09-30
922812,108969,1943100,2006-09-30
922812,78496,1399713,2006-09-30
922812,47098,839832,2006-09-30
922812,109476,1952142,2006-09-30
836102,464301,11062700,2006-09-30
820027,161574,3445080,2006-09-30
820027,74990,1598926,2006-09-30
820027,609023,12985575,2006-09-30
820027,18226,388620,2006-09-30
820027,13129,279942,2006-09-30
820027,7878,167966,2006-09-30
820027,18311,390428,2006-09-30
310569,1730191,36417400,2006-09-30
12659,238510,10971000,2006-09-30
21344,17872,400000,2006-09-30
21344,79352,1776000,2006-09-30
21344,321946,7205600,2006-09-30
21344,1793527,40141600,2006-09-30
21344,6252769,139945600,2006-09-30
21344,408339,9139200,2006-09-30
21344,21446,480000,2006-09-30
21344,40748,912000,2006-09-30
22301,408966,11110200,2006-09-30
1179484,16744,1206369,2006-09-30
1179484,4164,300028,2006-09-30
1179484,237,17049,2006-09-30
78214,1067855,17938100,2006-09-30
1393231,261019,5254000,2006-09-30
4962,228700,10000000,2006-09-30
39899,195927,3447600,2006-09-30
40545,274560,7777900,2006-09-30
354950,151645,4181000,2006-09-30
1020882,259010,6031900,2006-09-30
200406,280703,4322500,2006-09-30
200406,1316094,20266300,2006-09-30
60667,196420,7000000,2006-09-30
36270,719407,5997060,2006-09-30
36270,65498,546000,2006-09-30
36270,19877,165700,2006-09-30
1059556,2110506,32280600,2006-09-30
1059556,1027734,15719400,2006-09-30
320187,350480,4000000,2006-09-30
874691,57674,1818800,2006-09-30
1108329,7848,72900,2006-09-30
1108329,63094,586100,2006-09-30
278130,24412,3290000,2006-09-30
80424,3625830,58500000,2006-09-30
80424,1256954,20280000,2006-09-30
80424,386755,6240000,2006-09-30
80424,443436,7154500,2006-09-30
80424,48344,780000,2006-09-30
80424,96689,1560000,2006-09-30
80424,339991,5485500,2006-09-30
1121404,21724,488500,2006-09-30
88204,36677,677700,2006-09-30
1052045,44818,3998000,2006-09-30
750556,181190,2344600,2006-09-30
750556,66461,860000,2006-09-30
27419,41200,745700,2006-09-30
320335,4894,77551,2006-09-30
320335,28382,449728,2006-09-30
320335,104567,1656900,2006-09-30
320335,40371,639700,2006-09-30
833444,279900,10000000,2006-09-30
757011,785615,16700992,2006-09-30
809697,102817,1429200,2006-09-30
104169,936996,18998300,2006-09-30
104169,46657,946000,2006-09-30
104889,659102,894304,2006-09-30
104889,109305,148311,2006-09-30
104889,477698,648165,2006-09-30
104889,27258,36985,2006-09-30
105598,1441658,39846820,2006-09-30
105598,73922,2043200,2006-09-30
105598,1187614,32825140,2006-09-30
105598,100870,2788000,2006-09-30
105598,185242,5120000,2006-09-30
105598,2778939,76808720,2006-09-30
105598,43768,1209720,2006-09-30
105598,61506,1700000,2006-09-30
105598,10854,300000,2006-09-30
105598,723600,20000000,2006-09-30
105598,289440,8000000,2006-09-30
929008,2492249,5703087,2006-09-30
1365135,191300,10000000,2006-09-30
27419,268785,5500000,2006-06-30
200406,259004,4322500,2006-06-30
200406,1214357,20266300,2006-06-30
200406,116663,1970000,2006-03-31
922812,916736,17225400,2006-06-30
922812,425474,7994634,2006-06-30
922812,6400018,120255879,2006-06-30
922812,103412,1943100,2006-06-30
922812,74493,1399713,2006-06-30
922812,44696,839832,2006-06-30
922812,103893,1952142,2006-06-30
836102,478683,11062700,2006-06-30
820027,153892,3445080,2006-06-30
820027,71424,1598926,2006-06-30
820027,788478,17651175,2006-06-30
820027,17360,388620,2006-06-30
820027,12505,279942,2006-06-30
820027,7503,167966,2006-06-30
820027,17440,390428,2006-06-30
310569,1984444,43528052,2006-06-30
12659,271682,11386500,2006-06-30
21344,17208,400000,2006-06-30
21344,76404,1776000,2006-06-30
21344,309985,7205600,2006-06-30
21344,1726892,40141600,2006-06-30
21344,6020460,139945600,2006-06-30
21344,393168,9139200,2006-06-30
21344,20650,480000,2006-06-30
21344,39234,912000,2006-06-30
22301,364192,11110200,2006-06-30
1179484,16744,1206369,2006-06-30
1179484,4164,300028,2006-06-30
1179484,237,17049,2006-06-30
78214,1175484,17938100,2006-06-30
1393231,306161,5254000,2006-06-30
4962,450400,10000000,2006-06-30
39899,192824,3447600,2006-06-30
40545,256360,7777900,2006-06-30
354950,149638,4181000,2006-06-30
1020882,187823,5024700,2006-06-30
60667,23661,390000,2006-06-30
36270,707173,5997060,2006-06-30
36270,64384,546000,2006-06-30
36270,19539,165700,2006-06-30
1059556,1758001,32280600,2006-06-30
1059556,856079,15719400,2006-06-30
320187,200443,2474600,2006-06-30
874691,62930,1818800,2006-06-30
1108329,7871,72900,2006-06-30
1108329,63281,586100,2006-06-30
278130,22964,3290000,2006-06-30
80424,3252600,58500000,2006-06-30
80424,1127568,20280000,2006-06-30
80424,346944,6240000,2006-06-30
80424,397790,7154500,2006-06-30
80424,43368,780000,2006-06-30
80424,86736,1560000,2006-06-30
80424,304994,5485500,2006-06-30
1121404,23790,488500,2006-06-30
88204,35295,677700,2006-06-30
1052045,41299,3998000,2006-06-30
750556,178799,2344600,2006-06-30
750556,65584,860000,2006-06-30
320335,4709,77551,2006-06-30
320335,27307,449728,2006-06-30
320335,100607,1656900,2006-06-30
320335,38843,639700,2006-06-30
833444,275000,10000000,2006-06-30
757011,474045,6500000,2006-06-30
809697,117666,1429200,2006-06-30
104169,915148,18998300,2006-06-30
104169,45569,946000,2006-06-30
104889,697566,894304,2006-06-30
104889,115684,148311,2006-06-30
104889,505575,648165,2006-06-30
104889,28849,36985,2006-06-30
105598,1336462,19923410,2006-06-30
105598,68529,1021600,2006-06-30
105598,1100955,16412570,2006-06-30
105598,93510,1394000,2006-06-30
105598,171725,2560000,2006-06-30
105598,2576164,38404360,2006-06-30
105598,40574,604860,2006-06-30
105598,57018,850000,2006-06-30
105598,10062,150000,2006-06-30
105598,670800,10000000,2006-06-30
105598,268320,4000000,2006-06-30
929008,2172876,5703087,2006-06-30
78214,559273,9612800,2005-12-31
922812,905195,17225400,2006-03-31
922812,420118,7994634,2006-03-31
922812,6319446,120255879,2006-03-31
922812,102110,1943100,2006-03-31
922812,73555,1399713,2006-03-31
922812,44133,839832,2006-03-31
922812,102585,1952142,2006-03-31
836102,474147,11062700,2006-03-31
820027,155235,3445080,2006-03-31
820027,72048,1598926,2006-03-31
820027,795362,17651175,2006-03-31
820027,17511,388620,2006-03-31
820027,12614,279942,2006-03-31
820027,7569,167966,2006-03-31
820027,17593,390428,2006-03-31
310569,1875644,43854200,2006-03-31
12659,347723,16061100,2006-03-31
21344,16748,400000,2006-03-31
21344,74361,1776000,2006-03-31
21344,301698,7205600,2006-03-31
21344,1680728,40141600,2006-03-31
21344,5859522,139945600,2006-03-31
21344,382658,9139200,2006-03-31
21344,20098,480000,2006-03-31
21344,38185,912000,2006-03-31
22301,290198,11110200,2006-03-31
1179484,14947,1206369,2006-03-31
1179484,3717,300028,2006-03-31
1179484,211,17049,2006-03-31
78214,1132791,17938100,2006-03-31
1393231,284557,5254000,2006-03-31
4962,468200,10000000,2006-03-31
39899,206580,3447600,2006-03-31
39911,186800,10000000,2006-03-31
40545,270515,7777900,2006-03-31
354950,176856,4181000,2006-03-31
1020882,141910,3483300,2006-03-31
745448,114408,2521100,2006-03-31
60667,25132,390000,2006-03-31
36270,684504,5997060,2006-03-31
36270,62320,546000,2006-03-31
36270,18913,165700,2006-03-31
1059556,2306772,32280600,2006-03-31
1059556,1123308,15719400,2006-03-31
320187,210588,2474600,2006-03-31
874691,80027,1818800,2006-03-31
1108329,7651,72900,2006-03-31
1108329,61511,586100,2006-03-31
278130,38197,3290000,2006-03-31
80424,3371355,58500000,2006-03-31
80424,1168736,20280000,2006-03-31
80424,359611,6240000,2006-03-31
80424,412314,7154500,2006-03-31
80424,44951,780000,2006-03-31
80424,89903,1560000,2006-03-31
80424,316129,5485500,2006-03-31
88204,42702,737900,2006-03-31
1052045,57523,4384400,2006-03-31
750556,170593,2344600,2006-03-31
750556,62574,860000,2006-03-31
320335,4428,77551,2006-03-31
320335,25679,449728,2006-03-31
320335,94609,1656900,2006-03-31
320335,36527,639700,2006-03-31
833444,268800,10000000,2006-03-31
757011,617240,6500000,2006-03-31
809697,113450,1429200,2006-03-31
104169,897480,18998300,2006-03-31
104169,44689,946000,2006-03-31
104889,694651,894304,2006-03-31
104889,115201,148311,2006-03-31
104889,503462,648165,2006-03-31
104889,28728,36985,2006-03-31
105598,1265910,19820110,2006-03-31
105598,65250,1021600,2006-03-31
105598,970509,15195070,2006-03-31
105598,89035,1394000,2006-03-31
105598,163503,2560000,2006-03-31
105598,2452886,38404360,2006-03-31
105598,38632,604860,2006-03-31
105598,54289,850000,2006-03-31
105598,9581,150000,2006-03-31
105598,638700,10000000,2006-03-31
105598,164823,2580600,2006-03-31
929008,2275532,5703087,2006-03-31
922812,886419,17225400,2005-12-31
922812,411404,7994634,2005-12-31
922812,6188368,120255879,2005-12-31
922812,99992,1943100,2005-12-31
922812,72029,1399713,2005-12-31
922812,43218,839832,2005-12-31
922812,100457,1952142,2005-12-31
836102,419391,10497900,2005-12-31
820027,141248,3445080,2005-12-31
820027,65556,1598926,2005-12-31
820027,986098,24051175,2005-12-31
820027,15933,388620,2005-12-31
820027,11478,279942,2005-12-31
820027,6887,167966,2005-12-31
820027,16008,390428,2005-12-31
310569,1883976,43854200,2005-12-31
12659,455110,18538100,2005-12-31
21344,16124,400000,2005-12-31
21344,71591,1776000,2005-12-31
21344,290458,7205600,2005-12-31
21344,1618108,40141600,2005-12-31
21344,5641207,139945600,2005-12-31
21344,368401,9139200,2005-12-31
21344,19349,480000,2005-12-31
21344,36763,912000,2005-12-31
22301,285421,11110200,2005-12-31
1179484,21651,1202832,2005-12-31
1179484,5385,299148,2005-12-31
1179484,306,16998,2005-12-31
1393231,259915,5254000,2005-12-31
4962,430100,10000000,2005-12-31
39899,208821,3447600,2005-12-31
39911,176400,10000000,2005-12-31
354950,202400,5000000,2005-12-31
1020882,166718,3948800,2005-12-31
745448,134490,3000000,2005-12-31
60667,25997,390000,2005-12-31
36270,653979,5997060,2005-12-31
36270,59541,546000,2005-12-31
36270,18070,165700,2005-12-31
1059556,1982674,32280600,2005-12-31
1059556,965486,15719400,2005-12-31
89439,21511,784500,2005-12-31
320187,214771,2474600,2005-12-31
874691,75680,1818800,2005-12-31
1108329,5975,72900,2005-12-31
1108329,48037,586100,2005-12-31
278130,28722,3290000,2005-12-31
80424,3385980,58500000,2005-12-31
80424,1173806,20280000,2005-12-31
80424,361171,6240000,2005-12-31
80424,414102,7154500,2005-12-31
80424,45146,780000,2005-12-31
80424,90293,1560000,2005-12-31
80424,317501,5485500,2005-12-31
88204,53676,955600,2005-12-31
1052045,67059,5611600,2005-12-31
750556,170593,2344600,2005-12-31
750556,62574,860000,2005-12-31
320335,4312,77551,2005-12-31
320335,25005,449728,2005-12-31
320335,92124,1656900,2005-12-31
320335,35567,639700,2005-12-31
833444,288600,10000000,2005-12-31
757011,422500,6500000,2005-12-31
104169,889120,18998300,2005-12-31
104169,44273,946000,2005-12-31
104889,684143,894304,2005-12-31
104889,113458,148311,2005-12-31
104889,495846,648165,2005-12-31
104889,28294,36985,2005-12-31
105598,1034955,16472310,2005-12-31
105598,64187,1021600,2005-12-31
105598,954706,15195070,2005-12-31
105598,87585,1394000,2005-12-31
105598,62830,1000000,2005-12-31
105598,2412946,38404360,2005-12-31
105598,38003,604860,2005-12-31
105598,53406,850000,2005-12-31
105598,9424,150000,2005-12-31
105598,628300,10000000,2005-12-31
929008,2195688,5703087,2005-12-31
105598,755705,12902590,2005-09-30
105598,59835,1021600,2005-09-30
105598,497146,8488070,2005-09-30
105598,81647,1394000,2005-09-30
105598,58570,1000000,2005-09-30
105598,2249343,38404360,2005-09-30
105598,35427,604860,2005-09-30
105598,49784,850000,2005-09-30
105598,8786,150000,2005-09-30
105598,585700,10000000,2005-09-30
105598,585700,10000000,2005-09-30
922812,886419,17225400,2005-12-31
922812,411404,7994634,2005-12-31
922812,6188368,120255879,2005-12-31
922812,99992,1943100,2005-12-31
922812,72029,1399713,2005-12-31
922812,43218,839832,2005-12-31
922812,100457,1952142,2005-12-31
836102,419391,10497900,2005-12-31
820027,141248,3445080,2005-12-31
820027,65556,1598926,2005-12-31
820027,986098,24051175,2005-12-31
820027,15933,388620,2005-12-31
820027,11478,279942,2005-12-31
820027,6887,167966,2005-12-31
820027,16008,390428,2005-12-31
310569,1883976,43854200,2005-12-31
12659,455110,18538100,2005-12-31
21344,16124,400000,2005-12-31
21344,71591,1776000,2005-12-31
21344,290458,7205600,2005-12-31
21344,1618108,40141600,2005-12-31
21344,5641207,139945600,2005-12-31
21344,368401,9139200,2005-12-31
21344,19349,480000,2005-12-31
21344,36763,912000,2005-12-31
22301,285421,11110200,2005-12-31
1179484,21651,1202832,2005-12-31
1179484,5385,299148,2005-12-31
1179484,306,16998,2005-12-31
1393231,259915,5254000,2005-12-31
4962,430100,10000000,2005-12-31
39899,208821,3447600,2005-12-31
39911,176400,10000000,2005-12-31
354950,202400,5000000,2005-12-31
1020882,166718,3948800,2005-12-31
745448,134490,3000000,2005-12-31
60667,25997,390000,2005-12-31
36270,653979,5997060,2005-12-31
36270,59541,546000,2005-12-31
36270,18070,165700,2005-12-31
1059556,1982674,32280600,2005-12-31
1059556,965486,15719400,2005-12-31
89439,21511,784500,2005-12-31
320187,214771,2474600,2005-12-31
874691,75680,1818800,2005-12-31
1108329,5975,72900,2005-12-31
1108329,48037,586100,2005-12-31
278130,28722,3290000,2005-12-31
80424,3385980,58500000,2005-12-31
80424,1173806,20280000,2005-12-31
80424,361171,6240000,2005-12-31
80424,414102,7154500,2005-12-31
80424,45146,780000,2005-12-31
80424,90293,1560000,2005-12-31
80424,317501,5485500,2005-12-31
88204,53676,955600,2005-12-31
1052045,67059,5611600,2005-12-31
750556,170593,2344600,2005-12-31
750556,62574,860000,2005-12-31
320335,4312,77551,2005-12-31
320335,25005,449728,2005-12-31
320335,92124,1656900,2005-12-31
320335,35567,639700,2005-12-31
833444,288600,10000000,2005-12-31
757011,422500,6500000,2005-12-31
104169,889120,18998300,2005-12-31
104169,44273,946000,2005-12-31
104889,684143,894304,2005-12-31
104889,113458,148311,2005-12-31
104889,495846,648165,2005-12-31
104889,28294,36985,2005-12-31
105598,1034955,16472310,2005-12-31
105598,64187,1021600,2005-12-31
105598,954706,15195070,2005-12-31
105598,87585,1394000,2005-12-31
105598,62830,1000000,2005-12-31
105598,2412946,38404360,2005-12-31
105598,38003,604860,2005-12-31
105598,53406,850000,2005-12-31
105598,9424,150000,2005-12-31
105598,628300,10000000,2005-12-31
929008,2195688,5703087,2005-12-31
12659,637030,10917400,2005-06-30
320335,4048,77551,2005-06-30
320335,23476,449728,2005-06-30
320335,63162,1210000,2005-06-30
320335,33392,639700,2005-06-30
12659,449898,18761400,2005-09-30
320335,4097,77551,2005-09-30
320335,23759,449728,2005-09-30
320335,77602,1468900,2005-09-30
320335,33795,639700,2005-09-30
310569,481595,9493300,2004-12-31
310569,1924361,44711000,2005-09-30
104169,832505,18998300,2005-09-30
104169,41454,946000,2005-09-30
310569,2129173,46539300,2005-06-30
104169,754200,15647300,2005-06-30
310569,1920641,40528400,2005-03-31
922812,866093,17225400,2005-09-30
922812,401970,7994634,2005-09-30
922812,6046465,120255879,2005-09-30
922812,97699,1943100,2005-09-30
922812,70378,1399713,2005-09-30
922812,42227,839832,2005-09-30
922812,98154,1952142,2005-09-30
836102,488677,10497900,2005-09-30
820027,123333,3445080,2005-09-30
820027,57242,1598926,2005-09-30
820027,861032,24051175,2005-09-30
820027,13913,388620,2005-09-30
820027,10022,279942,2005-09-30
820027,6013,167966,2005-09-30
820027,13977,390428,2005-09-30
21344,17276,400000,2005-09-30
21344,76705,1776000,2005-09-30
21344,311210,7205600,2005-09-30
21344,1733716,40141600,2005-09-30
21344,6044251,139945600,2005-09-30
21344,394722,9139200,2005-09-30
21344,20731,480000,2005-09-30
21344,39389,912000,2005-09-30
22301,319752,11110200,2005-09-30
1179484,21050,1202832,2005-09-30
1179484,5235,299148,2005-09-30
1179484,297,16998,2005-09-30
1393231,226395,5254000,2005-09-30
4962,345000,8625000,2005-09-30
39899,237298,3447600,2005-09-30
39911,269019,15434243,2005-09-30
41499,3492000,60000000,2005-09-30
41499,1210560,20800000,2005-09-30
41499,372480,6400000,2005-09-30
41499,372480,6400000,2005-09-30
41499,46560,800000,2005-09-30
41499,93120,1600000,2005-09-30
41499,289836,4980000,2005-09-30
354950,190700,5000000,2005-09-30
1020882,183500,5000000,2005-09-30
745448,61050,1000000,2005-09-30
60667,25116,390000,2005-09-30
36270,633949,5997060,2005-09-30
36270,57718,546000,2005-09-30
36270,17516,165700,2005-09-30
1059556,1648893,32280600,2005-09-30
1059556,802947,15719400,2005-09-30
89439,23654,851800,2005-09-30
320187,202125,2474600,2005-09-30
874691,66568,1818800,2005-09-30
1108329,6078,72900,2005-09-30
1108329,48863,586100,2005-09-30
278130,37078,3290000,2005-09-30
80424,37460,630000,2005-09-30
88204,52837,1113300,2005-09-30
1052045,75981,5611600,2005-09-30
932872,148918,7101500,2005-09-30
750556,162832,2344600,2005-09-30
750556,59727,860000,2005-09-30
833444,278500,10000000,2005-09-30
757011,446680,6500000,2005-09-30
104889,717679,894304,2005-09-30
104889,119020,148311,2005-09-30
104889,520152,648165,2005-09-30
104889,29680,36985,2005-09-30
929008,1951026,5703087,2005-09-30
922812,916908,17225400,2005-06-30
922812,425554,7994634,2005-06-30
922812,6401220,120255879,2005-06-30
922812,103431,1943100,2005-06-30
922812,74507,1399713,2005-06-30
922812,44704,839832,2005-06-30
922812,103913,1952142,2005-06-30
836102,440072,10497900,2005-06-30
21344,16700,400000,2005-06-30
21344,74148,1776000,2005-06-30
21344,300834,7205600,2005-06-30
21344,1675912,40141600,2005-06-30
21344,5842729,139945600,2005-06-30
21344,381562,9139200,2005-06-30
21344,20040,480000,2005-06-30
21344,38075,912000,2005-06-30
22301,299500,10000000,2005-06-30
1179484,18042,1202832,2005-06-30
1179484,4487,299148,2005-06-30
1179484,255,16998,2005-06-30
1393231,235011,5254000,2005-06-30
931336,13233,375500,2005-06-30
4962,346208,8625000,2005-06-30
39899,245228,3447600,2005-06-30
39911,304826,15434243,2005-06-30
41499,3037800,60000000,2005-06-30
41499,1053104,20800000,2005-06-30
41499,324032,6400000,2005-06-30
41499,324032,6400000,2005-06-30
41499,40504,800000,2005-06-30
41499,81008,1600000,2005-06-30
41499,252137,4980000,2005-06-30
354950,36760,945000,2005-06-30
1020882,155100,5000000,2005-06-30
745448,64830,1000000,2005-06-30
60667,22706,390000,2005-06-30
36270,630651,5997060,2005-06-30
36270,57417,546000,2005-06-30
36270,17425,165700,2005-06-30
1059556,1451336,32280600,2005-06-30
1059556,706744,15719400,2005-06-30
89439,23084,851800,2005-06-30
320187,214300,2474600,2005-06-30
874691,82283,1818800,2005-06-30
1108329,5355,72900,2005-06-30
1108329,43049,586100,2005-06-30
278130,113520,8000000,2005-06-30
80424,33232,630000,2005-06-30
88204,55431,1113300,2005-06-30
1052045,75195,5611600,2005-06-30
932872,456940,22000000,2005-06-30
750556,169374,2344600,2005-06-30
750556,62126,860000,2005-06-30
833444,146000,5000000,2005-06-30
757011,276250,6500000,2005-06-30
104889,746771,894304,2005-06-30
104889,123844,148311,2005-06-30
104889,541237,648165,2005-06-30
104889,30884,36985,2005-06-30
105598,794541,12902590,2005-06-30
105598,62910,1021600,2005-06-30
105598,7449,120970,2005-06-30
105598,85843,1394000,2005-06-30
105598,61580,1000000,2005-06-30
105598,2364940,38404360,2005-06-30
105598,37247,604860,2005-06-30
105598,52343,850000,2005-06-30
105598,9237,150000,2005-06-30
929008,2053111,5703087,2005-06-30
750556,287055,4076900,2004-09-30
750556,60553,860000,2004-09-30
750556,173219,2344600,2004-12-31
750556,63537,860000,2004-12-31
750556,168975,2344600,2005-03-31
750556,61980,860000,2005-03-31
922812,884869,17225400,2005-03-31
922812,410684,7994634,2005-03-31
922812,6177545,120255879,2005-03-31
922812,99817,1943100,2005-03-31
922812,71903,1399713,2005-03-31
922812,43142,839832,2005-03-31
922812,100282,1952142,2005-03-31
836102,487942,10497900,2005-03-31
12659,683381,13510900,2005-03-31
21344,16668,400000,2005-03-31
21344,74006,1776000,2005-03-31
21344,300257,7205600,2005-03-31
21344,1672701,40141600,2005-03-31
21344,5831533,139945600,2005-03-31
21344,380830,9139200,2005-03-31
21344,20002,480000,2005-03-31
21344,38003,912000,2005-03-31
22301,334400,10000000,2005-03-31
1179484,16840,1202832,2005-03-31
1179484,4188,299148,2005-03-31
1179484,238,16998,2005-03-31
1393231,232122,5254000,2005-03-31
931336,12880,375500,2005-03-31
4962,314480,8000000,2005-03-31
39899,272636,3447600,2005-03-31
39911,337084,15434243,2005-03-31
41499,3028800,60000000,2005-03-31
41499,1049984,20800000,2005-03-31
41499,323072,6400000,2005-03-31
41499,323072,6400000,2005-03-31
41499,40384,800000,2005-03-31
41499,80768,1600000,2005-03-31
41499,251390,4980000,2005-03-31
1020882,144200,5000000,2005-03-31
36270,612060,5997060,2005-03-31
36270,55725,546000,2005-03-31
36270,16911,165700,2005-03-31
1059556,1305105,16140300,2005-03-31
1059556,635535,7859700,2005-03-31
89439,23978,851800,2005-03-31
320187,206159,2474600,2005-03-31
874691,83283,1818800,2005-03-31
1108329,4609,72900,2005-03-31
1108329,37053,586100,2005-03-31
278130,145840,8000000,2005-03-31
80424,33390,630000,2005-03-31
88204,57825,1113300,2005-03-31
1052045,75757,5611600,2005-03-31
932872,448360,22000000,2005-03-31
320335,4048,77551,2005-03-31
320335,23476,449728,2005-03-31
320335,47392,907900,2005-03-31
320335,33392,639700,2005-03-31
757011,215540,6500000,2005-03-31
104889,799508,894304,2005-03-31
104889,132590,148311,2005-03-31
104889,579460,648165,2005-03-31
104889,33065,36985,2005-03-31
105598,771575,12902590,2005-03-31
105598,61092,1021600,2005-03-31
105598,7234,120970,2005-03-31
105598,83361,1394000,2005-03-31
105598,59800,1000000,2005-03-31
105598,2296581,38404360,2005-03-31
105598,36171,604860,2005-03-31
105598,50830,850000,2005-03-31
105598,8970,150000,2005-03-31
929008,2195574,5703087,2005-03-31
922812,970996,17225400,2004-12-31
922812,450658,7994634,2004-12-31
922812,6778824,120255879,2004-12-31
922812,109533,1943100,2004-12-31
922812,78902,1399713,2004-12-31
922812,47341,839832,2004-12-31
922812,110042,1952142,2004-12-31
836102,433773,10497900,2004-12-31
12659,703179,14350600,2004-12-31
21344,16656,400000,2004-12-31
21344,73953,1776000,2004-12-31
21344,300041,7205600,2004-12-31
21344,1671496,40141600,2004-12-31
21344,5827335,139945600,2004-12-31
21344,380556,9139200,2004-12-31
21344,19987,480000,2004-12-31
21344,37976,912000,2004-12-31
22301,328400,10000000,2004-12-31
1179484,26667,1195274,2004-12-31
1179484,6632,297268,2004-12-31
1179484,377,16891,2004-12-31
1393231,254346,5254000,2004-12-31
931336,12373,375500,2004-12-31
4962,340320,8000000,2004-12-31
39899,281668,3447600,2004-12-31
39911,325971,15434243,2004-12-31
41499,2686800,60000000,2004-12-31
41499,931424,20800000,2004-12-31
41499,286592,6400000,2004-12-31
41499,286592,6400000,2004-12-31
41499,35824,800000,2004-12-31
41499,71648,1600000,2004-12-31
1020882,152450,5000000,2004-12-31
36270,646723,5997060,2004-12-31
36270,58881,546000,2004-12-31
36270,17869,165700,2004-12-31
1059556,1401785,16140300,2004-12-31
1059556,682615,7859700,2004-12-31
89439,43853,1361900,2004-12-31
320187,226725,2500000,2004-12-31
874691,83265,1818800,2004-12-31
1108329,3914,72900,2004-12-31
1108329,31468,586100,2004-12-31
278130,157600,8000000,2004-12-31
88204,59305,1113300,2004-12-31
1052045,77384,5611600,2004-12-31
932872,402380,22000000,2004-12-31
320335,4431,77551,2004-12-31
320335,25697,449728,2004-12-31
320335,49826,872000,2004-12-31
320335,36552,639700,2004-12-31
757011,261755,6500000,2004-12-31
104889,879119,894304,2004-12-31
104889,145793,148311,2004-12-31
104889,637159,648165,2004-12-31
104889,36357,36985,2004-12-31
105598,801896,12902590,2004-12-31
105598,63492,1021600,2004-12-31
105598,7518,120970,2004-12-31
105598,86637,1394000,2004-12-31
105598,62150,1000000,2004-12-31
105598,2386831,38404360,2004-12-31
105598,37592,604860,2004-12-31
105598,52827,850000,2004-12-31
105598,9322,150000,2004-12-31
929008,2241313,5703087,2004-12-31
922812,886419,17225400,2004-09-30
922812,411404,7994634,2004-09-30
922812,6188368,120255879,2004-09-30
922812,99992,1943100,2004-09-30
922812,215704,4191687,2004-09-30
836102,408473,10497900,2004-09-30
12659,709207,14350600,2004-09-30
21344,71770,1792000,2004-09-30
21344,71129,1776000,2004-09-30
21344,288584,7205600,2004-09-30
21344,1607671,40141600,2004-09-30
21344,5604821,139945600,2004-09-30
21344,366025,9139200,2004-09-30
22301,139600,5000000,2004-09-30
1179484,25066,1179592,2004-09-30
1179484,6234,293367,2004-09-30
1179484,354,16669,2004-09-30
1393231,218094,5254000,2004-09-30
4962,348000,8000000,2004-09-30
39899,288771,3447600,2004-09-30
39911,279750,15000000,2004-09-30
41499,2504400,60000000,2004-09-30
41499,868192,20800000,2004-09-30
41499,267136,6400000,2004-09-30
41499,267136,6400000,2004-09-30
41499,33392,800000,2004-09-30
41499,66784,1600000,2004-09-30
311314,381500,10000000,2004-09-30
311314,95383,2500200,2004-09-30
311314,38150,1000000,2004-09-30
1020882,234775,6935750,2004-09-30
36270,573919,5997060,2004-09-30
36270,52252,546000,2004-09-30
36270,15857,165700,2004-09-30
1059556,1182277,16140300,2004-09-30
1059556,575723,7859700,2004-09-30
89439,58494,1361900,2004-09-30
320187,472800,6000000,2004-09-30
874691,75535,1818800,2004-09-30
1108329,3919,72900,2004-09-30
1108329,31509,586100,2004-09-30
278130,144640,8000000,2004-09-30
88204,51601,1113300,2004-09-30
1052045,72165,5611600,2004-09-30
932872,366960,22000000,2004-09-30
320335,4124,77551,2004-09-30
320335,23917,449728,2004-09-30
320335,45862,862400,2004-09-30
320335,34019,639700,2004-09-30
757011,118495,6500000,2004-09-30
104889,822760,894304,2004-09-30
104889,136446,148311,2004-09-30
104889,596312,648165,2004-09-30
104889,34026,36985,2004-09-30
105598,769381,12902590,2004-09-30
105598,60918,1021600,2004-09-30
105598,7213,120970,2004-09-30
105598,83124,1394000,2004-09-30
105598,155328,2604860,2004-09-30
105598,2290052,38404360,2004-09-30
929008,2004635,5703087,2004-09-30
1052045,35541,3050700,2003-12-31
1052045,41218,3432000,2004-03-31
22301,138050,5000000,2004-06-30
1052045,45970,3731300,2004-06-30
922812,885041,17225400,2004-06-30
922812,410764,7994634,2004-06-30
922812,6178747,120255879,2004-06-30
922812,99836,1943100,2004-06-30
922812,215369,4191687,2004-06-30
836102,423170,10497900,2004-06-30
12659,684237,14350600,2004-06-30
21344,90460,1792000,2004-06-30
21344,89652,1776000,2004-06-30
21344,363739,7205600,2004-06-30
21344,2026348,40141600,2004-06-30
21344,7064454,139945600,2004-06-30
21344,461347,9139200,2004-06-30
1179484,30669,1179592,2004-06-30
1179484,7628,293367,2004-06-30
1179484,433,16669,2004-06-30
1393231,216360,5254000,2004-06-30
4962,356160,8000000,2004-06-30
39899,292529,3447600,2004-06-30
39911,363750,15000000,2004-06-30
41499,2544000,60000000,2004-06-30
41499,881920,20800000,2004-06-30
41499,271360,6400000,2004-06-30
41499,271360,6400000,2004-06-30
41499,33920,800000,2004-06-30
41499,67840,1600000,2004-06-30
311314,415900,10000000,2004-06-30
311314,148314,3566100,2004-06-30
311314,41590,1000000,2004-06-30
1020882,242193,5018500,2004-06-30
36270,523543,5997060,2004-06-30
36270,47666,546000,2004-06-30
36270,14466,165700,2004-06-30
1059556,1043632,16140300,2004-06-30
1059556,508208,7859700,2004-06-30
89439,69087,1929800,2004-06-30
320187,454500,6000000,2004-06-30
874691,75226,1818800,2004-06-30
1108329,3375,72900,2004-06-30
1108329,27136,586100,2004-06-30
278130,141520,8000000,2004-06-30
88204,59305,1113300,2004-06-30
932872,369820,22000000,2004-06-30
750556,321460,4946300,2004-06-30
750556,55891,860000,2004-06-30
320335,4172,77551,2004-06-30
320335,24195,449728,2004-06-30
320335,41491,771200,2004-06-30
320335,34416,639700,2004-06-30
757011,114270,6500000,2004-06-30
104889,831712,894304,2004-06-30
104889,137931,148311,2004-06-30
104889,602800,648165,2004-06-30
104889,34396,36985,2004-06-30
105598,738415,12902590,2004-06-30
105598,58466,1021600,2004-06-30
105598,6923,120970,2004-06-30
105598,79779,1394000,2004-06-30
105598,149076,2604860,2004-06-30
105598,2197882,38404360,2004-06-30
929008,2064517,5703087,2004-06-30
109261,2622,53955,2004-06-30
922812,893137,17225400,2004-03-31
922812,414522,7994634,2004-03-31
922812,6235267,120255879,2004-03-31
922812,100750,1943100,2004-03-31
922812,217339,4191687,2004-03-31
836102,367640,3232000,2004-03-31
12659,732311,14350600,2004-03-31
21344,90138,1792000,2004-03-31
21344,89333,1776000,2004-03-31
21344,362442,7205600,2004-03-31
21344,2019122,40141600,2004-03-31
21344,7039264,139945600,2004-03-31
21344,459702,9139200,2004-03-31
1179484,43645,1179592,2004-03-31
1179484,10847,293169,2004-03-31
1179484,617,16669,2004-03-31
1393231,197603,5254000,2004-03-31
4962,337280,8000000,2004-03-31
39899,304664,3456600,2004-03-31
39911,328800,15000000,2004-03-31
41499,2346000,60000000,2004-03-31
41499,813280,20800000,2004-03-31
41499,250240,6400000,2004-03-31
41499,250240,6400000,2004-03-31
41499,31280,800000,2004-03-31
41499,62560,1600000,2004-03-31
311314,406200,10000000,2004-03-31
311314,181835,4476500,2004-03-31
311314,40620,1000000,2004-03-31
1020882,223976,5018500,2004-03-31
36270,538836,5997060,2004-03-31
36270,49058,546000,2004-03-31
36270,14888,165700,2004-03-31
1059556,1142733,16140300,2004-03-31
1059556,556467,7859700,2004-03-31
89439,83170,2446900,2004-03-31
320187,467220,6000000,2004-03-31
874691,88576,1818800,2004-03-31
1108329,3725,72900,2004-03-31
1108329,29950,586100,2004-03-31
88204,55867,1123800,2004-03-31
932872,359260,22000000,2004-03-31
750556,344807,4946300,2004-03-31
750556,59951,860000,2004-03-31
320335,4171,77551,2004-03-31
320335,24191,449728,2004-03-31
320335,41482,771200,2004-03-31
320335,34409,639700,2004-03-31
757011,113685,6500000,2004-03-31
104889,790931,894304,2004-03-31
104889,131168,148311,2004-03-31
104889,573244,648165,2004-03-31
104889,32710,36985,2004-03-31
105598,731190,12902590,2004-03-31
105598,57894,1021600,2004-03-31
105598,6855,120970,2004-03-31
105598,78998,1394000,2004-03-31
105598,147617,2604860,2004-03-31
105598,2176375,38404360,2004-03-31
929008,2207095,5703087,2004-03-31
109261,4973,126855,2004-03-31
922812,893137,17225400,2004-03-31
922812,414522,7994634,2004-03-31
922812,6235267,120255879,2004-03-31
922812,100750,1943100,2004-03-31
922812,217339,4191687,2004-03-31
836102,367640,3232000,2004-03-31
12659,732311,14350600,2004-03-31
21344,90138,1792000,2004-03-31
21344,89333,1776000,2004-03-31
21344,362442,7205600,2004-03-31
21344,2019122,40141600,2004-03-31
21344,7039264,139945600,2004-03-31
21344,459702,9139200,2004-03-31
1179484,43645,1179592,2004-03-31
1179484,10847,293169,2004-03-31
1179484,617,16669,2004-03-31
1393231,197603,5254000,2004-03-31
4962,337280,8000000,2004-03-31
39899,304664,3456600,2004-03-31
39911,328800,15000000,2004-03-31
41499,2346000,60000000,2004-03-31
41499,813280,20800000,2004-03-31
41499,250240,6400000,2004-03-31
41499,250240,6400000,2004-03-31
41499,31280,800000,2004-03-31
41499,62560,1600000,2004-03-31
311314,406200,10000000,2004-03-31
311314,181835,4476500,2004-03-31
311314,40620,1000000,2004-03-31
1020882,223976,5018500,2004-03-31
36270,538836,5997060,2004-03-31
36270,49058,546000,2004-03-31
36270,14888,165700,2004-03-31
1059556,1142733,16140300,2004-03-31
1059556,556467,7859700,2004-03-31
89439,83170,2446900,2004-03-31
320187,467220,6000000,2004-03-31
874691,88576,1818800,2004-03-31
1108329,3725,72900,2004-03-31
1108329,29950,586100,2004-03-31
88204,55867,1123800,2004-03-31
932872,359260,22000000,2004-03-31
750556,344807,4946300,2004-03-31
750556,59951,860000,2004-03-31
320335,4171,77551,2004-03-31
320335,24191,449728,2004-03-31
320335,41482,771200,2004-03-31
320335,34409,639700,2004-03-31
757011,113685,6500000,2004-03-31
104889,790931,894304,2004-03-31
104889,131168,148311,2004-03-31
104889,573244,648165,2004-03-31
104889,32710,36985,2004-03-31
105598,731190,12902590,2004-03-31
105598,57894,1021600,2004-03-31
105598,6855,120970,2004-03-31
105598,78998,1394000,2004-03-31
105598,147617,2604860,2004-03-31
105598,2176375,38404360,2004-03-31
929008,2207095,5703087,2004-03-31
109261,4973,126855,2004-03-31
922812,830781,17225400,2003-12-31
922812,385581,7994634,2003-12-31
922812,5799941,120255879,2003-12-31
922812,93716,1943100,2003-12-31
922812,202165,4191687,2003-12-31
836102,325462,3232000,2003-12-31
8670,56076,1415700,2003-12-31
12659,809006,14610900,2003-12-31
21344,90944,1792000,2003-12-31
21344,90132,1776000,2003-12-31
21344,365684,7205600,2003-12-31
21344,2037186,40141600,2003-12-31
21344,7102239,139945600,2003-12-31
21344,463814,9139200,2003-12-31
1179484,47184,1179592,2003-12-31
1179484,11726,293153,2003-12-31
1179484,667,16669,2003-12-31
1393231,195344,5254000,2003-12-31
29905,79500,2000000,2003-12-31
4962,328720,8000000,2003-12-31
39899,308190,3456600,2003-12-31
39911,348150,15000000,2003-12-31
41499,2203800,60000000,2003-12-31
41499,763984,20800000,2003-12-31
41499,235072,6400000,2003-12-31
41499,235072,6400000,2003-12-31
41499,29384,800000,2003-12-31
41499,58768,1600000,2003-12-31
311314,429600,10000000,2003-12-31
311314,192310,4476500,2003-12-31
311314,42960,1000000,2003-12-31
1020882,198431,5018500,2003-12-31
36270,589511,5997060,2003-12-31
36270,53672,546000,2003-12-31
36270,16288,165700,2003-12-31
1059556,977295,16140300,2003-12-31
1059556,475905,7859700,2003-12-31
89439,84075,2446900,2003-12-31
320187,410760,6000000,2003-12-31
874691,82562,1867500,2003-12-31
1108329,4159,72900,2003-12-31
1108329,33437,586100,2003-12-31
88204,60843,1123800,2003-12-31
932872,341440,22000000,2003-12-31
750556,353660,4946300,2003-12-31
750556,61490,860000,2003-12-31
320335,3531,77551,2003-12-31
320335,20481,449728,2003-12-31
320335,35120,771200,2003-12-31
320335,29132,639700,2003-12-31
757011,107705,6500000,2003-12-31
104889,707752,894304,2003-12-31
104889,117373,148311,2003-12-31
104889,512958,648165,2003-12-31
104889,29270,36985,2003-12-31
105598,759834,12902590,2003-12-31
105598,60162,1021600,2003-12-31
105598,7124,120970,2003-12-31
105598,82093,1394000,2003-12-31
105598,153400,2604860,2003-12-31
105598,2261633,38404360,2003-12-31
929008,1996080,5703087,2003-12-31
109261,5112,157055,2003-12-31
922812,830781,17225400,2003-12-31
922812,385581,7994634,2003-12-31
922812,5799941,120255879,2003-12-31
922812,93716,1943100,2003-12-31
922812,202165,4191687,2003-12-31
836102,325462,3232000,2003-12-31
8670,56076,1415700,2003-12-31
12659,809006,14610900,2003-12-31
21344,90944,1792000,2003-12-31
21344,90132,1776000,2003-12-31
21344,365684,7205600,2003-12-31
21344,2037186,40141600,2003-12-31
21344,7102239,139945600,2003-12-31
21344,463814,9139200,2003-12-31
1179484,47184,1179592,2003-12-31
1179484,11726,293153,2003-12-31
1179484,667,16669,2003-12-31
1393231,195344,5254000,2003-12-31
29905,79500,2000000,2003-12-31
4962,328720,8000000,2003-12-31
39899,308190,3456600,2003-12-31
39911,348150,15000000,2003-12-31
41499,2203800,60000000,2003-12-31
41499,763984,20800000,2003-12-31
41499,235072,6400000,2003-12-31
41499,235072,6400000,2003-12-31
41499,29384,800000,2003-12-31
41499,58768,1600000,2003-12-31
311314,429600,10000000,2003-12-31
311314,192310,4476500,2003-12-31
311314,42960,1000000,2003-12-31
1020882,198431,5018500,2003-12-31
36270,589511,5997060,2003-12-31
36270,53672,546000,2003-12-31
36270,16288,165700,2003-12-31
1059556,977295,16140300,2003-12-31
1059556,475905,7859700,2003-12-31
89439,84075,2446900,2003-12-31
320187,410760,6000000,2003-12-31
874691,82562,1867500,2003-12-31
1108329,4159,72900,2003-12-31
1108329,33437,586100,2003-12-31
88204,60843,1123800,2003-12-31
932872,341440,22000000,2003-12-31
750556,353660,4946300,2003-12-31
750556,61490,860000,2003-12-31
320335,3531,77551,2003-12-31
320335,20481,449728,2003-12-31
320335,35120,771200,2003-12-31
320335,29132,639700,2003-12-31
757011,107705,6500000,2003-12-31
104889,707752,894304,2003-12-31
104889,117373,148311,2003-12-31
104889,512958,648165,2003-12-31
104889,29270,36985,2003-12-31
105598,759834,12902590,2003-12-31
105598,60162,1021600,2003-12-31
105598,7124,120970,2003-12-31
105598,82093,1394000,2003-12-31
105598,153400,2604860,2003-12-31
105598,2261633,38404360,2003-12-31
929008,1996080,5703087,2003-12-31
109261,5112,157055,2003-12-31
922812,830781,17225400,2003-12-31
922812,385581,7994634,2003-12-31
922812,5799941,120255879,2003-12-31
922812,93716,1943100,2003-12-31
922812,202165,4191687,2003-12-31
836102,325462,3232000,2003-12-31
8670,56076,1415700,2003-12-31
12659,809006,14610900,2003-12-31
744473,73311,10000000,2003-12-31
21344,90944,1792000,2003-12-31
21344,90132,1776000,2003-12-31
21344,365684,7205600,2003-12-31
21344,2037186,40141600,2003-12-31
21344,7102239,139945600,2003-12-31
21344,463814,9139200,2003-12-31
1179484,47184,1179592,2003-12-31
1179484,11726,293153,2003-12-31
1179484,667,16669,2003-12-31
1393231,195344,5254000,2003-12-31
29905,79500,2000000,2003-12-31
4962,328720,8000000,2003-12-31
39899,308190,3456600,2003-12-31
39911,348150,15000000,2003-12-31
41499,2203800,60000000,2003-12-31
41499,763984,20800000,2003-12-31
41499,235072,6400000,2003-12-31
41499,235072,6400000,2003-12-31
41499,29384,800000,2003-12-31
41499,58768,1600000,2003-12-31
311314,429600,10000000,2003-12-31
311314,192310,4476500,2003-12-31
311314,42960,1000000,2003-12-31
1020882,198431,5018500,2003-12-31
36270,589511,5997060,2003-12-31
36270,53672,546000,2003-12-31
36270,16288,165700,2003-12-31
1059556,977295,16140300,2003-12-31
1059556,475905,7859700,2003-12-31
89439,84075,2446900,2003-12-31
320187,410760,6000000,2003-12-31
874691,82562,1867500,2003-12-31
1108329,4159,72900,2003-12-31
1108329,33437,586100,2003-12-31
88204,60843,1123800,2003-12-31
932872,341440,22000000,2003-12-31
750556,353660,4946300,2003-12-31
750556,61490,860000,2003-12-31
320335,3531,77551,2003-12-31
320335,20481,449728,2003-12-31
320335,35120,771200,2003-12-31
320335,29132,639700,2003-12-31
757011,107705,6500000,2003-12-31
104889,707752,894304,2003-12-31
104889,117373,148311,2003-12-31
104889,512958,648165,2003-12-31
104889,29270,36985,2003-12-31
105598,759834,12902590,2003-12-31
105598,60162,1021600,2003-12-31
105598,7124,120970,2003-12-31
105598,82093,1394000,2003-12-31
105598,153400,2604860,2003-12-31
105598,2261633,38404360,2003-12-31
929008,1996080,5703087,2003-12-31
109261,5112,157055,2003-12-31
922812,776177,17225400,2003-09-30
922812,360238,7994634,2003-09-30
922812,5418730,120255879,2003-09-30
922812,87556,1943100,2003-09-30
922812,188877,4191687,2003-09-30
836102,272296,3232000,2003-09-30
8670,59117,1649000,2003-09-30
12659,690365,15999200,2003-09-30
21344,76984,1792000,2003-09-30
21344,76297,1776000,2003-09-30
21344,309553,7205600,2003-09-30
21344,1724483,40141600,2003-09-30
21344,6012063,139945600,2003-09-30
21344,392620,9139200,2003-09-30
1179484,98882,1177172,2003-09-30
1179484,24576,292569,2003-09-30
1179484,1397,16634,2003-09-30
1393231,163662,5254000,2003-09-30
29905,110683,3129300,2003-09-30
30371,25269,1418800,2003-09-30
1059556,5649,136000,2003-09-30
4962,319680,8000000,2003-09-30
39899,282070,3636800,2003-09-30
39911,342400,20000000,2003-09-30
41499,1918800,60000000,2003-09-30
41499,665184,20800000,2003-09-30
41499,204672,6400000,2003-09-30
41499,204672,6400000,2003-09-30
41499,25584,800000,2003-09-30
41499,51168,1600000,2003-09-30
43362,11014,547700,2003-09-30
311314,368600,10000000,2003-09-30
311314,254360,6900700,2003-09-30
311314,36860,1000000,2003-09-30
1020882,180164,5018500,2003-09-30
794323,8915,1644900,2003-09-30
36270,523543,5997060,2003-09-30
36270,47666,546000,2003-09-30
36270,14466,165700,2003-09-30
1059556,887232,16140300,2003-09-30
1059556,432048,7859700,2003-09-30
89439,63139,2480900,2003-09-30
320187,364920,6000000,2003-09-30
874691,70722,1867500,2003-09-30
1108329,2446,72900,2003-09-30
1108329,19664,586100,2003-09-30
88204,53077,1123800,2003-09-30
932872,267520,22000000,2003-09-30
750556,298608,4946300,2003-09-30
750556,51918,860000,2003-09-30
320335,3152,77551,2003-09-30
320335,18277,449728,2003-09-30
320335,31342,771200,2003-09-30
320335,25997,639700,2003-09-30
757011,112060,6500000,2003-09-30
104889,594712,894304,2003-09-30
104889,98627,148311,2003-09-30
104889,431030,648165,2003-09-30
104889,24595,36985,2003-09-30
105598,664483,12902590,2003-09-30
105598,52612,1021600,2003-09-30
105598,6230,120970,2003-09-30
105598,71791,1394000,2003-09-30
105598,134150,2604860,2003-09-30
105598,1977825,38404360,2003-09-30
929008,1938878,5703087,2003-09-30
109261,4647,167055,2003-09-30
30371,69994,4813900,2003-03-31
4962,316043,8539400,2003-03-31
1020882,303992,7947500,2003-03-31
30371,28305,1418800,2003-06-30
4962,331520,8000000,2003-06-30
311314,320400,10000000,2003-06-30
311314,179712,5609000,2003-06-30
311314,32040,1000000,2003-06-30
1020882,186136,5018500,2003-06-30
794323,133178,19877465,2003-06-30
8670,176581,5735000,2003-03-31
8670,194187,5735000,2003-06-30
8670,13720,394600,2002-09-30
922812,720194,17225400,2003-06-30
922812,334256,7994634,2003-06-30
922812,5027898,120255879,2003-06-30
922812,81241,1943100,2003-06-30
922812,175254,4191687,2003-06-30
836102,238942,3232000,2003-06-30
12659,691965,15999200,2003-06-30
21344,83167,1792000,2003-06-30
21344,82424,1776000,2003-06-30
21344,334412,7205600,2003-06-30
21344,1862972,40141600,2003-06-30
21344,6494875,139945600,2003-06-30
21344,424150,9139200,2003-06-30
1179484,115825,1169953,2003-06-30
1179484,28806,290968,2003-06-30
1179484,1637,16532,2003-06-30
1393231,192296,5254000,2003-06-30
29905,134820,4500000,2003-06-30
1059556,16017,389700,2003-06-30
40211,36443,2228900,2003-06-30
39899,279343,3636800,2003-06-30
39911,375200,20000000,2003-06-30
41499,1911600,60000000,2003-06-30
41499,662688,20800000,2003-06-30
41499,203904,6400000,2003-06-30
41499,203904,6400000,2003-06-30
41499,25488,800000,2003-06-30
41499,50976,1600000,2003-06-30
43362,88713,4348700,2003-06-30
36270,505072,5997060,2003-06-30
36270,45984,546000,2003-06-30
36270,13955,165700,2003-06-30
1059556,850755,16140300,2003-06-30
1059556,414285,7859700,2003-06-30
89439,67257,2480900,2003-06-30
320187,320940,6000000,2003-06-30
874691,72832,1867500,2003-06-30
1108329,2202,72900,2003-06-30
1108329,17700,586100,2003-06-30
88204,74807,1569600,2003-06-30
88204,35894,704500,2003-06-30
932872,295900,22000000,2003-06-30
750556,293513,4946300,2003-06-30
750556,51032,860000,2003-06-30
320335,2889,77551,2003-06-30
320335,16752,449728,2003-06-30
320335,28727,771200,2003-06-30
320335,23829,639700,2003-06-30
757011,123500,6500000,2003-06-30
104889,635435,894304,2003-06-30
104889,108697,148311,2003-06-30
104889,475040,648165,2003-06-30
104889,27106,36985,2003-06-30
105598,641511,12728390,2003-06-30
105598,51489,1021600,2003-06-30
105598,6097,120970,2003-06-30
105598,70258,1394000,2003-06-30
105598,97935,1943160,2003-06-30
105598,1834321,36395260,2003-06-30
929008,1779363,5703087,2003-06-30
109261,4761,167055,2003-06-30
1065865,5440,200000,2003-03-31
922812,572400,17225400,2003-03-31
922812,265662,7994634,2003-03-31
922812,3996103,120255879,2003-03-31
922812,64569,1943100,2003-03-31
922812,139290,4191687,2003-03-31
836102,222264,3232000,2003-03-31
12659,683006,15999200,2003-03-31
21344,72540,1792000,2003-03-31
21344,71892,1776000,2003-03-31
21344,291683,7205600,2003-03-31
21344,1624932,40141600,2003-03-31
21344,5664998,139945600,2003-03-31
21344,369955,9139200,2003-03-31
1179484,156625,1163201,2003-03-31
1179484,38905,288935,2003-03-31
1179484,2213,16437,2003-03-31
1393231,157778,5254000,2003-03-31
29905,108990,4500000,2003-03-31
1059556,26010,680000,2003-03-31
40211,65749,4540700,2003-03-31
40211,40544,2800000,2003-03-31
39899,256140,3636800,2003-03-31
39911,289800,20000000,2003-03-31
41499,1856400,60000000,2003-03-31
41499,643552,20800000,2003-03-31
41499,198016,6400000,2003-03-31
41499,198016,6400000,2003-03-31
41499,24752,800000,2003-03-31
41499,49504,1600000,2003-03-31
43362,154261,6948700,2003-03-31
794323,4536,879000,2003-03-31
36270,471249,5997060,2003-03-31
36270,42905,546000,2003-03-31
36270,13021,165700,2003-03-31
1059556,746166,16140300,2003-03-31
1059556,363354,7859700,2003-03-31
89439,61948,2480900,2003-03-31
320187,308520,6000000,2003-03-31
874691,66072,1867500,2003-03-31
1108329,1521,72900,2003-03-31
1108329,13473,645900,2003-03-31
88204,100036,2492800,2003-03-31
88204,32393,704500,2003-03-31
932872,231200,22000000,2003-03-31
750556,260423,4946300,2003-03-31
750556,45279,860000,2003-03-31
320335,2776,77551,2003-03-31
320335,16100,449728,2003-03-31
320335,27609,771200,2003-03-31
320335,22901,639700,2003-03-31
757011,27040,6500000,2003-03-31
104889,609343,894304,2003-03-31
104889,101053,148311,2003-03-31
104889,441634,648165,2003-03-31
104889,25200,36985,2003-03-31
105598,572650,12728390,2003-03-31
105598,45962,1021600,2003-03-31
105598,5442,120970,2003-03-31
105598,62716,1394000,2003-03-31
105598,72203,1604860,2003-03-31
105598,1637423,36395260,2003-03-31
929008,1699520,5703087,2003-03-31
1195454,20043,1590696,2003-03-31
109261,9660,451355,2003-03-31
1108329,1465,72900,2002-09-30
1108329,462,23000,2002-09-30
1108329,1463,72900,2002-12-31
1108329,2893,144100,2002-12-31
4962,397814,11234500,2002-12-31
4962,221481,7924200,2002-09-30
4962,294780,7924200,2002-06-30
4962,345693,3962100,2002-03-31
4962,74162,850000,2002-03-31
922812,608917,17225400,2002-12-31
922812,282610,7994634,2002-12-31
922812,4251045,120255879,2002-12-31
922812,68689,1943100,2002-12-31
922812,148176,4191687,2002-12-31
836102,229924,3232000,2002-12-31
764478,13109,542800,2002-12-31
12659,643168,15999200,2002-12-31
21344,78561,1792000,2002-12-31
21344,77860,1776000,2002-12-31
21344,315894,7205600,2002-12-31
21344,1759808,40141600,2002-12-31
21344,6135215,139945600,2002-12-31
21344,400663,9139200,2002-12-31
1179484,89718,1150233,2002-12-31
1179484,22313,286061,2002-12-31
1179484,1268,16255,2002-12-31
1393231,147427,5254000,2002-12-31
29905,116640,4000000,2002-12-31
1059556,36832,1067900,2002-12-31
40211,103619,4540700,2002-12-31
40211,63896,2800000,2002-12-31
39899,261122,3636800,2002-12-31
39911,310400,20000000,2002-12-31
41499,1821600,60000000,2002-12-31
41499,631488,20800000,2002-12-31
41499,194304,6400000,2002-12-31
41499,194304,6400000,2002-12-31
41499,24288,800000,2002-12-31
41499,48576,1600000,2002-12-31
43362,165935,6948700,2002-12-31
1020882,264080,8000000,2002-12-31
874016,31690,894200,2002-12-31
36270,475868,5997060,2002-12-31
36270,43325,546000,2002-12-31
36270,13148,165700,2002-12-31
1059556,666433,16140300,2002-12-31
1059556,324527,7859700,2002-12-31
89439,67605,2480900,2002-12-31
320187,266820,6000000,2002-12-31
874691,64317,1867500,2002-12-31
713676,29959,715000,2002-12-31
88204,92981,2492800,2002-12-31
88204,30012,704500,2002-12-31
932872,226160,22000000,2002-12-31
750556,281543,4946300,2002-12-31
750556,48951,860000,2002-12-31
320335,2833,77551,2002-12-31
320335,16429,449728,2002-12-31
320335,28172,771200,2002-12-31
320335,23368,639700,2002-12-31
757011,54925,6500000,2002-12-31
104889,659996,894304,2002-12-31
104889,109454,148311,2002-12-31
104889,478346,648165,2002-12-31
104889,27295,36985,2002-12-31
105598,596580,12728390,2002-12-31
105598,47882,1021600,2002-12-31
105598,5670,120970,2002-12-31
105598,65337,1394000,2002-12-31
105598,75220,1604860,2002-12-31
105598,1705846,36395260,2002-12-31
929008,1767672,5703087,2002-12-31
109261,10592,451355,2002-12-31
836102,228664,3232000,2002-03-31
1393231,223247,5606409,2002-03-31
1059556,15626,390550,2002-03-31
1059556,57209,1429850,2002-03-31
39911,225600,15000000,2002-03-31
1020882,32697,1030800,2002-03-31
874016,274361,7850100,2002-03-31
89439,106611,3046900,2002-03-31
1012100,131254,2787900,2002-03-31
88204,31155,679500,2002-03-31
836102,242723,3232000,2002-06-30
1393231,216250,5606409,2002-06-30
1059556,9705,293650,2002-06-30
1059556,47256,1429850,2002-06-30
39911,284000,20000000,2002-06-30
1020882,66118,2143200,2002-06-30
874016,140272,3740600,2002-06-30
89439,78769,2480900,2002-06-30
88204,100385,2492800,2002-06-30
88204,27758,679500,2002-06-30
922812,537088,17225400,2002-09-30
922812,249273,7994634,2002-09-30
922812,3749578,120255879,2002-09-30
922812,60586,1943100,2002-09-30
922812,43643,1399713,2002-09-30
922812,87054,2791974,2002-09-30
836102,205620,3232000,2002-09-30
12659,672126,15999200,2002-09-30
21344,19184,400000,2002-09-30
21344,85177,1776000,2002-09-30
21344,345581,7205600,2002-09-30
21344,1925191,40141600,2002-09-30
21344,6711791,139945600,2002-09-30
21344,438316,9139200,2002-09-30
21344,43740,912000,2002-09-30
21344,23020,480000,2002-09-30
1393231,181479,5606409,2002-09-30
29905,62922,2479200,2002-09-30
1059556,43327,1289100,2002-09-30
40211,89906,4540700,2002-09-30
40211,55440,2800000,2002-09-30
39899,262504,3636800,2002-09-30
39911,217000,20000000,2002-09-30
41499,1776000,60000000,2002-09-30
41499,615680,20800000,2002-09-30
41499,189440,6400000,2002-09-30
41499,189440,6400000,2002-09-30
41499,23680,800000,2002-09-30
41499,47360,1600000,2002-09-30
43362,166908,6948700,2002-09-30
1020882,166723,6671200,2002-09-30
874016,98587,3211300,2002-09-30
36270,472628,5997060,2002-09-30
36270,43030,546000,2002-09-30
36270,13059,165700,2002-09-30
1059556,782805,16140300,2002-09-30
1059556,381195,7859700,2002-09-30
89439,64255,2480900,2002-09-30
320187,259080,6000000,2002-09-30
29989,27840,500000,2002-09-30
874691,51319,1867500,2002-09-30
88204,42103,2492800,2002-09-30
88204,15499,679500,2002-09-30
932872,183040,22000000,2002-09-30
750556,304099,4946300,2002-09-30
750556,52873,860000,2002-09-30
320335,7292,212834,2002-09-30
320335,15408,449728,2002-09-30
320335,26421,771200,2002-09-30
320335,21916,639700,2002-09-30
757011,26000,6500000,2002-09-30
104889,580403,894304,2002-09-30
104889,96254,148311,2002-09-30
104889,420659,648165,2002-09-30
104889,24003,36985,2002-09-30
105598,612999,12728390,2002-09-30
105598,7224,150000,2002-09-30
105598,49200,1021600,2002-09-30
105598,5826,120970,2002-09-30
105598,29130,604860,2002-09-30
105598,67135,1394000,2002-09-30
105598,40936,850000,2002-09-30
105598,1752796,36395260,2002-09-30
929008,1753699,5703087,2002-09-30
109261,11925,451355,2002-09-30
922812,625627,17225400,2002-06-30
922812,290365,7994634,2002-06-30
922812,4367694,120255879,2002-06-30
922812,70573,1943100,2002-06-30
922812,50838,1399713,2002-06-30
922812,101404,2791974,2002-06-30
12659,738363,15999200,2002-06-30
21344,22400,400000,2002-06-30
21344,99456,1776000,2002-06-30
21344,403514,7205600,2002-06-30
21344,2247930,40141600,2002-06-30
21344,7836954,139945600,2002-06-30
21344,511795,9139200,2002-06-30
21344,51072,912000,2002-06-30
21344,26880,480000,2002-06-30
29905,75778,2165100,2002-06-30
40211,136675,4540700,2002-06-30
40211,84280,2800000,2002-06-30
39899,276033,3636800,2002-06-30
41499,2032200,60000000,2002-06-30
41499,704496,20800000,2002-06-30
41499,216768,6400000,2002-06-30
41499,216768,6400000,2002-06-30
41499,27096,800000,2002-06-30
41499,54192,1600000,2002-06-30
43362,184071,6948700,2002-06-30
36270,514308,5997060,2002-06-30
36270,46825,546000,2002-06-30
36270,14210,165700,2002-06-30
1059556,802980,16140300,2002-06-30
1059556,391020,7859700,2002-06-30
320187,236366,4405700,2002-06-30
874691,65549,1867500,2002-06-30
932872,246400,22000000,2002-06-30
750556,334963,4946300,2002-06-30
750556,58239,860000,2002-06-30
320335,8130,212834,2002-06-30
320335,17180,449728,2002-06-30
320335,29460,771200,2002-06-30
320335,24437,639700,2002-06-30
757011,46475,6500000,2002-06-30
104889,487396,894304,2002-06-30
104889,80829,148311,2002-06-30
104889,353250,648165,2002-06-30
104889,20157,36985,2002-06-30
105598,637183,12728390,2002-06-30
105598,7509,150000,2002-06-30
105598,51141,1021600,2002-06-30
105598,6056,120970,2002-06-30
105598,30279,604860,2002-06-30
105598,69784,1394000,2002-06-30
105598,42551,850000,2002-06-30
105598,1821947,36395260,2002-06-30
929008,1720051,5703087,2002-06-30
109261,14376,451355,2002-06-30
922812,705552,17225400,2002-03-31
922812,327460,7994634,2002-03-31
922812,4925681,120255879,2002-03-31
922812,79589,1943100,2002-03-31
922812,57332,1399713,2002-03-31
922812,114359,2791974,2002-03-31
12659,711164,15999200,2002-03-31
21344,20904,400000,2002-03-31
21344,92814,1776000,2002-03-31
21344,376565,7205600,2002-03-31
21344,2097800,40141600,2002-03-31
21344,7313557,139945600,2002-03-31
21344,477615,9139200,2002-03-31
21344,47661,912000,2002-03-31
21344,25085,480000,2002-03-31
29905,88769,2165100,2002-03-31
40211,144394,4540700,2002-03-31
40211,89040,2800000,2002-03-31
39899,276760,3636800,2002-03-31
41499,2040600,60000000,2002-03-31
41499,707408,20800000,2002-03-31
41499,217664,6400000,2002-03-31
41499,217664,6400000,2002-03-31
41499,27208,800000,2002-03-31
41499,54416,1600000,2002-03-31
43362,195745,6948700,2002-03-31
352363,9478,334200,2002-03-31
36270,481984,5997060,2002-03-31
36270,43882,546000,2002-03-31
36270,13317,165700,2002-03-31
1059556,663366,16140300,2002-03-31
1059556,323034,7859700,2002-03-31
320187,264386,4405700,2002-03-31
320187,32030,525000,2002-03-31
874691,66800,1867500,2002-03-31
932872,377580,21000000,2002-03-31
932872,17980,1000000,2002-03-31
750556,330067,4946300,2002-03-31
750556,57388,860000,2002-03-31
320335,8575,212834,2002-03-31
320335,18120,449728,2002-03-31
320335,31072,771200,2002-03-31
320335,25774,639700,2002-03-31
757011,45500,6500000,2002-03-31
104889,542869,894304,2002-03-31
104889,90029,148311,2002-03-31
104889,393456,648165,2002-03-31
104889,22451,36985,2002-03-31
105598,628782,12728390,2002-03-31
105598,7410,150000,2002-03-31
105598,50467,1021600,2002-03-31
105598,5976,120970,2002-03-31
105598,29880,604860,2002-03-31
105598,68864,1394000,2002-03-31
105598,41990,850000,2002-03-31
105598,1797926,36395260,2002-03-31
929008,1782785,5703087,2002-03-31
109261,23846,816655,2002-03-31
