,CIK,Ticker,Name,Exchange
0,0000001750,AIR,Aar Corp,NYSE
1,0000001800,ABT,Abbott Laboratories,NYSE
2,0000001961,WDDD,Worlds Inc,OTC
3,0000002098,ACU,Acme United Corp,NYSE
4,0000002186,BKTI,Bk Technologies Corp,NYSE
5,0000002230,ADX,"Adams Diversified Equity Fund, Inc.",NYSE
6,0000002488,AMD,Advanced Micro Devices Inc,Nasdaq
7,0000002809,AEM,Agnico Eagle Mines Ltd,NYSE
8,0000002969,APD,"Air Products & Chemicals, Inc.",NYSE
9,0000003197,CECO,Ceco Environmental Corp,Nasdaq
10,0000003453,MATX,"Matson, Inc.",NYSE
11,0000003499,ALX,Alexanders Inc,NYSE
12,0000003545,ALCO,"Alico, Inc.",Nasdaq
13,0000003570,LNG,"Cheniere Energy, Inc.",NYSE
14,0000004127,SWKS,"Skyworks Solutions, Inc.",Nasdaq
15,0000004281,HWM,Howmet Aerospace Inc.,NYSE
16,0000004281,HWM-P,Howmet Aerospace Inc.,NYSE
17,0000004447,HES,Hess Corp,NYSE
18,0000004457,UHAL,U-Haul Holding Co /Nv/,NYSE
19,0000004457,UHAL-B,U-Haul Holding Co /Nv/,NYSE
20,0000004904,AEP,American Electric Power Co Inc,Nasdaq
21,0000004962,AXP,American Express Co,NYSE
22,0000004977,AFL,Aflac Inc,NYSE
23,0000005094,VBF,Invesco Bond Fund,NYSE
24,0000005272,AIG,"American International Group, Inc.",NYSE
25,0000005513,UNM,Unum Group,NYSE
26,0000005513,UNMA,Unum Group,NYSE
27,0000005981,AVD,American Vanguard Corp,NYSE
28,0000006176,AP,Ampco Pittsburgh Corp,NYSE
29,0000006176,AP-WT,Ampco Pittsburgh Corp,NYSE
30,0000006201,AAL,American Airlines Group Inc.,Nasdaq
31,0000006207,AXR,Amrep Corp.,NYSE
32,0000006281,ADI,Analog Devices Inc,Nasdaq
33,0000006845,APOG,"Apogee Enterprises, Inc.",Nasdaq
34,0000006951,AMAT,Applied Materials Inc /De,Nasdaq
35,0000006955,EPAC,Enerpac Tool Group Corp,NYSE
36,0000007084,ADM,Archer-Daniels-Midland Co,NYSE
37,0000007323,EAI,"Entergy Arkansas, Llc",NYSE
38,0000007431,AWI,Armstrong World Industries Inc,NYSE
39,0000007536,ARW,"Arrow Electronics, Inc.",NYSE
40,0000007623,ARTW,Arts Way Manufacturing Co Inc,Nasdaq
41,0000007789,ASB,Associated Banc-Corp,NYSE
42,0000007789,ASB-PE,Associated Banc-Corp,NYSE
43,0000007789,ASB-PF,Associated Banc-Corp,NYSE
44,0000007789,ASBA,Associated Banc-Corp,NYSE
45,0000008063,ATRO,Astronics Corp,Nasdaq
46,0000008063,ATROB,Astronics Corp,OTC
47,0000008146,ALOT,"Astronova, Inc.",Nasdaq
48,0000008177,AAME,Atlantic American Corp,Nasdaq
49,0000008504,UAVS,Ageagle Aerial Systems Inc.,NYSE
50,0000008670,ADP,Automatic Data Processing Inc,Nasdaq
51,0000008818,AVY,Avery Dennison Corp,NYSE
52,0000008858,AVT,Avnet Inc,Nasdaq
53,0000008947,AZZ,Azz Inc,NYSE
54,0000009092,BMI,Badger Meter Inc,NYSE
55,0000009326,BCPC,Balchem Corp,Nasdaq
56,0000009389,BALL,Ball Corp,NYSE
57,0000009521,BCV,Bancroft Fund Ltd,NYSE
58,0000009521,BCV-PA,Bancroft Fund Ltd,NYSE
59,0000009631,BNS,Bank Of Nova Scotia,NYSE
60,0000010048,BRN,Barnwell Industries Inc,NYSE
61,0000010329,BSET,Bassett Furniture Industries Inc,Nasdaq
62,0000010456,BAX,Baxter International Inc,NYSE
63,0000010795,BDX,Becton Dickinson & Co,NYSE
64,0000011544,WRB,Berkley W R Corp,NYSE
65,0000011544,WRB-PE,Berkley W R Corp,NYSE
66,0000011544,WRB-PF,Berkley W R Corp,NYSE
67,0000011544,WRB-PG,Berkley W R Corp,NYSE
68,0000011544,WRB-PH,Berkley W R Corp,NYSE
69,0000012040,BDL,Flanigans Enterprises Inc,NYSE
70,0000012208,BIO,"Bio-Rad Laboratories, Inc.",NYSE
71,0000012208,BIO-B,"Bio-Rad Laboratories, Inc.",NYSE
72,0000012239,DOMH,Dominari Holdings Inc.,Nasdaq
73,0000012659,HRB,H&R Block Inc,NYSE
74,0000012927,BA,Boeing Co,NYSE
75,0000012927,BA-PA,Boeing Co,NYSE
76,0000013156,GLXZ,"Galaxy Gaming, Inc.",OTC
77,0000013372,NSARO,Nstar Electric Co,OTC
78,0000013372,NSARP,Nstar Electric Co,OTC
79,0000014177,BRID,Bridgford Foods Corp,Nasdaq
80,0000014272,BMY,Bristol Myers Squibb Co,NYSE
81,0000014272,BMYMP,Bristol Myers Squibb Co,OTC
82,0000014272,CELG-RI,Bristol Myers Squibb Co,NYSE
83,0000014693,BF-A,Brown Forman Corp,NYSE
84,0000014693,BF-B,Brown Forman Corp,NYSE
85,0000014707,CAL,Caleres Inc,NYSE
86,0000014846,BRT,Brt Apartments Corp.,NYSE
87,0000014930,BC,Brunswick Corp,NYSE
88,0000014930,BC-PA,Brunswick Corp,NYSE
89,0000014930,BC-PC,Brunswick Corp,NYSE
90,0000015615,MTZ,Mastec Inc,NYSE
91,0000015847,BUKS,Butler National Corp,OTC
92,0000016040,CBT,Cabot Corp,NYSE
93,0000016058,CACI,Caci International Inc /De/,NYSE
94,0000016160,CALM,Cal-Maine Foods Inc,Nasdaq
95,0000016732,CPB,Campbell'S Co,Nasdaq
96,0000016859,SRL,Scully Royalty Ltd.,NYSE
97,0000016868,CNI,Canadian National Railway Co,NYSE
98,0000016875,CP,Canadian Pacific Kansas City Ltd/Cn,NYSE
99,0000016918,STZ,"Constellation Brands, Inc.",NYSE
100,0000016988,CAJFF,Canon Inc,OTC
101,0000016988,CAJPY,Canon Inc,OTC
102,0000017313,CSWC,Capital Southwest Corp,Nasdaq
103,0000017313,CSWCZ,Capital Southwest Corp,Nasdaq
104,0000017843,CRS,Carpenter Technology Corp,NYSE
105,0000018230,CAT,Caterpillar Inc,NYSE
106,0000018255,CATO,Cato Corp,NYSE
107,0000018349,SNV,Synovus Financial Corp,NYSE
108,0000018349,SNV-PD,Synovus Financial Corp,NYSE
109,0000018349,SNV-PE,Synovus Financial Corp,NYSE
110,0000018498,GCO,Genesco Inc,NYSE
111,0000018654,AILIH,Ameren Illinois Co,OTC
112,0000018654,AILIM,Ameren Illinois Co,OTC
113,0000018654,AILIN,Ameren Illinois Co,OTC
114,0000018654,AILIO,Ameren Illinois Co,OTC
115,0000018654,AILIP,Ameren Illinois Co,OTC
116,0000018654,AILLI,Ameren Illinois Co,OTC
117,0000018654,AILLM,Ameren Illinois Co,OTC
118,0000018654,AILLN,Ameren Illinois Co,OTC
119,0000018654,AILLO,Ameren Illinois Co,OTC
120,0000018654,AILLP,Ameren Illinois Co,OTC
121,0000018748,CET,Central Securities Corp,NYSE
122,0000018926,LUMN,"Lumen Technologies, Inc.",NYSE
123,0000019584,CHE,Chemed Corp,NYSE
124,0000019617,AMJB,Jpmorgan Chase & Co,NYSE
125,0000019617,JPM,Jpmorgan Chase & Co,NYSE
126,0000019617,JPM-PC,Jpmorgan Chase & Co,NYSE
127,0000019617,JPM-PD,Jpmorgan Chase & Co,NYSE
128,0000019617,JPM-PJ,Jpmorgan Chase & Co,NYSE
129,0000019617,JPM-PK,Jpmorgan Chase & Co,NYSE
130,0000019617,JPM-PL,Jpmorgan Chase & Co,NYSE
131,0000019617,JPM-PM,Jpmorgan Chase & Co,NYSE
132,0000019617,VYLD,Jpmorgan Chase & Co,NYSE
133,0000019745,CPK,Chesapeake Utilities Corp,NYSE
134,0000019871,CVR,Chicago Rivet & Machine Co,NYSE
135,0000020212,CHDN,Churchill Downs Inc,Nasdaq
136,0000020286,CINF,Cincinnati Financial Corp,Nasdaq
137,0000020520,FYBR,"Frontier Communications Parent, Inc.",Nasdaq
138,0000020639,ABCP,Ambase Corp,OTC
139,0000021076,CLX,Clorox Co /De/,NYSE
140,0000021175,CNA,Cna Financial Corp,NYSE
141,0000021344,KO,Coca Cola Co,NYSE
142,0000021535,COHU,Cohu Inc,Nasdaq
143,0000021665,CL,Colgate Palmolive Co,NYSE
144,0000022356,CBSH,Commerce Bancshares Inc /Mo/,Nasdaq
145,0000022444,CMC,Commercial Metals Co,NYSE
146,0000022701,SUNE,"Sunation Energy, Inc.",Nasdaq
147,0000023194,CRK,Comstock Resources Inc,NYSE
148,0000023197,CMTL,Comtech Telecommunications Corp /De/,Nasdaq
149,0000023217,CAG,Conagra Brands Inc.,NYSE
150,0000023426,CNLHN,Connecticut Light & Power Co,OTC
151,0000023426,CNLHO,Connecticut Light & Power Co,OTC
152,0000023426,CNLHP,Connecticut Light & Power Co,OTC
153,0000023426,CNLPL,Connecticut Light & Power Co,OTC
154,0000023426,CNLPM,Connecticut Light & Power Co,OTC
155,0000023426,CNLTL,Connecticut Light & Power Co,OTC
156,0000023426,CNLTN,Connecticut Light & Power Co,OTC
157,0000023426,CNLTP,Connecticut Light & Power Co,OTC
158,0000023426,CNPWM,Connecticut Light & Power Co,OTC
159,0000023426,CNPWP,Connecticut Light & Power Co,OTC
160,0000023426,CNTHN,Connecticut Light & Power Co,OTC
161,0000023426,CNTHO,Connecticut Light & Power Co,OTC
162,0000023426,CNTHP,Connecticut Light & Power Co,OTC
163,0000023795,CTO,"Cto Realty Growth, Inc.",NYSE
164,0000023795,CTO-PA,"Cto Realty Growth, Inc.",NYSE
165,0000024090,CIA,"Citizens, Inc.",NYSE
166,0000024545,TAP,Molson Coors Beverage Co,NYSE
167,0000024545,TAP-A,Molson Coors Beverage Co,NYSE
168,0000024741,GLW,Corning Inc /Ny,NYSE
169,0000025232,CUZ,Cousins Properties Inc,NYSE
170,0000025445,CXT,"Crane Nxt, Co.",NYSE
171,0000025475,CRD-A,Crawford & Co,NYSE
172,0000025475,CRD-B,Crawford & Co,NYSE
173,0000025743,TXMD,"Therapeuticsmd, Inc.",Nasdaq
174,0000025895,CRWS,Crown Crafts Inc,Nasdaq
175,0000026058,CTS,Cts Corp,NYSE
176,0000026172,CMI,Cummins Inc,NYSE
177,0000026324,CW,Curtiss Wright Corp,NYSE
178,0000026780,DAN,Dana Inc,NYSE
179,0000027093,USAU,U.S. Gold Corp.,Nasdaq
180,0000027367,DXR,Daxor Corp,Nasdaq
181,0000027419,TGT,Target Corp,NYSE
182,0000027904,DAL,"Delta Air Lines, Inc.",NYSE
183,0000027996,DLX,Deluxe Corp,NYSE
184,0000028412,CMA,Comerica Inc /New/,NYSE
185,0000028823,DBD,"Diebold Nixdorf, Inc",NYSE
186,0000028917,DDS,"Dillard'S, Inc.",NYSE
187,0000028917,DDT,"Dillard'S, Inc.",NYSE
188,0000029002,DIOD,Diodes Inc /Del/,Nasdaq
189,0000029332,DXYN,Dixie Group Inc,OTC
190,0000029534,DG,Dollar General Corp,NYSE
191,0000029644,DCI,Donaldson Co Inc,NYSE
192,0000029905,DOV,Dover Corp,NYSE
193,0000029989,OMC,Omnicom Group Inc.,NYSE
194,0000030305,DCO,Ducommun Inc /De/,NYSE
195,0000030554,CTA-PA,"Eidp, Inc.",NYSE
196,0000030554,CTA-PB,"Eidp, Inc.",NYSE
197,0000030625,FLS,Flowserve Corp,NYSE
198,0000030697,WEN,Wendy'S Co,Nasdaq
199,0000031107,EML,Eastern Co,Nasdaq
200,0000031235,KODK,Eastman Kodak Co,NYSE
201,0000031462,ECL,Ecolab Inc.,NYSE
202,0000031667,EDUC,Educational Development Corp,Nasdaq
203,0000031791,RVTY,"Revvity, Inc.",NYSE
204,0000032604,EMR,Emerson Electric Co,NYSE
205,0000032621,MSN,Emerson Radio Corp,NYSE
206,0000033002,EBF,"Ennis, Inc.",NYSE
207,0000033185,EFX,Equifax Inc,NYSE
208,0000033213,EQT,Eqt Corp,NYSE
209,0000033488,ESCA,Escalade Inc,Nasdaq
210,0000033533,ESP,Espey Mfg & Electronics Corp,NYSE
211,0000033934,CRF,Cornerstone Total Return Fund Inc,NYSE
212,0000033992,KINS,"Kingstone Companies, Inc.",Nasdaq
213,0000034067,BOOM,Dmc Global Inc.,Nasdaq
214,0000034088,XOM,Exxon Mobil Corp,NYSE
215,0000034285,RLBY,Reliability Inc,OTC
216,0000034563,FARM,Farmer Brothers Co,Nasdaq
217,0000034782,SRCE,1St Source Corp,Nasdaq
218,0000034903,FRT,Federal Realty Investment Trust,NYSE
219,0000034903,FRT-PC,Federal Realty Investment Trust,NYSE
220,0000034956,TENX,"Tenax Therapeutics, Inc.",Nasdaq
221,0000035527,FITB,Fifth Third Bancorp,Nasdaq
222,0000035527,FITBI,Fifth Third Bancorp,Nasdaq
223,0000035527,FITBO,Fifth Third Bancorp,Nasdaq
224,0000035527,FITBP,Fifth Third Bancorp,Nasdaq
225,0000036029,FFIN,First Financial Bankshares Inc,Nasdaq
226,0000036104,USB,Us Bancorp \De\,NYSE
227,0000036104,USB-PA,Us Bancorp \De\,NYSE
228,0000036104,USB-PH,Us Bancorp \De\,NYSE
229,0000036104,USB-PP,Us Bancorp \De\,NYSE
230,0000036104,USB-PQ,Us Bancorp \De\,NYSE
231,0000036104,USB-PR,Us Bancorp \De\,NYSE
232,0000036104,USB-PS,Us Bancorp \De\,NYSE
233,0000036146,TRMK,Trustmark Corp,Nasdaq
234,0000036270,MTB,M&T Bank Corp,NYSE
235,0000036270,MTB-PH,M&T Bank Corp,NYSE
236,0000036270,MTB-PJ,M&T Bank Corp,NYSE
237,0000036377,FHB,"First Hawaiian, Inc.",Nasdaq
238,0000036840,FREVS,First Real Estate Investment Trust Of New Jersey,OTC
239,0000036966,FHN,First Horizon Corp,NYSE
240,0000036966,FHN-PB,First Horizon Corp,NYSE
241,0000036966,FHN-PC,First Horizon Corp,NYSE
242,0000036966,FHN-PE,First Horizon Corp,NYSE
243,0000036966,FHN-PF,First Horizon Corp,NYSE
244,0000037472,FLXS,Flexsteel Industries Inc,Nasdaq
245,0000037785,FMC,Fmc Corp,NYSE
246,0000037808,FNB,Fnb Corp/Pa/,NYSE
247,0000037996,F,Ford Motor Co,NYSE
248,0000037996,F-PB,Ford Motor Co,NYSE
249,0000037996,F-PC,Ford Motor Co,NYSE
250,0000037996,F-PD,Ford Motor Co,NYSE
251,0000038264,FORD,"Forward Industries, Inc.",Nasdaq
252,0000038725,FELE,Franklin Electric Co Inc,Nasdaq
253,0000038777,BEN,Franklin Resources Inc,NYSE
254,0000039020,FEIM,Frequency Electronics Inc,Nasdaq
255,0000039092,FRD,Friedman Industries Inc,Nasdaq
256,0000039263,CFR,"Cullen/Frost Bankers, Inc.",NYSE
257,0000039263,CFR-PB,"Cullen/Frost Bankers, Inc.",NYSE
258,0000039311,IBCP,Independent Bank Corp /Mi/,Nasdaq
259,0000039368,FUL,Fuller H B Co,NYSE
260,0000039899,TGNA,Tegna Inc,NYSE
261,0000039911,GAP,Gap Inc,NYSE
262,0000040211,GATX,Gatx Corp,NYSE
263,0000040417,GAM,General American Investors Co Inc,NYSE
264,0000040417,GAM-PB,General American Investors Co Inc,NYSE
265,0000040533,GD,General Dynamics Corp,NYSE
266,0000040545,GE,General Electric Co,NYSE
267,0000040570,JOB,Gee Group Inc.,NYSE
268,0000040704,GIS,General Mills Inc,NYSE
269,0000040729,ALLY,Ally Financial Inc.,NYSE
270,0000040987,GPC,Genuine Parts Co,NYSE
271,0000041091,GPJA,Georgia Power Co,NYSE
272,0000041719,MAGN,Magnera Corp,NYSE
273,0000042582,GT,Goodyear Tire & Rubber Co /Oh/,Nasdaq
274,0000042682,GRC,Gorman Rupp Co,NYSE
275,0000042888,GGG,Graco Inc,NYSE
276,0000043196,GTN,"Gray Media, Inc",NYSE
277,0000043196,GTN-A,"Gray Media, Inc",NYSE
278,0000043920,GEF,"Greif, Inc",NYSE
279,0000043920,GEF-B,"Greif, Inc",NYSE
280,0000045012,HAL,Halliburton Co,NYSE
281,0000045876,NVRI,Enviri Corp,NYSE
282,0000045919,HHS,Harte Hanks Inc,Nasdaq
283,0000046080,HAS,"Hasbro, Inc.",Nasdaq
284,0000046129,ALNT,Allient Inc,Nasdaq
285,0000046195,BOH,Bank Of Hawaii Corp,NYSE
286,0000046195,BOH-PA,Bank Of Hawaii Corp,NYSE
287,0000046195,BOH-PB,Bank Of Hawaii Corp,NYSE
288,0000046207,HAWEL,Hawaiian Electric Co Inc,OTC
289,0000046207,HAWEM,Hawaiian Electric Co Inc,OTC
290,0000046207,HAWEN,Hawaiian Electric Co Inc,OTC
291,0000046207,HAWLI,Hawaiian Electric Co Inc,OTC
292,0000046207,HAWLL,Hawaiian Electric Co Inc,OTC
293,0000046207,HAWLM,Hawaiian Electric Co Inc,OTC
294,0000046207,HAWLN,Hawaiian Electric Co Inc,OTC
295,0000046250,HWKN,Hawkins Inc,Nasdaq
296,0000046619,HEI,Heico Corp,NYSE
297,0000046619,HEI-A,Heico Corp,NYSE
298,0000046765,HP,"Helmerich & Payne, Inc.",NYSE
299,0000047111,HSY,Hershey Co,NYSE
300,0000047217,HPQ,Hp Inc,NYSE
301,0000047307,CRAWA,Crawford United Corp,OTC
302,0000047710,HTHIF,Hitachi Ltd,OTC
303,0000047710,HTHIY,Hitachi Ltd,OTC
304,0000048287,HNI,Hni Corp,NYSE
305,0000048465,HRL,Hormel Foods Corp /De/,NYSE
306,0000048898,HUBB,Hubbell Inc,NYSE
307,0000049071,HUM,Humana Inc,NYSE
308,0000049196,HBAN,Huntington Bancshares Inc /Md/,Nasdaq
309,0000049196,HBANL,Huntington Bancshares Inc /Md/,Nasdaq
310,0000049196,HBANM,Huntington Bancshares Inc /Md/,Nasdaq
311,0000049196,HBANP,Huntington Bancshares Inc /Md/,Nasdaq
312,0000049600,EGP,Eastgroup Properties Inc,NYSE
313,0000049754,DIN,"Dine Brands Global, Inc.",NYSE
314,0000049826,ITW,Illinois Tool Works Inc,NYSE
315,0000049938,IMO,Imperial Oil Ltd,NYSE
316,0000050292,IEHC,Ieh Corp,OTC
317,0000050471,TRAK,"Repositrak, Inc.",NYSE
318,0000050493,IMKTA,Ingles Markets Inc,Nasdaq
319,0000050725,GFF,Griffon Corp,NYSE
320,0000050863,INTC,Intel Corp,Nasdaq
321,0000051143,IBM,International Business Machines Corp,NYSE
322,0000051253,IFF,International Flavors & Fragrances Inc,NYSE
323,0000051434,INPAP,International Paper Co /New/,OTC
324,0000051434,IP,International Paper Co /New/,NYSE
325,0000051644,IPG,"Interpublic Group Of Companies, Inc.",NYSE
326,0000052827,RYN,Rayonier Inc,NYSE
327,0000052988,J,Jacobs Solutions Inc.,NYSE
328,0000054187,MAYS,Mays J W Inc,Nasdaq
329,0000055067,K,Kellanova,NYSE
330,0000055135,KELYA,Kelly Services Inc,Nasdaq
331,0000055135,KELYB,Kelly Services Inc,Nasdaq
332,0000055234,KENS,Kenilworth Systems Corp,OTC
333,0000055242,KMT,Kennametal Inc,NYSE
334,0000055529,KEQU,Kewaunee Scientific Corp /De/,Nasdaq
335,0000055785,KMB,Kimberly Clark Corp,NYSE
336,0000056047,KEX,Kirby Corp,NYSE
337,0000056679,KFY,Korn Ferry,NYSE
338,0000056701,KOSS,Koss Corp,Nasdaq
339,0000056868,PNRG,Primeenergy Resources Corp,Nasdaq
340,0000056873,KR,Kroger Co,NYSE
341,0000056978,KLIC,Kulicke & Soffa Industries Inc,Nasdaq
342,0000057131,LZB,La-Z-Boy Inc,NYSE
343,0000057515,LANC,Lancaster Colony Corp,Nasdaq
344,0000058361,LEE,"Lee Enterprises, Inc",Nasdaq
345,0000058411,RONN,"Lee Pharmaceuticals, Inc.",OTC
346,0000058492,LEG,Leggett & Platt Inc,NYSE
347,0000059255,VHI,Valhi Inc /De/,NYSE
348,0000059478,LLY,Eli Lilly & Co,NYSE
349,0000059527,LECO,Lincoln Electric Holdings Inc,Nasdaq
350,0000059558,LNC,Lincoln National Corp,NYSE
351,0000059558,LNC-PD,Lincoln National Corp,NYSE
352,0000060086,L,Loews Corp,NYSE
353,0000060519,LPX,Louisiana-Pacific Corp,NYSE
354,0000060667,LOW,Lowes Companies Inc,NYSE
355,0000060714,LXU,"Lsb Industries, Inc.",NYSE
356,0000061004,LGL,Lgl Group Inc,NYSE
357,0000061004,LGL-WT,Lgl Group Inc,NYSE
358,0000061986,MTW,Manitowoc Co Inc,NYSE
359,0000062234,MCS,Marcus Corp,NYSE
360,0000062362,MARPS,Marine Petroleum Trust,Nasdaq
361,0000062709,MMC,"Marsh & Mclennan Companies, Inc.",NYSE
362,0000062996,MAS,Masco Corp /De/,NYSE
363,0000063276,MAT,Mattel Inc /De/,Nasdaq
364,0000063296,MATW,Matthews International Corp,Nasdaq
365,0000063330,MLP,Maui Land & Pineapple Co Inc,NYSE
366,0000063754,MKC,Mccormick & Co Inc,NYSE
367,0000063754,MKC-V,Mccormick & Co Inc,NYSE
368,0000063908,MCD,Mcdonalds Corp,NYSE
369,0000064040,SPGI,S&P Global Inc.,NYSE
370,0000064463,SLNH,"Soluna Holdings, Inc",Nasdaq
371,0000064463,SLNHP,"Soluna Holdings, Inc",Nasdaq
372,0000064472,GENC,Gencor Industries Inc,NYSE
373,0000064803,CVS,Cvs Health Corp,NYSE
374,0000064996,MCY,Mercury General Corp,NYSE
375,0000065172,MSB,Mesabi Trust,NYSE
376,0000065270,MEI,Methode Electronics Inc,NYSE
377,0000065312,EVI,"Evi Industries, Inc.",NYSE
378,0000065433,MXF,Mexico Fund Inc,NYSE
379,0000065596,SIEB,Siebert Financial Corp,Nasdaq
380,0000065770,MVIS,"Microvision, Inc.",Nasdaq
381,0000065984,ETR,Entergy Corp /De/,NYSE
382,0000066004,MSEX,Middlesex Water Co,Nasdaq
383,0000066004,MSEXP,Middlesex Water Co,OTC
384,0000066382,MLKN,"Millerknoll, Inc.",Nasdaq
385,0000066418,MXC,Mexco Energy Corp,NYSE
386,0000066496,MMTRS,Mills Music Trust,OTC
387,0000066570,MNESP,Msa Safety Inc,OTC
388,0000066570,MSA,Msa Safety Inc,NYSE
389,0000066740,MMM,3M Co,NYSE
390,0000066756,ALE,Allete Inc,NYSE
391,0000066901,EMP,"Entergy Mississippi, Llc",NYSE
392,0000067088,MBFJF,Mitsubishi Ufj Financial Group Inc,OTC
393,0000067088,MUFG,Mitsubishi Ufj Financial Group Inc,NYSE
394,0000067215,DY,Dycom Industries Inc,NYSE
395,0000067347,MOD,Modine Manufacturing Co,NYSE
396,0000067716,MDU,Mdu Resources Group Inc,NYSE
397,0000067887,MOG-A,Moog Inc.,NYSE
398,0000067887,MOG-B,Moog Inc.,NYSE
399,0000068505,MSI,"Motorola Solutions, Inc.",NYSE
400,0000068622,CTBB,Qwest Corp,NYSE
401,0000068622,CTDD,Qwest Corp,NYSE
402,0000069422,INTG,Intergroup Corp,Nasdaq
403,0000069488,MYE,Myers Industries Inc,NYSE
404,0000069633,NSSC,"Napco Security Technologies, Inc",Nasdaq
405,0000069733,NATH,"Nathans Famous, Inc.",Nasdaq
406,0000069891,FIZZ,National Beverage Corp,Nasdaq
407,0000070145,NFG,National Fuel Gas Co,NYSE
408,0000070318,THC,Tenet Healthcare Corp,NYSE
409,0000070487,NRC,National Research Corp,Nasdaq
410,0000070502,NRUC,National Rural Utilities Cooperative Finance Corp /Dc/,NYSE
411,0000070858,BAC,Bank Of America Corp /De/,NYSE
412,0000070858,BAC-PB,Bank Of America Corp /De/,NYSE
413,0000070858,BAC-PE,Bank Of America Corp /De/,NYSE
414,0000070858,BAC-PK,Bank Of America Corp /De/,NYSE
415,0000070858,BAC-PL,Bank Of America Corp /De/,NYSE
416,0000070858,BAC-PM,Bank Of America Corp /De/,NYSE
417,0000070858,BAC-PN,Bank Of America Corp /De/,NYSE
418,0000070858,BAC-PO,Bank Of America Corp /De/,NYSE
419,0000070858,BAC-PP,Bank Of America Corp /De/,NYSE
420,0000070858,BAC-PQ,Bank Of America Corp /De/,NYSE
421,0000070858,BAC-PS,Bank Of America Corp /De/,NYSE
422,0000070858,BACRP,Bank Of America Corp /De/,OTC
423,0000070858,BML-PG,Bank Of America Corp /De/,NYSE
424,0000070858,BML-PH,Bank Of America Corp /De/,NYSE
425,0000070858,BML-PJ,Bank Of America Corp /De/,NYSE
426,0000070858,BML-PL,Bank Of America Corp /De/,NYSE
427,0000070858,MER-PK,Bank Of America Corp /De/,NYSE
428,0000070866,NCRRP,Ncr Voyix Corp,OTC
429,0000070866,VYX,Ncr Voyix Corp,NYSE
430,0000071508,ENJ,"Entergy New Orleans, Llc",NYSE
431,0000071508,ENO,"Entergy New Orleans, Llc",NYSE
432,0000071557,NUVR,"Nuvera Communications, Inc.",OTC
433,0000071691,NYT,New York Times Co,NYSE
434,0000071829,NPKI,Npk International Inc.,NYSE
435,0000072162,NL,Nl Industries Inc,NYSE
436,0000072205,NOBH,Nobility Homes Inc,OTC
437,0000072331,NDSN,Nordson Corp,Nasdaq
438,0000072333,JWN,Nordstrom Inc,NYSE
439,0000072444,VXRT,"Vaxart, Inc.",Nasdaq
440,0000072573,MOV,Movado Group Inc,NYSE
441,0000072573,MOVAA,Movado Group Inc,OTC
442,0000072633,NRT,North European Oil Royalty Trust,NYSE
443,0000072741,ES,Eversource Energy,NYSE
444,0000072903,XEL,Xcel Energy Inc,Nasdaq
445,0000072971,WFC,Wells Fargo & Company/Mn,NYSE
446,0000072971,WFC-PA,Wells Fargo & Company/Mn,NYSE
447,0000072971,WFC-PC,Wells Fargo & Company/Mn,NYSE
448,0000072971,WFC-PD,Wells Fargo & Company/Mn,NYSE
449,0000072971,WFC-PL,Wells Fargo & Company/Mn,NYSE
450,0000072971,WFC-PY,Wells Fargo & Company/Mn,NYSE
451,0000072971,WFC-PZ,Wells Fargo & Company/Mn,NYSE
452,0000072971,WFCNP,Wells Fargo & Company/Mn,OTC
453,0000073124,NTRS,Northern Trust Corp,Nasdaq
454,0000073124,NTRSO,Northern Trust Corp,Nasdaq
455,0000073290,BMRA,Biomerica Inc,Nasdaq
456,0000073309,NUE,Nucor Corp,NYSE
457,0000073756,OII,Oceaneering International Inc,NYSE
458,0000074046,ODC,Oil-Dri Corp Of America,NYSE
459,0000074208,UDR,"Udr, Inc.",NYSE
460,0000074260,ORI,Old Republic International Corp,NYSE
461,0000074303,OLN,Olin Corp,NYSE
462,0000075252,OMI,Owens & Minor Inc/Va/,NYSE
463,0000075288,OXM,Oxford Industries Inc,NYSE
464,0000075362,PCAR,Paccar Inc,Nasdaq
465,0000075398,PAI,Western Asset Investment Grade Income Fund Inc.,NYSE
466,0000075677,PKG,Packaging Corp Of America,NYSE
467,0000076267,PKE,Park Aerospace Corp,NYSE
468,0000076282,PKOH,Park Ohio Holdings Corp,Nasdaq
469,0000076334,PH,Parker-Hannifin Corp,NYSE
470,0000076605,PATK,Patrick Industries Inc,Nasdaq
471,0000077360,PNR,Pentair Plc,NYSE
472,0000077476,PEP,Pepsico Inc,Nasdaq
473,0000077543,TPC,Tutor Perini Corp,NYSE
474,0000078003,PFE,Pfizer Inc,NYSE
475,0000078128,WTRG,"Essential Utilities, Inc.",NYSE
476,0000078150,PHI,Pldt Inc.,NYSE
477,0000078150,PHTCF,Pldt Inc.,OTC
478,0000078239,PVH,Pvh Corp. /De/,NYSE
479,0000078749,AGYS,Agilysys Inc,Nasdaq
480,0000078814,PBI,Pitney Bowes Inc /De/,NYSE
481,0000078814,PBI-PB,Pitney Bowes Inc /De/,NYSE
482,0000078890,BCO,Brinks Co,NYSE
483,0000079282,BRO,"Brown & Brown, Inc.",NYSE
484,0000079661,PRSI,Portsmouth Square Inc,OTC
485,0000079879,PPG,Ppg Industries Inc,NYSE
486,0000080035,PLPC,Preformed Line Products Co,Nasdaq
487,0000080172,NPK,National Presto Industries Inc,NYSE
488,0000080420,POWL,Powell Industries Inc,Nasdaq
489,0000080424,PG,Procter & Gamble Co,NYSE
490,0000080661,PGR,Progressive Corp/Oh/,NYSE
491,0000081023,PNMXO,Public Service Co Of New Mexico,OTC
492,0000081362,KWR,Quaker Chemical Corp,NYSE
493,0000081955,RAND,Rand Capital Corp,Nasdaq
494,0000082020,USLM,United States Lime & Minerals Inc,Nasdaq
495,0000082473,IHT,Innsuites Hospitality Trust,NYSE
496,0000082811,RRX,Regal Rexnord Corp,NYSE
497,0000083350,RSRV,Reserve Petroleum Co,OTC
498,0000084112,RSKIA,"George Risk Industries, Inc.",OTC
499,0000084246,RLI,Rli Corp,NYSE
500,0000084748,ROG,Rogers Corp,NYSE
501,0000084839,ROL,Rollins Inc,NYSE
502,0000085535,RGLD,Royal Gold Inc,Nasdaq
503,0000085961,R,Ryder System Inc,NYSE
504,0000086115,SFES,Safeguard Scientifics Inc,OTC
505,0000086312,TRV,"Travelers Companies, Inc.",NYSE
506,0000087050,NEON,Neonode Inc.,Nasdaq
507,0000087347,SLB,Schlumberger Limited/Nv,NYSE
508,0000087802,SCND,Scientific Industries Inc,OTC
509,0000088000,HKHC,Horizon Kinetics Holding Corp,OTC
510,0000088121,SEB,Seaboard Corp /De/,NYSE
511,0000088205,SPXC,"Spx Technologies, Inc.",NYSE
512,0000088941,SMTC,Semtech Corp,Nasdaq
513,0000088948,SENEA,Seneca Foods Corp,Nasdaq
514,0000088948,SENEB,Seneca Foods Corp,Nasdaq
515,0000088948,SENEL,Seneca Foods Corp,OTC
516,0000088948,SENEM,Seneca Foods Corp,OTC
517,0000089089,SCI,Service Corp International,NYSE
518,0000089140,SVT,Servotronics Inc /De/,NYSE
519,0000089439,MLI,Mueller Industries Inc,NYSE
520,0000089800,SHW,Sherwin Williams Co,NYSE
521,0000090168,SIF,Sifco Industries Inc,NYSE
522,0000090498,SFNC,Simmons First National Corp,Nasdaq
523,0000090896,SKY,"Champion Homes, Inc.",NYSE
524,0000091142,AOS,Smith A O Corp,NYSE
525,0000091388,SFD,Smithfield Foods Inc,Nasdaq
526,0000091419,SJM,J M Smucker Co,NYSE
527,0000091440,SNA,Snap-On Inc,NYSE
528,0000091576,KEY,Keycorp /New/,NYSE
529,0000091576,KEY-PI,Keycorp /New/,NYSE
530,0000091576,KEY-PJ,Keycorp /New/,NYSE
531,0000091576,KEY-PK,Keycorp /New/,NYSE
532,0000091576,KEY-PL,Keycorp /New/,NYSE
533,0000091668,SODI,Solitron Devices Inc,OTC
534,0000091767,SON,Sonoco Products Co,NYSE
535,0000091847,SOR,Source Capital /De/,NYSE
536,0000092103,SCE-PG,Southern California Edison Co,NYSE
537,0000092103,SCE-PJ,Southern California Edison Co,NYSE
538,0000092103,SCE-PK,Southern California Edison Co,NYSE
539,0000092103,SCE-PL,Southern California Edison Co,NYSE
540,0000092103,SCE-PM,Southern California Edison Co,NYSE
541,0000092103,SCE-PN,Southern California Edison Co,NYSE
542,0000092108,SOCGM,Southern California Gas Co,OTC
543,0000092108,SOCGP,Southern California Gas Co,OTC
544,0000092122,SO,Southern Co,NYSE
545,0000092122,SOJC,Southern Co,NYSE
546,0000092122,SOJD,Southern Co,NYSE
547,0000092122,SOJE,Southern Co,NYSE
548,0000092122,SOJF,Southern Co,NYSE
549,0000092230,TFC,Truist Financial Corp,NYSE
550,0000092230,TFC-PI,Truist Financial Corp,NYSE
551,0000092230,TFC-PO,Truist Financial Corp,NYSE
552,0000092230,TFC-PR,Truist Financial Corp,NYSE
553,0000092380,LUV,Southwest Airlines Co,NYSE
554,0000093314,VNRX,Volitionrx Ltd,NYSE
555,0000093389,SMP,"Standard Motor Products, Inc.",NYSE
556,0000093410,CVX,Chevron Corp,NYSE
557,0000093556,SWK,"Stanley Black & Decker, Inc.",NYSE
558,0000093751,STT,State Street Corp,NYSE
559,0000093751,STT-PG,State Street Corp,NYSE
560,0000094049,SCL,Stepan Co,NYSE
561,0000094344,STC,Stewart Information Services Corp,NYSE
562,0000094845,LEVI,Levi Strauss & Co,NYSE
563,0000095029,RGR,Sturm Ruger & Co Inc,NYSE
564,0000095552,SUP,Superior Industries International Inc,NYSE
565,0000095574,SGC,"Superior Group Of Companies, Inc.",Nasdaq
566,0000095953,ACNT,Ascent Industries Co.,Nasdaq
567,0000096021,SYY,Sysco Corp,NYSE
568,0000096223,JEF,Jefferies Financial Group Inc.,NYSE
569,0000096536,TAYD,"Taylor Devices, Inc.",Nasdaq
570,0000096793,SSY,Sunlink Health Systems Inc,NYSE
571,0000096869,TRC,Tejon Ranch Co,NYSE
572,0000096885,TIKK,Tel Instrument Electronics Corp,OTC
573,0000096943,TFX,Teleflex Inc,NYSE
574,0000097134,TNC,Tennant Co,NYSE
575,0000097210,TER,"Teradyne, Inc",Nasdaq
576,0000097216,TEX,Terex Corp,NYSE
577,0000097476,TXN,Texas Instruments Inc,Nasdaq
578,0000097745,TMO,Thermo Fisher Scientific Inc.,NYSE
579,0000098222,TDDWW,Tidewater Inc,OTC
580,0000098222,TDGMW,Tidewater Inc,OTC
581,0000098222,TDW,Tidewater Inc,NYSE
582,0000098362,TKR,Timken Co,NYSE
583,0000098677,TR,Tootsie Roll Industries Inc,NYSE
584,0000098677,TROLB,Tootsie Roll Industries Inc,OTC
585,0000099106,TNLX,Trans Lux Corp,OTC
586,0000099302,TRNS,Transcat Inc,Nasdaq
587,0000099614,TY,Tri-Continental Corp,NYSE
588,0000099614,TY-P,Tri-Continental Corp,NYSE
589,0000099780,TRN,Trinity Industries Inc,NYSE
590,0000100378,TWIN,Twin Disc Inc,Nasdaq
591,0000100493,TSN,"Tyson Foods, Inc.",NYSE
592,0000100517,UAL,"United Airlines Holdings, Inc.",Nasdaq
593,0000100591,AGX,Argan Inc,NYSE
594,0000100726,UFI,Unifi Inc,NYSE
595,0000100826,UELMO,Union Electric Co,OTC
596,0000100826,UEPCN,Union Electric Co,OTC
597,0000100826,UEPCO,Union Electric Co,OTC
598,0000100826,UEPCP,Union Electric Co,OTC
599,0000100826,UEPEM,Union Electric Co,OTC
600,0000100826,UEPEN,Union Electric Co,OTC
601,0000100826,UEPEO,Union Electric Co,OTC
602,0000100826,UEPEP,Union Electric Co,OTC
603,0000100885,UNP,Union Pacific Corp,NYSE
604,0000101199,UFCS,United Fire Group Inc,Nasdaq
605,0000101295,UG,United Guardian Inc,Nasdaq
606,0000101382,UMBF,Umb Financial Corp,Nasdaq
607,0000101382,UMBFP,Umb Financial Corp,Nasdaq
608,0000101538,UAMY,United States Antimony Corp,NYSE
609,0000101594,USEG,Us Energy Corp,Nasdaq
610,0000101829,RTX,Rtx Corp,NYSE
611,0000101984,UEIC,Universal Electronics Inc,Nasdaq
612,0000102037,UVV,Universal Corp /Va/,NYSE
613,0000102109,UUU,Universal Security Instruments Inc,NYSE
614,0000102212,UVSP,Univest Financial Corp,Nasdaq
615,0000102426,STEW,"Srh Total Return Fund, Inc.",NYSE
616,0000102729,VMI,Valmont Industries Inc,NYSE
617,0000102752,VSEC,Vse Corp,Nasdaq
618,0000103145,VECO,Veeco Instruments Inc,Nasdaq
619,0000103379,VFC,V F Corp,NYSE
620,0000103595,VLGEA,Village Super Market Inc,Nasdaq
621,0000103730,VSH,Vishay Intertechnology Inc,NYSE
622,0000104169,WMT,Walmart Inc.,NYSE
623,0000104889,GHC,Graham Holdings Co,NYSE
624,0000104894,ELME,Elme Communities,NYSE
625,0000104918,AVA,Avista Corp,NYSE
626,0000105016,WSO,Watsco Inc,NYSE
627,0000105016,WSO-B,Watsco Inc,NYSE
628,0000105132,WDFC,Wd 40 Co,Nasdaq
629,0000105319,WW,"Ww International, Inc.",Nasdaq
630,0000105418,WMK,Weis Markets Inc,NYSE
631,0000105634,EME,"Emcor Group, Inc.",NYSE
632,0000105744,GBR,"New Concept Energy, Inc.",NYSE
633,0000105770,WST,West Pharmaceutical Services Inc,NYSE
634,0000106040,WDC,Western Digital Corp,Nasdaq
635,0000106532,WEYS,Weyco Group Inc,Nasdaq
636,0000106535,WY,Weyerhaeuser Co,NYSE
637,0000106640,WHR,Whirlpool Corp /De/,NYSE
638,0000107140,WLY,"John Wiley & Sons, Inc.",NYSE
639,0000107140,WLYB,"John Wiley & Sons, Inc.",NYSE
640,0000107263,WMB,"Williams Companies, Inc.",NYSE
641,0000107687,WGO,Winnebago Industries Inc,NYSE
642,0000107815,WELPM,Wisconsin Electric Power Co,OTC
643,0000107815,WELPP,Wisconsin Electric Power Co,OTC
644,0000108312,WWD,"Woodward, Inc.",Nasdaq
645,0000108385,WRLD,World Acceptance Corp,Nasdaq
646,0000108516,WOR,"Worthington Enterprises, Inc.",NYSE
647,0000108985,YORW,York Water Co,Nasdaq
648,0000109177,SPB,"Spectrum Brands Holdings, Inc.",NYSE
649,0000109198,TJX,Tjx Companies Inc /De/,NYSE
650,0000109380,ZION,"Zions Bancorporation, National Association /Ut/",Nasdaq
651,0000109380,ZIONP,"Zions Bancorporation, National Association /Ut/",Nasdaq
652,0000109563,AIT,Applied Industrial Technologies Inc,NYSE
653,0000109657,GTBP,"Gt Biopharma, Inc.",Nasdaq
654,0000110471,WWW,Wolverine World Wide Inc /De/,NYSE
655,0000110621,RPM,Rpm International Inc/De/,NYSE
656,0000200406,JNJ,Johnson & Johnson,NYSE
657,0000201533,CMS-PB,Consumers Energy Co,NYSE
658,0000202058,LHX,"L3Harris Technologies, Inc. /De/",NYSE
659,0000202947,CPTP,Capital Properties Inc /Ri/,OTC
660,0000203596,WSBC,Wesbanco Inc,Nasdaq
661,0000203596,WSBCP,Wesbanco Inc,Nasdaq
662,0000215466,CDE,"Coeur Mining, Inc.",NYSE
663,0000216085,HVT,Haverty Furniture Companies Inc,NYSE
664,0000216085,HVT-A,Haverty Furniture Companies Inc,NYSE
665,0000216228,ITT,Itt Inc.,NYSE
666,0000216851,PEO,"Adams Natural Resources Fund, Inc.",NYSE
667,0000217346,TXT,Textron Inc,NYSE
668,0000217410,UL,Unilever Plc,NYSE
669,0000217410,UNLYF,Unilever Plc,OTC
670,0000230557,SIGI,Selective Insurance Group Inc,Nasdaq
671,0000230557,SIGIP,Selective Insurance Group Inc,Nasdaq
672,0000275053,NATR,Natures Sunshine Products Inc,Nasdaq
673,0000275694,MCI,Barings Corporate Investors,NYSE
674,0000275880,PSN,Parsons Corp,NYSE
675,0000276720,PCYO,Pure Cycle Corp,Nasdaq
676,0000277135,GWW,"W.W. Grainger, Inc.",NYSE
677,0000277509,FSS,Federal Signal Corp /De/,NYSE
678,0000277948,CSX,Csx Corp,Nasdaq
679,0000278165,OMQS,Omniq Corp.,OTC
680,0000278166,CVCO,Cavco Industries Inc.,Nasdaq
681,0000310142,SXT,Sensient Technologies Corp,NYSE
682,0000310158,MRK,"Merck & Co., Inc.",NYSE
683,0000310354,SXI,Standex International Corp/De/,NYSE
684,0000310522,FNMA,Federal National Mortgage Association Fannie Mae,OTC
685,0000310522,FNMAG,Federal National Mortgage Association Fannie Mae,OTC
686,0000310522,FNMAH,Federal National Mortgage Association Fannie Mae,OTC
687,0000310522,FNMAI,Federal National Mortgage Association Fannie Mae,OTC
688,0000310522,FNMAJ,Federal National Mortgage Association Fannie Mae,OTC
689,0000310522,FNMAK,Federal National Mortgage Association Fannie Mae,OTC
690,0000310522,FNMAL,Federal National Mortgage Association Fannie Mae,OTC
691,0000310522,FNMAM,Federal National Mortgage Association Fannie Mae,OTC
692,0000310522,FNMAN,Federal National Mortgage Association Fannie Mae,OTC
693,0000310522,FNMAO,Federal National Mortgage Association Fannie Mae,OTC
694,0000310522,FNMAP,Federal National Mortgage Association Fannie Mae,OTC
695,0000310522,FNMAS,Federal National Mortgage Association Fannie Mae,OTC
696,0000310522,FNMAT,Federal National Mortgage Association Fannie Mae,OTC
697,0000310522,FNMFM,Federal National Mortgage Association Fannie Mae,OTC
698,0000310522,FNMFN,Federal National Mortgage Association Fannie Mae,OTC
699,0000310522,FNMFO,Federal National Mortgage Association Fannie Mae,OTC
700,0000310732,BNPQF,Bnp Paribas,OTC
701,0000310732,BNPQY,Bnp Paribas,OTC
702,0000310732,BNPZY,Bnp Paribas,OTC
703,0000310764,SYK,Stryker Corp,NYSE
704,0000311094,WABC,Westamerica Bancorporation,Nasdaq
705,0000311337,SU,Suncor Energy Inc,NYSE
706,0000312069,BCLYF,Barclays Plc,OTC
707,0000312069,BCS,Barclays Plc,NYSE
708,0000312070,ATMP,Barclays Bank Plc,CBOE
709,0000312070,BWVTF,Barclays Bank Plc,OTC
710,0000312070,COWTF,Barclays Bank Plc,OTC
711,0000312070,DJP,Barclays Bank Plc,NYSE
712,0000312070,GBUG,Barclays Bank Plc,Nasdaq
713,0000312070,GRN,Barclays Bank Plc,NYSE
714,0000312070,JJCTF,Barclays Bank Plc,OTC
715,0000312070,JJETF,Barclays Bank Plc,OTC
716,0000312070,JJGTF,Barclays Bank Plc,OTC
717,0000312070,PGMFF,Barclays Bank Plc,OTC
718,0000312070,TAPR,Barclays Bank Plc,CBOE
719,0000312070,VXX,Barclays Bank Plc,CBOE
720,0000312070,VXZ,Barclays Bank Plc,CBOE
721,0000312257,IVFH,Innovative Food Holdings Inc,OTC
722,0000313143,HAE,Haemonetics Corp,NYSE
723,0000313216,PHG,Koninklijke Philips Nv,NYSE
724,0000313216,RYLPF,Koninklijke Philips Nv,OTC
725,0000313364,MTR,Mesa Royalty Trust/Tx,NYSE
726,0000313616,DHR,Danaher Corp /De/,NYSE
727,0000313807,BP,Bp Plc,NYSE
728,0000313807,BPAQF,Bp Plc,OTC
729,0000313838,SNEJF,Sony Group Corp,OTC
730,0000313838,SONY,Sony Group Corp,NYSE
731,0000313927,CHD,Church & Dwight Co Inc /De/,NYSE
732,0000314203,MUX,Mcewen Mining Inc.,NYSE
733,0000314227,TOMZ,"Tomi Environmental Solutions, Inc.",Nasdaq
734,0000314489,BUSE,First Busey Corp /Nv/,Nasdaq
735,0000314590,SASOF,Sasol Ltd,OTC
736,0000314590,SSL,Sasol Ltd,NYSE
737,0000314808,VAL,Valaris Ltd,NYSE
738,0000314808,VAL-WT,Valaris Ltd,NYSE
739,0000315131,PHX,Phx Minerals Inc.,NYSE
740,0000315189,DE,Deere & Co,NYSE
741,0000315213,RHI,Robert Half Inc.,NYSE
742,0000315293,AON,Aon Plc,NYSE
743,0000315374,HURC,Hurco Companies Inc,Nasdaq
744,0000315545,PVCT,"Provectus Biopharmaceuticals, Inc.",OTC
745,0000315709,IBOC,International Bancshares Corp,Nasdaq
746,0000315852,RRC,Range Resources Corp,NYSE
747,0000315958,CRMZ,Creditriskmonitor Com Inc,OTC
748,0000316253,ENZ,Enzo Biochem Inc,NYSE
749,0000316253,ENZB,Enzo Biochem Inc,OTC
750,0000316709,SCHW,Schwab Charles Corp,NYSE
751,0000316709,SCHW-PD,Schwab Charles Corp,NYSE
752,0000316709,SCHW-PJ,Schwab Charles Corp,NYSE
753,0000316888,ASM,Avino Silver & Gold Mines Ltd,NYSE
754,0000317540,COKE,"Coca-Cola Consolidated, Inc.",Nasdaq
755,0000317788,APPS,"Digital Turbine, Inc.",Nasdaq
756,0000318154,AMGN,Amgen Inc,Nasdaq
757,0000318299,SRCO,"Sparta Commercial Services, Inc.",OTC
758,0000318300,PEBO,Peoples Bancorp Inc,Nasdaq
759,0000318306,ABEO,Abeona Therapeutics Inc.,Nasdaq
760,0000318673,SNFCA,Security National Financial Corp,Nasdaq
761,0000318833,TISI,Team Inc,NYSE
762,0000319016,FZMD,"Fuse Medical, Inc.",OTC
763,0000319201,KLAC,Kla Corp,Nasdaq
764,0000319458,ENSV,Enservco Corp,OTC
765,0000319654,PBT,Permian Basin Royalty Trust,NYSE
766,0000319655,SJT,San Juan Basin Royalty Trust,NYSE
767,0000320017,LSTA,"Lisata Therapeutics, Inc.",Nasdaq
768,0000320121,TLS,Telos Corp,Nasdaq
769,0000320187,NKE,"Nike, Inc.",NYSE
770,0000320193,AAPL,Apple Inc.,Nasdaq
771,0000320335,GL,Globe Life Inc.,NYSE
772,0000320335,GL-PD,Globe Life Inc.,NYSE
773,0000320340,CCRD,Corecard Corp,NYSE
774,0000350698,AN,"Autonation, Inc.",NYSE
775,0000350852,CTBI,Community Trust Bancorp Inc /Ky/,Nasdaq
776,0000350894,SEIC,Sei Investments Co,Nasdaq
777,0000351569,ABCB,Ameris Bancorp,NYSE
778,0000351789,ELSE,Electro Sensors Inc,Nasdaq
779,0000351834,STKL,Sunopta Inc.,Nasdaq
780,0000351998,DAIO,Data I/O Corp,Nasdaq
781,0000352541,LNT,Alliant Energy Corp,Nasdaq
782,0000352825,FSTR,Foster L B Co,Nasdaq
783,0000352915,UHS,Universal Health Services Inc,NYSE
784,0000352955,CKX,"Ckx Lands, Inc.",NYSE
785,0000352991,AOXY,Advanced Oxygen Technologies Inc,OTC
786,0000353184,AIRT,Air T Inc,Nasdaq
787,0000353184,AIRTP,Air T Inc,Nasdaq
788,0000353278,NONOF,Novo Nordisk A S,OTC
789,0000353278,NVO,Novo Nordisk A S,NYSE
790,0000353991,NDEKF,Nitto Denko Corp / Adr/,OTC
791,0000353991,NDEKY,Nitto Denko Corp / Adr/,OTC
792,0000354190,AJG,Arthur J. Gallagher & Co.,NYSE
793,0000354518,EBCOF,Ebara Corp /Adr/,OTC
794,0000354518,EBCOY,Ebara Corp /Adr/,OTC
795,0000354647,CVBF,Cvb Financial Corp,Nasdaq
796,0000354707,HE,Hawaiian Electric Industries Inc,NYSE
797,0000354950,HD,"Home Depot, Inc.",NYSE
798,0000354963,SHEN,Shenandoah Telecommunications Co/Va/,Nasdaq
799,0000355019,FONR,Fonar Corp,Nasdaq
800,0000355811,GNTX,Gentex Corp,Nasdaq
801,0000355948,RELL,"Richardson Electronics, Ltd.",Nasdaq
802,0000356037,CSPI,Csp Inc /Ma/,Nasdaq
803,0000356171,TCBK,Trico Bancshares /,Nasdaq
804,0000356309,NJR,New Jersey Resources Corp,NYSE
805,0000356590,GTII,"Global Tech Industries Group, Inc.",OTC
806,0000357173,OSBC,Old Second Bancorp Inc,Nasdaq
807,0000357294,HOV,Hovnanian Enterprises Inc,NYSE
808,0000357294,HOVNP,Hovnanian Enterprises Inc,Nasdaq
809,0000357294,HOVVB,Hovnanian Enterprises Inc,OTC
810,0000357301,TRST,Trustco Bank Corp N Y,Nasdaq
811,0000700564,FULT,Fulton Financial Corp,Nasdaq
812,0000700564,FULTP,Fulton Financial Corp,Nasdaq
813,0000700565,FMBH,"First Mid Bancshares, Inc.",Nasdaq
814,0000700841,RCMT,"Rcm Technologies, Inc.",Nasdaq
815,0000700923,MYRG,Myr Group Inc.,Nasdaq
816,0000701347,CPF,Central Pacific Financial Corp,NYSE
817,0000701719,ELA,Envela Corp,NYSE
818,0000701818,KGC,Kinross Gold Corp,NYSE
819,0000701818,KGCRF,Kinross Gold Corp,OTC
820,0000701985,BBWI,"Bath & Body Works, Inc.",NYSE
821,0000702165,NSC,Norfolk Southern Corp,NYSE
822,0000703351,EAT,"Brinker International, Inc",NYSE
823,0000703604,DSGR,"Distribution Solutions Group, Inc.",Nasdaq
824,0000704172,PHIL,Phi Group Inc,OTC
825,0000704440,KRMD,"Koru Medical Systems, Inc.",Nasdaq
826,0000704532,ONTO,Onto Innovation Inc.,NYSE
827,0000705432,SBSI,Southside Bancshares Inc,NYSE
828,0000706129,HBNC,Horizon Bancorp Inc /In/,Nasdaq
829,0000706698,UTMD,Utah Medical Products Inc,Nasdaq
830,0000706863,UNB,Union Bankshares Inc,Nasdaq
831,0000707179,ONB,Old National Bancorp /In/,Nasdaq
832,0000707179,ONBPO,Old National Bancorp /In/,Nasdaq
833,0000707179,ONBPP,Old National Bancorp /In/,Nasdaq
834,0000707388,STRR,"Star Equity Holdings, Inc.",Nasdaq
835,0000707388,STRRP,"Star Equity Holdings, Inc.",Nasdaq
836,0000707549,LRCX,Lam Research Corp,Nasdaq
837,0000707605,ASRV,Ameriserv Financial Inc /Pa/,Nasdaq
838,0000708781,CASS,Cass Information Systems Inc,Nasdaq
839,0000708821,PAR,Par Technology Corp,NYSE
840,0000708955,FFBC,First Financial Bancorp /Oh/,Nasdaq
841,0000709005,NROM,Noble Romans Inc,OTC
842,0000709283,QMCO,Quantum Corp /De/,Nasdaq
843,0000709337,FMNB,Farmers National Banc Corp /Oh/,Nasdaq
844,0000710752,SBR,Sabine Royalty Trust,NYSE
845,0000711034,THMG,Thunder Mountain Gold Inc,OTC
846,0000711377,NEOG,Neogen Corp,Nasdaq
847,0000711404,COO,"Cooper Companies, Inc.",Nasdaq
848,0000711669,CBAN,Colony Bankcorp Inc,NYSE
849,0000712034,ACCO,Acco Brands Corp,NYSE
850,0000712515,EA,Electronic Arts Inc.,Nasdaq
851,0000712534,FRME,First Merchants Corp,Nasdaq
852,0000712534,FRMEP,First Merchants Corp,Nasdaq
853,0000712537,FCF,First Commonwealth Financial Corp /Pa/,NYSE
854,0000712770,OLP,One Liberty Properties Inc,NYSE
855,0000712771,CNOB,"Connectone Bancorp, Inc.",Nasdaq
856,0000712771,CNOBP,"Connectone Bancorp, Inc.",Nasdaq
857,0000713676,PNC,"Pnc Financial Services Group, Inc.",NYSE
858,0000714256,SMTI,Sanara Medtech Inc.,Nasdaq
859,0000714310,VLY,Valley National Bancorp,Nasdaq
860,0000714310,VLYPN,Valley National Bancorp,Nasdaq
861,0000714310,VLYPO,Valley National Bancorp,Nasdaq
862,0000714310,VLYPP,Valley National Bancorp,Nasdaq
863,0000714395,GABC,"German American Bancorp, Inc.",Nasdaq
864,0000714562,THFF,First Financial Corp /In/,Nasdaq
865,0000714712,JUVF,Juniata Valley Financial Corp,OTC
866,0000715072,RNST,Renasant Corp,NYSE
867,0000715153,HMC,Honda Motor Co Ltd,NYSE
868,0000715153,HNDAF,Honda Motor Co Ltd,OTC
869,0000715446,ANIX,Anixa Biosciences Inc,Nasdaq
870,0000715579,ACNB,Acnb Corp,Nasdaq
871,0000715787,TILE,Interface Inc,Nasdaq
872,0000715957,D,"Dominion Energy, Inc",NYSE
873,0000716006,YELLQ,Yellow Corp,OTC
874,0000716314,GHM,Graham Corp,NYSE
875,0000716605,PWOD,Penns Woods Bancorp Inc,Nasdaq
876,0000716634,RDI,Reading International Inc,Nasdaq
877,0000716634,RDIB,Reading International Inc,Nasdaq
878,0000716643,RGS,Regis Corp,Nasdaq
879,0000717423,MUR,Murphy Oil Corp,NYSE
880,0000717538,AROW,Arrow Financial Corp,Nasdaq
881,0000717605,HXL,Hexcel Corp /De/,NYSE
882,0000717720,VALU,Value Line Inc,Nasdaq
883,0000717806,FUSB,"First Us Bancshares, Inc.",Nasdaq
884,0000717826,ERIC,Ericsson Lm Telephone Co,Nasdaq
885,0000717826,ERIXF,Ericsson Lm Telephone Co,OTC
886,0000717954,UNF,Unifirst Corp,NYSE
887,0000718332,RAVE,"Rave Restaurant Group, Inc.",Nasdaq
888,0000718413,CMTV,Community Bancorp /Vt,OTC
889,0000718937,STAA,Staar Surgical Co,Nasdaq
890,0000718940,BCAEF,Bce Inc,OTC
891,0000718940,BCE,Bce Inc,NYSE
892,0000718940,BCEFF,Bce Inc,OTC
893,0000718940,BCEIF,Bce Inc,OTC
894,0000718940,BCENF,Bce Inc,OTC
895,0000718940,BCEPF,Bce Inc,OTC
896,0000718940,BCEXF,Bce Inc,OTC
897,0000718940,BCPPF,Bce Inc,OTC
898,0000718940,BECEF,Bce Inc,OTC
899,0000719135,APYX,Apyx Medical Corp,Nasdaq
900,0000719220,STBA,S&T Bancorp Inc,Nasdaq
901,0000719245,WEBNF,Westpac Banking Corp,OTC
902,0000719402,FXNC,First National Corp /Va/,Nasdaq
903,0000719413,HL,Hecla Mining Co/De/,NYSE
904,0000719413,HL-PB,Hecla Mining Co/De/,NYSE
905,0000719733,KTCC,Key Tronic Corp,Nasdaq
906,0000719955,WSM,Williams Sonoma Inc,NYSE
907,0000720005,RJF,Raymond James Financial Inc,NYSE
908,0000720005,RJF-PB,Raymond James Financial Inc,NYSE
909,0000720154,NOTV,"Inotiv, Inc.",Nasdaq
910,0000720500,ASYS,Amtech Systems Inc,Nasdaq
911,0000720672,SF,Stifel Financial Corp,NYSE
912,0000720672,SF-PB,Stifel Financial Corp,NYSE
913,0000720672,SF-PC,Stifel Financial Corp,NYSE
914,0000720672,SF-PD,Stifel Financial Corp,NYSE
915,0000720672,SFB,Stifel Financial Corp,NYSE
916,0000720762,NIMU,Non Invasive Monitoring Systems Inc /Fl/,OTC
917,0000720858,ITIC,Investors Title Co,Nasdaq
918,0000720875,DYNT,Dynatronics Corp,OTC
919,0000721371,CAH,Cardinal Health Inc,NYSE
920,0000721693,CREG,Smart Powerr Corp.,Nasdaq
921,0000721994,LKFN,Lakeland Financial Corp,Nasdaq
922,0000722313,NSYS,Nortech Systems Inc,Nasdaq
923,0000722572,FKWL,Franklin Wireless Corp,Nasdaq
924,0000723125,MU,Micron Technology Inc,Nasdaq
925,0000723188,CBU,"Community Financial System, Inc.",NYSE
926,0000723254,CTAS,Cintas Corp,Nasdaq
927,0000723531,PAYX,Paychex Inc,Nasdaq
928,0000723533,WYGC,Wenyuan Group Corp.,OTC
929,0000723603,CULP,Culp Inc,NYSE
930,0000723612,CAR,"Avis Budget Group, Inc.",Nasdaq
931,0000723646,FRAF,Franklin Financial Services Corp /Pa/,Nasdaq
932,0000724004,MLAB,Mesa Laboratories Inc /Co/,Nasdaq
933,0000724445,BZYR,Burzynski Research Institute Inc,OTC
934,0000724742,TPHS,Trinity Place Holdings Inc.,OTC
935,0000724910,NVEC,Nve Corp /New/,Nasdaq
936,0000725363,CVM,Cel Sci Corp,NYSE
937,0000725394,DFCO,Dalrada Financial Corp,OTC
938,0000726601,CCBG,Capital City Bank Group Inc,Nasdaq
939,0000726728,O,Realty Income Corp,NYSE
940,0000726854,CHCO,City Holding Co,Nasdaq
941,0000726958,CASY,Caseys General Stores Inc,Nasdaq
942,0000727207,AXDX,"Accelerate Diagnostics, Inc",Nasdaq
943,0000727273,CDZI,Cadiz Inc,Nasdaq
944,0000727273,CDZIP,Cadiz Inc,Nasdaq
945,0000727346,GBCS,"Selectis Health, Inc.",OTC
946,0000727510,ENZN,"Enzon Pharmaceuticals, Inc.",OTC
947,0000728385,BCHT,Birchtech Corp.,OTC
948,0000728387,CATX,"Perspective Therapeutics, Inc.",NYSE
949,0000728535,JBHT,Hunt J B Transport Services Inc,Nasdaq
950,0000729580,BELFA,Bel Fuse Inc /Nj,Nasdaq
951,0000729580,BELFB,Bel Fuse Inc /Nj,Nasdaq
952,0000729986,UBSI,United Bankshares Inc/Wv,Nasdaq
953,0000730263,THO,Thor Industries Inc,NYSE
954,0000730272,RGEN,Repligen Corp,Nasdaq
955,0000730349,TOFB,Tofutti Brands Inc,OTC
956,0000730464,ATGE,Adtalem Global Education Inc.,NYSE
957,0000730708,SBCF,Seacoast Banking Corp Of Florida,Nasdaq
958,0000731012,HCSG,Healthcare Services Group Inc,Nasdaq
959,0000731122,CCFN,Muncy Columbia Financial Corp,OTC
960,0000731653,UBCP,United Bancorp Inc /Oh/,Nasdaq
961,0000731766,UNH,Unitedhealth Group Inc,NYSE
962,0000731802,ATO,Atmos Energy Corp,NYSE
963,0000732026,TRT,Trio-Tech International,NYSE
964,0000732417,HBIA,Hills Bancorporation,OTC
965,0000732712,VZ,Verizon Communications Inc,NYSE
966,0000732717,T,At&T Inc.,NYSE
967,0000732717,T-PA,At&T Inc.,NYSE
968,0000732717,T-PC,At&T Inc.,NYSE
969,0000732717,TBB,At&T Inc.,NYSE
970,0000733099,RCI,Rogers Communications Inc,NYSE
971,0000733099,RCIAF,Rogers Communications Inc,OTC
972,0000733269,RAMP,"Liveramp Holdings, Inc.",NYSE
973,0000733337,PWCO,"Pwrcor, Inc.",OTC
974,0000733590,TCI,Transcontinental Realty Investors Inc,NYSE
975,0000736012,INTZ,Intrusion Inc,Nasdaq
976,0000736772,CCNE,Cnb Financial Corp/Pa,Nasdaq
977,0000736772,CCNEP,Cnb Financial Corp/Pa,Nasdaq
978,0000737468,WASH,Washington Trust Bancorp Inc,Nasdaq
979,0000737758,TTC,Toro Co,NYSE
980,0000737875,FKYS,First Keystone Corp,OTC
981,0000738214,AMTX,"Aemetis, Inc",Nasdaq
982,0000739421,CZFS,Citizens Financial Services Inc,Nasdaq
983,0000740260,VTR,"Ventas, Inc.",NYSE
984,0000740663,FLIC,First Of Long Island Corp,Nasdaq
985,0000740664,RFIL,R F Industries Ltd,Nasdaq
986,0000740806,FMBM,F&M Bank Corp,OTC
987,0000740971,OPOF,Old Point Financial Corp,Nasdaq
988,0000742278,RES,Rpc Inc,NYSE
989,0000743238,SHYF,"Shyft Group, Inc.",Nasdaq
990,0000743367,BHB,Bar Harbor Bankshares,NYSE
991,0000743758,AIAD,"Aiadvertising, Inc.",OTC
992,0000744187,REX,Rex American Resources Corp,NYSE
993,0000744218,CLDX,"Celldex Therapeutics, Inc.",Nasdaq
994,0000744452,APDN,Applied Dna Sciences Inc,Nasdaq
995,0000744825,AMS,American Shared Hospital Services,NYSE
996,0000745308,JOE,St Joe Co,NYSE
997,0000745732,ROST,"Ross Stores, Inc.",Nasdaq
998,0000746210,OBLG,"Oblong, Inc.",Nasdaq
999,0000746514,NEN,New England Realty Associates Limited Partnership,NYSE
1000,0000746515,EXPD,Expeditors International Of Washington Inc,NYSE
1001,0000746598,BRC,Brady Corp,NYSE
1002,0000746838,UIS,Unisys Corp,NYSE
1003,0000747540,SPRS,Surge Components Inc,OTC
1004,0000748268,RCAT,"Red Cat Holdings, Inc.",Nasdaq
1005,0000748592,ERNA,Ernexa Therapeutics Inc.,Nasdaq
1006,0000748691,KF,Korea Fund Inc,NYSE
1007,0000748790,GCEH,"Global Clean Energy Holdings, Inc.",OTC
1008,0000748790,GCEHQ,"Global Clean Energy Holdings, Inc.",OTC
1009,0000749098,MGA,Magna International Inc,NYSE
1010,0000749251,IT,Gartner Inc,NYSE
1011,0000749647,IMNN,"Imunon, Inc.",Nasdaq
1012,0000749660,ICAD,Icad Inc,Nasdaq
1013,0000750004,LAWIL,"Light & Wonder, Inc.",OTC
1014,0000750004,LNW,"Light & Wonder, Inc.",Nasdaq
1015,0000750558,QNBC,Qnb Corp.,OTC
1016,0000750574,AUBN,"Auburn National Bancorporation, Inc",Nasdaq
1017,0000750577,HWC,Hancock Whitney Corp,Nasdaq
1018,0000750577,HWCPZ,Hancock Whitney Corp,Nasdaq
1019,0000750686,CAC,Camden National Corp,Nasdaq
1020,0000751364,NNN,"Nnn Reit, Inc.",NYSE
1021,0000751365,VIRC,Virco Mfg Corporation,Nasdaq
1022,0000751978,VICR,Vicor Corp,Nasdaq
1023,0000752294,ELST,Electronic Systems Technology Inc,OTC
1024,0000752642,UMH,"Umh Properties, Inc.",NYSE
1025,0000752642,UMH-PD,"Umh Properties, Inc.",NYSE
1026,0000752714,MGRC,Mcgrath Rentcorp,Nasdaq
1027,0000753308,NEE,Nextera Energy Inc,NYSE
1028,0000753308,NEE-PN,Nextera Energy Inc,NYSE
1029,0000753308,NEE-PR,Nextera Energy Inc,NYSE
1030,0000753308,NEE-PS,Nextera Energy Inc,NYSE
1031,0000753308,NEE-PT,Nextera Energy Inc,NYSE
1032,0000754811,GROW,U S Global Investors Inc,Nasdaq
1033,0000755001,UTL,Unitil Corp,NYSE
1034,0000756894,GOLD,Barrick Gold Corp,NYSE
1035,0000759828,JHI,John Hancock Investors Trust,NYSE
1036,0000759866,JHS,John Hancock Income Securities Trust,NYSE
1037,0000759944,CFG,Citizens Financial Group Inc/Ri,NYSE
1038,0000759944,CFG-PE,Citizens Financial Group Inc/Ri,NYSE
1039,0000759944,CFG-PH,Citizens Financial Group Inc/Ri,NYSE
1040,0000760498,BANF,Bancfirst Corp /Ok/,Nasdaq
1041,0000760498,BANFP,Bancfirst Corp /Ok/,Nasdaq
1042,0000761648,CDR-PB,"Cedar Realty Trust, Inc.",NYSE
1043,0000761648,CDR-PC,"Cedar Realty Trust, Inc.",NYSE
1044,0000763532,LYTS,Lsi Industries Inc,Nasdaq
1045,0000763563,CHMG,Chemung Financial Corp,Nasdaq
1046,0000763744,LCII,Lci Industries,NYSE
1047,0000763901,BPOP,"Popular, Inc.",Nasdaq
1048,0000763901,BPOPM,"Popular, Inc.",Nasdaq
1049,0000763901,BPOPO,"Popular, Inc.",OTC
1050,0000763907,FUNC,First United Corp/Md/,Nasdaq
1051,0000764038,SSB,Southstate Corp,NYSE
1052,0000764065,CLF,Cleveland-Cliffs Inc.,NYSE
1053,0000764180,MO,"Altria Group, Inc.",NYSE
1054,0000764401,IIIN,Insteel Industries Inc,NYSE
1055,0000764478,BBY,Best Buy Co Inc,NYSE
1056,0000764622,PNW,Pinnacle West Capital Corp,NYSE
1057,0000764630,SPEV,Shorepower Technologies Inc.,OTC
1058,0000764897,BRST,"Broad Street Realty, Inc.",OTC
1059,0000765207,FNLC,"First Bancorp, Inc /Me/",Nasdaq
1060,0000765880,DOC,"Healthpeak Properties, Inc.",NYSE
1061,0000766011,CMCL,Caledonia Mining Corp Plc,NYSE
1062,0000766421,ALK,"Alaska Air Group, Inc.",NYSE
1063,0000766704,WELL,Welltower Inc.,NYSE
1064,0000766792,CVV,Cvd Equipment Corp,Nasdaq
1065,0000766829,SJW,Sjw Group,Nasdaq
1066,0000767405,SBFG,"Sb Financial Group, Inc.",Nasdaq
1067,0000768408,CYAN,Cyanotech Corp,OTC
1068,0000768835,BIGGQ,Big Lots Inc,OTC
1069,0000768899,TBI,"Trueblue, Inc.",NYSE
1070,0000769218,AEFC,Aegon Ltd.,NYSE
1071,0000769218,AEG,Aegon Ltd.,NYSE
1072,0000769218,AEGOF,Aegon Ltd.,OTC
1073,0000769397,ADSK,"Autodesk, Inc.",Nasdaq
1074,0000769520,MIDD,Middleby Corp,Nasdaq
1075,0000769594,NPPXF,Nippon Telegraph & Telephone Corp,OTC
1076,0000769594,NTTYY,Nippon Telegraph & Telephone Corp,OTC
1077,0000770460,PFBX,Peoples Financial Corp /Ms/,OTC
1078,0000771266,KOPN,Kopin Corp,Nasdaq
1079,0000771497,ABM,Abm Industries Inc /De/,NYSE
1080,0000771856,CSBR,"Champions Oncology, Inc.",Nasdaq
1081,0000771992,PAAS,Pan American Silver Corp,NYSE
1082,0000771992,PAASF,Pan American Silver Corp,OTC
1083,0000771999,DSS,"Dss, Inc.",NYSE
1084,0000772406,CRUS,"Cirrus Logic, Inc.",Nasdaq
1085,0000773318,VRTC,Veritec Inc,None
1086,0000773840,HON,Honeywell International Inc,Nasdaq
1087,0000774415,KRFG,Onesolution Technology Inc.,OTC
1088,0000775057,ALTX,Altex Industries Inc,OTC
1089,0000775158,OSK,Oshkosh Corp,NYSE
1090,0000775215,HBT,"Hbt Financial, Inc.",Nasdaq
1091,0000776867,WTM,White Mountains Insurance Group Ltd,NYSE
1092,0000776901,INDB,Independent Bank Corp,Nasdaq
1093,0000778164,ALTO,"Alto Ingredients, Inc.",Nasdaq
1094,0000779152,JKHY,Jack Henry & Associates Inc,Nasdaq
1095,0000779227,MIFF,Mifflinburg Bancorp Inc,OTC
1096,0000779336,IAF,"Abrdn Australia Equity Fund, Inc.",NYSE
1097,0000779544,ARKR,Ark Restaurants Corp,Nasdaq
1098,0000780571,ITRI,"Itron, Inc.",Nasdaq
1099,0000783324,VGZ,Vista Gold Corp,NYSE
1100,0000783325,WEC,"Wec Energy Group, Inc.",NYSE
1101,0000783412,DJCO,Daily Journal Corp,Nasdaq
1102,0000784199,AORT,"Artivion, Inc.",NYSE
1103,0000784539,EACO,Eaco Corp,OTC
1104,0000784977,POR,Portland General Electric Co /Or/,NYSE
1105,0000785161,EHC,Encompass Health Corp,NYSE
1106,0000785557,DLHC,Dlh Holdings Corp.,Nasdaq
1107,0000785786,PLXS,Plexus Corp,Nasdaq
1108,0000785956,JJSF,J&J Snack Foods Corp,Nasdaq
1109,0000786035,ASG,Liberty All Star Growth Fund Inc.,NYSE
1110,0000786298,FGFH,Foresight Financial Group Inc,OTC
1111,0000787253,NAII,Natural Alternatives International Inc,Nasdaq
1112,0000788329,JOUT,Johnson Outdoors Inc,Nasdaq
1113,0000788611,NTRP,"Nexttrip, Inc.",Nasdaq
1114,0000788784,PEG,Public Service Enterprise Group Inc,NYSE
1115,0000788920,PDEX,Pro Dex Inc,Nasdaq
1116,0000788965,HNRG,Hallador Energy Co,Nasdaq
1117,0000789019,MSFT,Microsoft Corp,Nasdaq
1118,0000789460,WKC,World Kinect Corp,NYSE
1119,0000789570,MGM,Mgm Resorts International,NYSE
1120,0000789933,NC,Nacco Industries Inc,NYSE
1121,0000790051,CSL,Carlisle Companies Inc,NYSE
1122,0000790273,CONC,Conectisys Corp,OTC
1123,0000790359,NBTB,Nbt Bancorp Inc,Nasdaq
1124,0000790500,FAX,"Abrdn Asia-Pacific Income Fund, Inc.",NYSE
1125,0000790526,RDNT,"Radnet, Inc.",Nasdaq
1126,0000790816,BDN,Brandywine Realty Trust,NYSE
1127,0000791718,EEA,"European Equity Fund, Inc / Md",NYSE
1128,0000791908,XOMA,Xoma Royalty Corp,Nasdaq
1129,0000791908,XOMAO,Xoma Royalty Corp,Nasdaq
1130,0000791908,XOMAP,Xoma Royalty Corp,Nasdaq
1131,0000791963,OPY,Oppenheimer Holdings Inc,NYSE
1132,0000792935,GRST,Ethema Health Corp,OTC
1133,0000792966,FMAO,Farmers & Merchants Bancorp Inc,Nasdaq
1134,0000792987,ASTE,Astec Industries Inc,Nasdaq
1135,0000793040,ECF,Ellsworth Growth & Income Fund Ltd,NYSE
1136,0000793040,ECF-PA,Ellsworth Growth & Income Fund Ltd,NYSE
1137,0000793074,WERN,Werner Enterprises Inc,Nasdaq
1138,0000793306,BDCO,Blue Dolphin Energy Co,OTC
1139,0000793524,REFR,Research Frontiers Inc,Nasdaq
1140,0000793628,CHNR,China Natural Resources Inc,Nasdaq
1141,0000793733,SKYW,Skywest Inc,Nasdaq
1142,0000793742,HACBF,Hachijuni Bank Ltd,OTC
1143,0000793742,HACBY,Hachijuni Bank Ltd,OTC
1144,0000793952,HOG,"Harley-Davidson, Inc.",NYSE
1145,0000794170,TOL,"Toll Brothers, Inc.",NYSE
1146,0000794367,M,"Macy'S, Inc.",NYSE
1147,0000794619,AMWD,American Woodmark Corp,Nasdaq
1148,0000794685,GAB,Gabelli Equity Trust Inc,NYSE
1149,0000794685,GAB-PG,Gabelli Equity Trust Inc,NYSE
1150,0000794685,GAB-PH,Gabelli Equity Trust Inc,NYSE
1151,0000794685,GAB-PK,Gabelli Equity Trust Inc,NYSE
1152,0000795266,KBH,Kb Home,NYSE
1153,0000795403,WTS,Watts Water Technologies Inc,NYSE
1154,0000795800,PRMLF,Premium Resources Ltd.,OTC
1155,0000796343,ADBE,Adobe Inc.,Nasdaq
1156,0000796505,CLFD,"Clearfield, Inc.",Nasdaq
1157,0000796534,NKSH,National Bankshares Inc,Nasdaq
1158,0000797465,STLY,"Hg Holdings, Inc.",OTC
1159,0000797468,OXY,Occidental Petroleum Corp /De/,NYSE
1160,0000797468,OXY-WT,Occidental Petroleum Corp /De/,NYSE
1161,0000797542,VBIX,Viewbix Inc.,OTC
1162,0000797564,HSTC,"Hst Global, Inc.",OTC
1163,0000797721,VSAT,Viasat Inc,Nasdaq
1164,0000798081,LAKE,Lakeland Industries Inc,Nasdaq
1165,0000798287,PAMT,Pamt Corp,Nasdaq
1166,0000798354,FI,Fiserv Inc,NYSE
1167,0000798359,CSR,Centerspace,NYSE
1168,0000798359,IRET,Centerspace,NYSE
1169,0000798528,OMEX,Odyssey Marine Exploration Inc,Nasdaq
1170,0000798783,UHT,Universal Health Realty Income Trust,NYSE
1171,0000798941,FCNCA,First Citizens Bancshares Inc /De/,Nasdaq
1172,0000798941,FCNCB,First Citizens Bancshares Inc /De/,OTC
1173,0000798941,FCNCO,First Citizens Bancshares Inc /De/,Nasdaq
1174,0000798941,FCNCP,First Citizens Bancshares Inc /De/,Nasdaq
1175,0000798949,UNTC,Unit Corp,OTC
1176,0000798949,UNTCW,Unit Corp,OTC
1177,0000799165,DWSN,Dawson Geophysical Co,Nasdaq
1178,0000799167,MRTN,Marten Transport Ltd,Nasdaq
1179,0000799195,USA,Liberty All Star Equity Fund,NYSE
1180,0000799233,HTLD,Heartland Express Inc,Nasdaq
1181,0000799288,LE,"Lands' End, Inc.",Nasdaq
1182,0000799292,MHO,"M/I Homes, Inc.",NYSE
1183,0000799698,LADX,Ladrx Corp,OTC
1184,0000799850,CRMT,Americas Carmart Inc,Nasdaq
1185,0000800166,NGD,New Gold Inc. /Fi,NYSE
1186,0000800240,ODP,Odp Corp,Nasdaq
1187,0000800365,FUJIF,Fuji Photo Film Co Ltd /Fi,OTC
1188,0000800365,FUJIY,Fuji Photo Film Co Ltd /Fi,OTC
1189,0000800457,DGICA,Donegal Group Inc,Nasdaq
1190,0000800457,DGICB,Donegal Group Inc,Nasdaq
1191,0000801337,WBS,Webster Financial Corp,NYSE
1192,0000801337,WBS-PF,Webster Financial Corp,NYSE
1193,0000801337,WBS-PG,Webster Financial Corp,NYSE
1194,0000801961,MFM,Mfs Municipal Income Trust,NYSE
1195,0000802257,MITI,"Mitesco, Inc.",OTC
1196,0000802481,PPC,Pilgrims Pride Corp,Nasdaq
1197,0000803016,CFNB,California First Leasing Corp,OTC
1198,0000803097,SPQS,"Sportsquest, Inc.",OTC
1199,0000803164,COFS,Choiceone Financial Services Inc,Nasdaq
1200,0000803578,AIFF,"Firefly Neuroscience, Inc.",Nasdaq
1201,0000803649,EQC,Equity Commonwealth,NYSE
1202,0000804116,RVT,"Royce Small-Cap Trust, Inc.",NYSE
1203,0000804123,TWN,Taiwan Fund Inc,NYSE
1204,0000804328,QCOM,Qualcomm Inc/De,Nasdaq
1205,0000804563,BMBN,Benchmark Bankshares Inc,OTC
1206,0000805267,HQH,Abrdn Healthcare Investors,NYSE
1207,0000805676,PRK,Park National Corp /Oh/,NYSE
1208,0000805928,AXGN,"Axogen, Inc.",Nasdaq
1209,0000806172,SOTK,Sono Tek Corp,Nasdaq
1210,0000806517,PMDI,Psychemedics Corp,OTC
1211,0000806628,DNP,Dnp Select Income Fund Inc,NYSE
1212,0000806968,WPP,Wpp Plc,NYSE
1213,0000806968,WPPGF,Wpp Plc,OTC
1214,0000807863,MITK,Mitek Systems Inc,Nasdaq
1215,0000807882,JACK,Jack In The Box Inc,Nasdaq
1216,0000808219,MHGU,Meritage Hospitality Group Inc,OTC
1217,0000808219,MHGUP,Meritage Hospitality Group Inc,OTC
1218,0000808439,TATT,Tat Technologies Ltd,Nasdaq
1219,0000809173,MMT,Mfs Multimarket Income Trust,NYSE
1220,0000809559,TSI,Tcw Strategic Income Fund Inc,NYSE
1221,0000809708,EMF,Templeton Emerging Markets Fund,NYSE
1222,0000809844,CMU,Mfs High Yield Municipal Trust,NYSE
1223,0000810136,PLAB,Photronics Inc,Nasdaq
1224,0000810332,MESA,Mesa Air Group Inc,Nasdaq
1225,0000810766,CIK,"Credit Suisse Asset Management Income Fund, Inc.",NYSE
1226,0000810943,PCF,High Income Securities Fund,NYSE
1227,0000810958,CZNC,Citizens & Northern Corp,Nasdaq
1228,0000811156,CMS,Cms Energy Corp,NYSE
1229,0000811156,CMS-PC,Cms Energy Corp,NYSE
1230,0000811156,CMSA,Cms Energy Corp,NYSE
1231,0000811156,CMSC,Cms Energy Corp,NYSE
1232,0000811156,CMSD,Cms Energy Corp,NYSE
1233,0000811211,UNIB,University Bancorp Inc /De/,OTC
1234,0000811222,CDIX,Cardiff Lexington Corp,OTC
1235,0000811240,BIOLQ,"Biolase, Inc",OTC
1236,0000811522,QZMRF,Quartz Mountain Resources Ltd,OTC
1237,0000811589,FBNC,First Bancorp /Nc/,Nasdaq
1238,0000811596,KALU,Kaiser Aluminum Corp,Nasdaq
1239,0000811641,ICCC,Immucell Corp /De/,Nasdaq
1240,0000811809,BHP,Bhp Group Ltd,NYSE
1241,0000811809,BHPLF,Bhp Group Ltd,OTC
1242,0000811922,MGF,Mfs Government Markets Income Trust,NYSE
1243,0000812011,MTN,Vail Resorts Inc,NYSE
1244,0000812074,OI,"O-I Glass, Inc. /De/",NYSE
1245,0000812152,RDGA,Ridgefield Acquisition Corp,OTC
1246,0000812796,SNGX,"Soligenix, Inc.",Nasdaq
1247,0000812801,NUV,Nuveen Municipal Value Fund Inc,NYSE
1248,0000813298,DXLG,"Destination Xl Group, Inc.",Nasdaq
1249,0000813623,SWZ,Total Return Securities Fund,NYSE
1250,0000813672,CDNS,Cadence Design Systems Inc,Nasdaq
1251,0000813716,CIRX,Cirtran Corp,OTC
1252,0000813762,IEP,Icahn Enterprises L.P.,Nasdaq
1253,0000813828,PARA,Paramount Global,Nasdaq
1254,0000813828,PARAA,Paramount Global,Nasdaq
1255,0000814052,TEF,Telefonica S A,NYSE
1256,0000814052,TEFOF,Telefonica S A,OTC
1257,0000814083,CLM,"Cornerstone Strategic Investment Fund, Inc.",NYSE
1258,0000814453,NWL,Newell Brands Inc.,Nasdaq
1259,0000814547,FICO,Fair Isaac Corp,NYSE
1260,0000814585,MBI,Mbia Inc,NYSE
1261,0000814586,LWAY,"Lifeway Foods, Inc.",Nasdaq
1262,0000814676,CPSH,Cps Technologies Corp/De/,Nasdaq
1263,0000814926,CAPC,"Capstone Companies, Inc.",OTC
1264,0000815097,CCL,Carnival Corp,NYSE
1265,0000815556,FAST,Fastenal Co,Nasdaq
1266,0000815577,MPIR,Empire Diversified Energy Inc,OTC
1267,0000816761,TDC,Teradata Corp /De/,NYSE
1268,0000816956,CNMD,Conmed Corp,NYSE
1269,0000817720,SYNA,Synaptics Inc,Nasdaq
1270,0000818033,HRTX,"Heron Therapeutics, Inc. /De/",Nasdaq
1271,0000818479,XRAY,Dentsply Sirona Inc.,Nasdaq
1272,0000818677,SFDL,Security Federal Corp,OTC
1273,0000818686,TEVA,Teva Pharmaceutical Industries Ltd,NYSE
1274,0000818686,TEVJF,Teva Pharmaceutical Industries Ltd,OTC
1275,0000818850,NNY,Nuveen New York Municipal Value Fund,NYSE
1276,0000818851,NCA,Nuveen California Municipal Value Fund,NYSE
1277,0000818972,LEO,"Bny Mellon Strategic Municipals, Inc.",NYSE
1278,0000819793,AIN,Albany International Corp /De/,NYSE
1279,0000820027,AMP,Ameriprise Financial Inc,NYSE
1280,0000820313,APH,Amphenol Corp /De/,NYSE
1281,0000820318,COHR,Coherent Corp.,NYSE
1282,0000820771,GFMH,Goliath Film & Media Holdings,OTC
1283,0000821002,GIII,G Iii Apparel Group Ltd /De/,Nasdaq
1284,0000821026,ANDE,"Andersons, Inc.",Nasdaq
1285,0000821130,USM,United States Cellular Corp,NYSE
1286,0000821130,UZD,United States Cellular Corp,NYSE
1287,0000821130,UZE,United States Cellular Corp,NYSE
1288,0000821130,UZF,United States Cellular Corp,NYSE
1289,0000821189,EOG,Eog Resources Inc,NYSE
1290,0000821483,PARR,"Par Pacific Holdings, Inc.",NYSE
1291,0000822370,EMMA,"Emmaus Life Sciences, Inc.",OTC
1292,0000822411,IMUC,"Eom Pharmaceutical Holdings, Inc.",OTC
1293,0000822416,PHM,Pultegroup Inc/Mi/,NYSE
1294,0000822663,IPAR,Interparfums Inc,Nasdaq
1295,0000822818,CLH,Clean Harbors Inc,NYSE
1296,0000823277,CHSCL,Chs Inc,Nasdaq
1297,0000823277,CHSCM,Chs Inc,Nasdaq
1298,0000823277,CHSCN,Chs Inc,Nasdaq
1299,0000823277,CHSCO,Chs Inc,Nasdaq
1300,0000823277,CHSCP,Chs Inc,Nasdaq
1301,0000823768,WM,Waste Management Inc,NYSE
1302,0000824142,AAON,"Aaon, Inc.",Nasdaq
1303,0000824416,QPRC,Quest Patent Research Corp,OTC
1304,0000825171,HHHEF,37 Capital Inc,OTC
1305,0000825202,FUND,Sprott Focus Trust Inc.,Nasdaq
1306,0000825313,AB,Alliancebernstein Holding L.P.,NYSE
1307,0000825324,GTIM,Good Times Restaurants Inc.,Nasdaq
1308,0000825542,SMG,Scotts Miracle-Gro Co,NYSE
1309,0000826020,BRW,Saba Capital Income & Opportunities Fund,NYSE
1310,0000826154,ORRF,Orrstown Financial Services Inc,Nasdaq
1311,0000826253,AUSI,Aura Systems Inc,OTC
1312,0000826675,DX,Dynex Capital Inc,NYSE
1313,0000826675,DX-PC,Dynex Capital Inc,NYSE
1314,0000826735,MIN,Mfs Intermediate Income Trust,NYSE
1315,0000827052,EIX,Edison International,NYSE
1316,0000827054,MCHP,Microchip Technology Inc,Nasdaq
1317,0000827054,MCHPP,Microchip Technology Inc,Nasdaq
1318,0000827187,SNBR,Sleep Number Corp,Nasdaq
1319,0000827773,PPT,Putnam Premier Income Trust,NYSE
1320,0000827871,EGRX,"Eagle Pharmaceuticals, Inc.",OTC
1321,0000827876,CLSK,"Cleanspark, Inc.",Nasdaq
1322,0000827876,CLSKW,"Cleanspark, Inc.",Nasdaq
1323,0000828146,LINK,Interlink Electronics Inc,Nasdaq
1324,0000828803,SABA,Saba Capital Income & Opportunities Fund Ii,NYSE
1325,0000828944,WSFS,Wsfs Financial Corp,Nasdaq
1326,0000829224,SBUX,Starbucks Corp,Nasdaq
1327,0000829323,INUV,"Inuvo, Inc.",NYSE
1328,0000829365,NTPIF,Nam Tai Property Inc.,OTC
1329,0000830271,NMI,Nuveen Municipal Income Fund Inc,NYSE
1330,0000830487,MHF,Western Asset Municipal High Income Fund Inc.,NYSE
1331,0000830616,SCIA,"Sci Engineered Materials, Inc.",OTC
1332,0000830622,PIM,Putnam Master Intermediate Income Trust,NYSE
1333,0000831001,C,Citigroup Inc,NYSE
1334,0000831001,C-PN,Citigroup Inc,NYSE
1335,0000831259,FCX,Freeport-Mcmoran Inc,NYSE
1336,0000831378,LVPA,Lvpai Group Ltd,OTC
1337,0000831609,CWLXF,C21 Investments Inc.,OTC
1338,0000831609,CXXIF,C21 Investments Inc.,OTC
1339,0000831641,TTEK,Tetra Tech Inc,Nasdaq
1340,0000831655,MPV,Barings Participation Investors,NYSE
1341,0000832101,IEX,Idex Corp /De/,NYSE
1342,0000832327,BKT,"Blackrock Income Trust, Inc.",NYSE
1343,0000832370,EAXR,"Ealixir, Inc.",OTC
1344,0000832428,SSP,E.W. Scripps Co,Nasdaq
1345,0000832480,UTGN,Utg Inc,OTC
1346,0000832489,GOVX,"Geovax Labs, Inc.",Nasdaq
1347,0000832489,GOVXW,"Geovax Labs, Inc.",Nasdaq
1348,0000832988,SIG,Signet Jewelers Ltd,NYSE
1349,0000833021,CIF,Mfs Intermediate High Income Fund,NYSE
1350,0000833040,FT,Franklin Universal Trust,NYSE
1351,0000833079,MTH,Meritage Homes Corp,NYSE
1352,0000833444,JCI,Johnson Controls International Plc,NYSE
1353,0000833640,POWI,Power Integrations Inc,Nasdaq
1354,0000834365,BLFS,Biolife Solutions Inc,Nasdaq
1355,0000835011,MGPI,Mgp Ingredients Inc,Nasdaq
1356,0000835324,SYBT,"Stock Yards Bancorp, Inc.",Nasdaq
1357,0000835333,OIA,Invesco Municipal Income Opportunities Trust,NYSE
1358,0000835403,DEO,Diageo Plc,NYSE
1359,0000835403,DGEAF,Diageo Plc,OTC
1360,0000835662,AIXN,"Aixin Life International, Inc.",OTC
1361,0000835948,MVF,"Blackrock Munivest Fund, Inc.",NYSE
1362,0000836147,MBCN,Middlefield Banc Corp,Nasdaq
1363,0000836157,LNN,Lindsay Corp,NYSE
1364,0000836412,ZTR,Virtus Total Return Fund Inc.,NYSE
1365,0000836564,CPMV,Mosaic Immunoengineering Inc.,OTC
1366,0000836690,ISSC,Innovative Solutions & Support Inc,Nasdaq
1367,0000837465,MODG,Topgolf Callaway Brands Corp.,NYSE
1368,0000838131,JMM,Nuveen Multi-Market Income Fund,NYSE
1369,0000838875,WVVI,Willamette Valley Vineyards Inc,Nasdaq
1370,0000838875,WVVIP,Willamette Valley Vineyards Inc,Nasdaq
1371,0000839087,VASO,Vaso Corp,OTC
1372,0000839122,DMF,"Bny Mellon Municipal Income, Inc.",NYSE
1373,0000839470,WWR,"Westwater Resources, Inc.",NYSE
1374,0000839533,KTF,Dws Municipal Income Trust,NYSE
1375,0000839923,VOD,Vodafone Group Public Ltd Co,Nasdaq
1376,0000839923,VODPF,Vodafone Group Public Ltd Co,OTC
1377,0000840489,FCFS,"Firstcash Holdings, Inc.",Nasdaq
1378,0000840715,CLRO,Clearone Inc,Nasdaq
1379,0000841533,SRMX,"Saddle Ranch Media, Inc.",OTC
1380,0000842023,TECH,Bio-Techne Corp,Nasdaq
1381,0000842162,LEA,Lear Corp,NYSE
1382,0000842180,BBVA,"Banco Bilbao Vizcaya Argentaria, S.A.",NYSE
1383,0000842180,BBVXF,"Banco Bilbao Vizcaya Argentaria, S.A.",OTC
1384,0000842517,ISBA,Isabella Bank Corp,OTC
1385,0000842518,EVBN,Evans Bancorp Inc,NYSE
1386,0000842633,TRS,Trimas Corp,Nasdaq
1387,0000842717,BRBS,"Blue Ridge Bankshares, Inc.",NYSE
1388,0000843006,ACCS,Access Newswire Inc.,NYSE
1389,0000844059,FRPH,"Frp Holdings, Inc.",Nasdaq
1390,0000844150,NWG,Natwest Group Plc,NYSE
1391,0000844150,RBSPF,Natwest Group Plc,OTC
1392,0000844551,WDS,Woodside Energy Group Ltd,NYSE
1393,0000844551,WOPEF,Woodside Energy Group Ltd,OTC
1394,0000844790,PMM,Putnam Managed Municipal Income Trust,NYSE
1395,0000844856,HCMC,Healthier Choices Management Corp.,OTC
1396,0000844887,DHCC,Diamondhead Casino Corp,OTC
1397,0000844965,TTI,Tetra Technologies Inc,NYSE
1398,0000845379,CHN,"China Fund, Inc.",NYSE
1399,0000845385,PIAC,Princeton Capital Corp,OTC
1400,0000845606,CXE,Mfs High Income Municipal Trust,NYSE
1401,0000845611,GCV,Gabelli Convertible & Income Securities Fund Inc,NYSE
1402,0000845819,KTEL,"Konatel, Inc.",OTC
1403,0000845877,AGM,Federal Agricultural Mortgage Corp,NYSE
1404,0000845877,AGM-A,Federal Agricultural Mortgage Corp,NYSE
1405,0000845877,AGM-PD,Federal Agricultural Mortgage Corp,NYSE
1406,0000845877,AGM-PE,Federal Agricultural Mortgage Corp,NYSE
1407,0000845877,AGM-PF,Federal Agricultural Mortgage Corp,NYSE
1408,0000845877,AGM-PG,Federal Agricultural Mortgage Corp,NYSE
1409,0000845982,SNN,Smith & Nephew Plc,NYSE
1410,0000845982,SNNUF,Smith & Nephew Plc,OTC
1411,0000846377,TGNT,"Totaligent, Inc.",OTC
1412,0000846475,ZYXI,Zynex Inc,Nasdaq
1413,0000846546,BNSOF,Bonso Electronics International Inc,OTC
1414,0000846617,DCOM,"Dime Community Bancshares, Inc. /Ny/",Nasdaq
1415,0000846617,DCOMG,"Dime Community Bancshares, Inc. /Ny/",Nasdaq
1416,0000846617,DCOMP,"Dime Community Bancshares, Inc. /Ny/",Nasdaq
1417,0000846671,VLT,Invesco High Income Trust Ii,NYSE
1418,0000846676,AEF,"Abrdn Emerging Markets Ex-China Fund, Inc.",NYSE
1419,0000846913,FTEK,"Fuel Tech, Inc.",Nasdaq
1420,0000847411,CXH,Mfs Investment Grade Municipal Trust,NYSE
1421,0000847538,CPKF,Chesapeake Financial Shares Inc,OTC
1422,0000847942,STQN,Strategic Acquisitions Inc /Nv/,OTC
1423,0000849145,HGBL,Heritage Global Inc.,Nasdaq
1424,0000849146,LFVN,Lifevantage Corp,Nasdaq
1425,0000849395,CRH,Crh Public Ltd Co,NYSE
1426,0000849399,GEN,Gen Digital Inc.,Nasdaq
1427,0000849399,GENVR,Gen Digital Inc.,Nasdaq
1428,0000849401,ADMT,"Adm Tronics Unlimited, Inc.",OTC
1429,0000849869,SLGN,Silgan Holdings Inc,NYSE
1430,0000849997,FECOF,Fec Resources Inc.,OTC
1431,0000850027,GRF,"Eagle Capital Growth Fund, Inc.",NYSE
1432,0000850033,BPT,Bp Prudhoe Bay Royalty Trust,NYSE
1433,0000850141,HMN,Horace Mann Educators Corp /De/,NYSE
1434,0000850209,FL,"Foot Locker, Inc.",NYSE
1435,0000850429,TG,Tredegar Corp,NYSE
1436,0000850918,GRWLF,Great-West Lifeco Inc.,OTC
1437,0000850918,GRWTF,Great-West Lifeco Inc.,OTC
1438,0000850918,GWLIF,Great-West Lifeco Inc.,OTC
1439,0000850918,GWLPF,Great-West Lifeco Inc.,OTC
1440,0000851170,MCR,Mfs Charter Income Trust,NYSE
1441,0000851205,CGNX,Cognex Corp,Nasdaq
1442,0000851310,HLIT,Harmonic Inc,Nasdaq
1443,0000851520,EXPO,Exponent Inc,Nasdaq
1444,0000851968,MHK,Mohawk Industries Inc,NYSE
1445,0000852772,DENN,Denny'S Corp,Nasdaq
1446,0000853816,LSTR,Landstar System Inc,Nasdaq
1447,0000854560,GSBC,"Great Southern Bancorp, Inc.",Nasdaq
1448,0000854775,DGII,Digi International Inc,Nasdaq
1449,0000855658,LSCC,Lattice Semiconductor Corp,Nasdaq
1450,0000855683,MLSS,Milestone Scientific Inc.,NYSE
1451,0000855886,PDT,John Hancock Premium Dividend Fund,NYSE
1452,0000855887,DSM,"Bny Mellon Strategic Municipal Bond Fund, Inc.",NYSE
1453,0000855950,PNPNF,Power Metallic Mines Inc.,OTC
1454,0000856982,MMSI,Merit Medical Systems Inc,Nasdaq
1455,0000856984,USAQ,"Qhslab, Inc.",OTC
1456,0000857005,PTC,Ptc Inc.,Nasdaq
1457,0000857855,UCB,United Community Banks Inc,NYSE
1458,0000857855,UCB-PI,United Community Banks Inc,NYSE
1459,0000857949,ENFY,Enlightify Inc.,NYSE
1460,0000858446,IHG,Intercontinental Hotels Group Plc /New/,NYSE
1461,0000858470,CTRA,Coterra Energy Inc.,NYSE
1462,0000858706,GF,New Germany Fund Inc,NYSE
1463,0000858877,CSCO,"Cisco Systems, Inc.",Nasdaq
1464,0000859070,FCBC,First Community Bankshares Inc /Va/,Nasdaq
1465,0000859737,HOLX,Hologic Inc,Nasdaq
1466,0000859796,JOF,Japan Smaller Capitalization Fund Inc,NYSE
1467,0000860413,FIBK,First Interstate Bancsystem Inc,Nasdaq
1468,0000860489,CEE,"Central & Eastern Europe Fund, Inc.",NYSE
1469,0000860543,JKSM,Jacksam Corp,OTC
1470,0000860546,CDP,Copt Defense Properties,NYSE
1471,0000860730,HCA,"Hca Healthcare, Inc.",NYSE
1472,0000860731,TYL,Tyler Technologies Inc,NYSE
1473,0000860748,KMPB,Kemper Corp,NYSE
1474,0000860748,KMPR,Kemper Corp,NYSE
1475,0000861459,GVA,Granite Construction Inc,NYSE
1476,0000861842,CATY,Cathay General Bancorp,Nasdaq
1477,0000861884,RS,"Reliance, Inc.",NYSE
1478,0000861967,WOLTF,Wolters Kluwer N V /Fi,OTC
1479,0000861967,WTKWY,Wolters Kluwer N V /Fi,OTC
1480,0000861972,SRLZF,Salazar Resources Ltd,OTC
1481,0000862022,HGTXU,Hugoton Royalty Trust,OTC
1482,0000862651,INVU,"Investview, Inc.",OTC
1483,0000862651,INVUP,"Investview, Inc.",OTC
1484,0000862668,ESMC,Escalon Medical Corp,OTC
1485,0000862692,CCEL,Cryo Cell International Inc,NYSE
1486,0000862831,FIISO,Financial Institutions Inc,OTC
1487,0000862831,FIISP,Financial Institutions Inc,OTC
1488,0000862831,FISI,Financial Institutions Inc,Nasdaq
1489,0000862861,ALTS,Alt5 Sigma Corp,Nasdaq
1490,0000863064,RIO,Rio Tinto Plc,NYSE
1491,0000863064,RTPPF,Rio Tinto Plc,OTC
1492,0000863110,ARTNA,Artesian Resources Corp,Nasdaq
1493,0000863110,ARTNB,Artesian Resources Corp,OTC
1494,0000863436,BHE,Benchmark Electronics Inc,NYSE
1495,0000863894,VERU,Veru Inc.,Nasdaq
1496,0000863900,MXE,Mexico Equity & Income Fund Inc,NYSE
1497,0000864240,SYPR,Sypris Solutions Inc,Nasdaq
1498,0000864749,TRMB,Trimble Inc.,Nasdaq
1499,0000865400,GSVRF,Guanajuato Silver Co Ltd,OTC
1500,0000865752,MNST,Monster Beverage Corp,Nasdaq
1501,0000866095,JEQ,"Abrdn Japan Equity Fund, Inc.",NYSE
1502,0000866273,MTRX,Matrix Service Co,Nasdaq
1503,0000866291,ALGM,"Allegro Microsystems, Inc.",Nasdaq
1504,0000866374,FLEX,Flex Ltd.,Nasdaq
1505,0000866439,DPLS,"Darkpulse, Inc.",OTC
1506,0000866706,ESE,Esco Technologies Inc,NYSE
1507,0000866729,SCHL,Scholastic Corp,Nasdaq
1508,0000866787,AZO,Autozone Inc,NYSE
1509,0000866829,HLX,Helix Energy Solutions Group Inc,NYSE
1510,0000867038,SPND,Spindletop Oil & Gas Co,OTC
1511,0000867840,POCI,"Precision Optics Corporation, Inc.",Nasdaq
1512,0000868278,PRPH,"Prophase Labs, Inc.",Nasdaq
1513,0000868578,PFD,Flaherty & Crumrine Preferred & Income Fund Inc,NYSE
1514,0000868671,GBCI,"Glacier Bancorp, Inc.",NYSE
1515,0000868675,TU,Telus Corp,NYSE
1516,0000868780,DORM,"Dorman Products, Inc.",Nasdaq
1517,0000868822,CRCUF,Canagold Resources Ltd.,OTC
1518,0000868857,ACM,Aecom,NYSE
1519,0000870780,NQP,Nuveen Pennsylvania Quality Municipal Income Fund,NYSE
1520,0000871464,HKHGF,Hongkong Land Holdings Ltd /Fi,OTC
1521,0000871464,HNGKY,Hongkong Land Holdings Ltd /Fi,OTC
1522,0000871763,MAN,Manpowergroup Inc.,NYSE
1523,0000872589,REGN,"Regeneron Pharmaceuticals, Inc.",Nasdaq
1524,0000872912,DCTH,"Delcath Systems, Inc.",Nasdaq
1525,0000873303,SRPT,"Sarepta Therapeutics, Inc.",Nasdaq
1526,0000873860,ONIT,Onity Group Inc.,NYSE
1527,0000874015,IONS,Ionis Pharmaceuticals Inc,Nasdaq
1528,0000874238,STRL,"Sterling Infrastructure, Inc.",Nasdaq
1529,0000874396,LCUT,"Lifetime Brands, Inc",Nasdaq
1530,0000874499,GPOR,Gulfport Energy Corp,NYSE
1531,0000874501,AMBC,Ambac Financial Group Inc,NYSE
1532,0000874716,IDXX,Idexx Laboratories Inc /De,Nasdaq
1533,0000874761,AES,Aes Corp,NYSE
1534,0000874766,HIG,"Hartford Insurance Group, Inc.",NYSE
1535,0000874766,HIG-PG,"Hartford Insurance Group, Inc.",NYSE
1536,0000874866,CRVL,Corvel Corp,Nasdaq
1537,0000875045,BIIB,Biogen Inc.,Nasdaq
1538,0000875320,VRTX,Vertex Pharmaceuticals Inc / Ma,Nasdaq
1539,0000875355,LDWY,"Lendway, Inc.",Nasdaq
1540,0000875357,BOKF,Bok Financial Corp,Nasdaq
1541,0000875582,NTIC,Northern Technologies International Corp,Nasdaq
1542,0000875657,ULBI,Ultralife Corp,Nasdaq
1543,0000875729,BNET,Bion Environmental Technologies Inc,OTC
1544,0000876167,PRGS,Progress Software Corp /Ma,Nasdaq
1545,0000876343,LCTX,"Lineage Cell Therapeutics, Inc.",NYSE
1546,0000876427,MNRO,"Monro, Inc.",Nasdaq
1547,0000876437,MTG,Mgic Investment Corp,NYSE
1548,0000876523,EZPW,Ezcorp Inc,Nasdaq
1549,0000876717,FCO,"Abrdn Global Income Fund, Inc.",NYSE
1550,0000876779,MGIC,Magic Software Enterprises Ltd,Nasdaq
1551,0000876883,STGW,Stagwell Inc,Nasdaq
1552,0000877212,ZBRA,Zebra Technologies Corp,Nasdaq
1553,0000877422,SPTN,Spartannash Co,Nasdaq
1554,0000877463,VKQ,Invesco Municipal Trust,NYSE
1555,0000877860,NHI,National Health Investors Inc,NYSE
1556,0000878518,TGB,Taseko Mines Ltd,NYSE
1557,0000878927,ODFL,"Old Dominion Freight Line, Inc.",Nasdaq
1558,0000878932,EQS,"Equus Total Return, Inc.",NYSE
1559,0000879101,KIM,Kimco Realty Corp,NYSE
1560,0000879101,KIM-PL,Kimco Realty Corp,NYSE
1561,0000879101,KIM-PM,Kimco Realty Corp,NYSE
1562,0000879101,KIM-PN,Kimco Realty Corp,NYSE
1563,0000879169,INCY,Incyte Corp,Nasdaq
1564,0000879361,MYD,"Blackrock Muniyield Fund, Inc.",NYSE
1565,0000879407,ARWR,"Arrowhead Pharmaceuticals, Inc.",Nasdaq
1566,0000879526,WNC,Wabash National Corp,NYSE
1567,0000879535,DTF,Dtf Tax-Free Income 2028 Term Fund Inc,NYSE
1568,0000879585,ATNI,"Atn International, Inc.",Nasdaq
1569,0000879635,MPB,Mid Penn Bancorp Inc,Nasdaq
1570,0000879764,TTE,Totalenergies Se,NYSE
1571,0000879764,TTFNF,Totalenergies Se,OTC
1572,0000879911,AERG,"Applied Energetics, Inc.",OTC
1573,0000879911,AERGP,"Applied Energetics, Inc.",OTC
1574,0000880117,JBSS,Sanfilippo John B & Son Inc,Nasdaq
1575,0000880242,BLGO,"Biolargo, Inc.",OTC
1576,0000880266,AGCO,Agco Corp /De,NYSE
1577,0000880406,CUBA,Herzfeld Caribbean Basin Fund Inc,Nasdaq
1578,0000880417,CSBB,"Csb Bancorp, Inc.",OTC
1579,0000880631,WT,"Wisdomtree, Inc.",NYSE
1580,0000880641,EFSI,Eagle Financial Services Inc,Nasdaq
1581,0000880807,AMSC,American Superconductor Corp /De/,Nasdaq
1582,0000880892,VGM,Invesco Trust For Investment Grade Municipals,NYSE
1583,0000880984,ACFN,"Acorn Energy, Inc.",OTC
1584,0000881787,CRT,Cross Timbers Royalty Trust,NYSE
1585,0000882071,PFO,Flaherty & Crumrine Preferred & Income Opportunity Fund Inc,NYSE
1586,0000882095,GILD,"Gilead Sciences, Inc.",Nasdaq
1587,0000882150,MYN,"Blackrock Muniyield New York Quality Fund, Inc.",NYSE
1588,0000882184,DHI,Horton D R Inc /De/,NYSE
1589,0000882291,AEMD,Aethlon Medical Inc,Nasdaq
1590,0000882300,SBI,Western Asset Intermediate Muni Fund Inc.,NYSE
1591,0000882361,APTOF,Aptose Biosciences Inc.,OTC
1592,0000882508,QUIK,Quicklogic Corp,Nasdaq
1593,0000882602,OMVJF,Omv Aktiengesellschaft /Fi,OTC
1594,0000882602,OMVKY,Omv Aktiengesellschaft /Fi,OTC
1595,0000882796,BCRX,Biocryst Pharmaceuticals Inc,Nasdaq
1596,0000882835,ROP,Roper Technologies Inc,Nasdaq
1597,0000883107,NANX,"Solesence, Inc.",OTC
1598,0000883107,SLSN,"Solesence, Inc.",Nasdaq
1599,0000883237,VRTS,"Virtus Investment Partners, Inc.",NYSE
1600,0000883241,SNPS,Synopsys Inc,Nasdaq
1601,0000883265,VTN,Invesco Trust For Investment Grade New York Municipals,NYSE
1602,0000883412,MYI,"Blackrock Muniyield Quality Fund Iii, Inc.",NYSE
1603,0000883569,FOSL,"Fossil Group, Inc.",Nasdaq
1604,0000883569,FOSLL,"Fossil Group, Inc.",Nasdaq
1605,0000883618,NXP,Nuveen Select Tax Free Income Portfolio,NYSE
1606,0000883948,AUB,Atlantic Union Bankshares Corp,NYSE
1607,0000883948,AUB-PA,Atlantic Union Bankshares Corp,NYSE
1608,0000883975,MBOT,Microbot Medical Inc.,Nasdaq
1609,0000883984,ICUI,Icu Medical Inc/De,Nasdaq
1610,0000884121,HQL,Abrdn Life Sciences Investors,NYSE
1611,0000884144,ASUR,Asure Software Inc,Nasdaq
1612,0000884152,VMO,Invesco Municipal Opportunity Trust,NYSE
1613,0000884219,PRSU,"Pursuit Attractions & Hospitality, Inc.",NYSE
1614,0000884269,APT,Alpha Pro Tech Ltd,NYSE
1615,0000884380,KEGS,"1812 Brewing Company, Inc.",OTC
1616,0000884394,SPY,Spdr S&P 500 Etf Trust,NYSE
1617,0000884614,UGI,Ugi Corp /Pa/,NYSE
1618,0000884624,OFIX,Orthofix Medical Inc.,Nasdaq
1619,0000884887,RCL,Royal Caribbean Cruises Ltd,NYSE
1620,0000885125,IQI,Invesco Quality Municipal Income Trust,NYSE
1621,0000885245,BKE,Buckle Inc,NYSE
1622,0000885275,WBHC,Wilson Bank Holding Co,OTC
1623,0000885307,JCTC,Jewett Cameron Trading Co Ltd,Nasdaq
1624,0000885462,GURE,"Gulf Resources, Inc.",Nasdaq
1625,0000885508,STRS,Stratus Properties Inc,Nasdaq
1626,0000885550,CACC,Credit Acceptance Corp,Nasdaq
1627,0000885590,BHC,Bausch Health Companies Inc.,NYSE
1628,0000885601,IIM,Invesco Value Municipal Income Trust,NYSE
1629,0000885639,KSS,Kohls Corp,NYSE
1630,0000885725,BSX,Boston Scientific Corp,NYSE
1631,0000885731,NXN,Nuveen New York Select Tax -Free Income Portfolio,NYSE
1632,0000885732,NXC,Nuveen California Select Tax Free Income Portfolio,NYSE
1633,0000885740,SPNS,Sapiens International Corp N V,Nasdaq
1634,0000885978,USPH,U S Physical Therapy Inc /Nv,NYSE
1635,0000886043,MMU,Western Asset Managed Municipals Fund Inc.,NYSE
1636,0000886128,FCEL,Fuelcell Energy Inc,Nasdaq
1637,0000886128,FCELB,Fuelcell Energy Inc,OTC
1638,0000886136,SGA,Saga Communications Inc,Nasdaq
1639,0000886163,LGND,Ligand Pharmaceuticals Inc,Nasdaq
1640,0000886163,LGNDZ,Ligand Pharmaceuticals Inc,OTC
1641,0000886163,LGNXZ,Ligand Pharmaceuticals Inc,OTC
1642,0000886163,LGNYZ,Ligand Pharmaceuticals Inc,OTC
1643,0000886163,LGNZZ,Ligand Pharmaceuticals Inc,OTC
1644,0000886206,FC,Franklin Covey Co,NYSE
1645,0000886346,KAI,Kadant Inc,NYSE
1646,0000886744,GERN,Geron Corp,Nasdaq
1647,0000886744,GERNW,Geron Corp,OTC
1648,0000886977,MEOH,Methanex Corp,Nasdaq
1649,0000886982,GS,Goldman Sachs Group Inc,NYSE
1650,0000886982,GS-PA,Goldman Sachs Group Inc,NYSE
1651,0000886982,GS-PC,Goldman Sachs Group Inc,NYSE
1652,0000886982,GS-PD,Goldman Sachs Group Inc,NYSE
1653,0000886982,GSCE,Goldman Sachs Group Inc,OTC
1654,0000886986,TCKRF,Teck Resources Ltd,OTC
1655,0000886986,TECK,Teck Resources Ltd,NYSE
1656,0000887028,RTNTF,Rio Tinto Ltd,OTC
1657,0000887151,CAPS,Capstone Holding Corp.,Nasdaq
1658,0000887153,SIM,"Grupo Simec, S.A.B. De C.V.",NYSE
1659,0000887225,KEP,Korea Electric Power Corp,NYSE
1660,0000887343,COLB,"Columbia Banking System, Inc.",Nasdaq
1661,0000887359,VCEL,Vericel Corp,Nasdaq
1662,0000887394,MQT,"Blackrock Muniyield Quality Fund Ii, Inc.",NYSE
1663,0000887396,EP,Empire Petroleum Corp,NYSE
1664,0000887596,CAKE,Cheesecake Factory Inc,Nasdaq
1665,0000887733,CENT,Central Garden & Pet Co,Nasdaq
1666,0000887733,CENTA,Central Garden & Pet Co,Nasdaq
1667,0000887905,LTC,Ltc Properties Inc,NYSE
1668,0000887936,FCN,"Fti Consulting, Inc",NYSE
1669,0000888491,OHI,Omega Healthcare Investors Inc,NYSE
1670,0000888721,TRIB,Trinity Biotech Plc,Nasdaq
1671,0000888746,CCU,United Breweries Co Inc,NYSE
1672,0000888981,NNUP,Nocopi Technologies Inc/Md/,OTC
1673,0000889132,PKX,Posco Holdings Inc.,NYSE
1674,0000889331,LFUS,Littelfuse Inc /De,Nasdaq
1675,0000889348,CVU,Cpi Aerostructures Inc,NYSE
1676,0000889353,SNTL,Sentinel Holdings Ltd.,OTC
1677,0000889609,CPSS,"Consumer Portfolio Services, Inc.",Nasdaq
1678,0000889900,PTEN,Patterson Uti Energy Inc,Nasdaq
1679,0000889971,LPTH,Lightpath Technologies Inc,Nasdaq
1680,0000890066,GLBZ,Glen Burnie Bancorp,Nasdaq
1681,0000890119,NIM,Nuveen Select Maturities Municipal Fund,NYSE
1682,0000890196,MQY,"Blackrock Muniyield Quality Fund, Inc.",NYSE
1683,0000890393,MIY,"Blackrock Muniyield Michigan Quality Fund, Inc.",NYSE
1684,0000890394,PRSO,Peraso Inc.,Nasdaq
1685,0000890541,BLX,"Foreign Trade Bank Of Latin America, Inc.",NYSE
1686,0000890564,ASGN,Asgn Inc,NYSE
1687,0000890725,GSAC,Gelstat Corp,OTC
1688,0000890821,ENVB,"Enveric Biosciences, Inc.",Nasdaq
1689,0000890926,RDN,Radian Group Inc,NYSE
1690,0000891014,MTX,Minerals Technologies Inc,NYSE
1691,0000891024,PDCO,"Patterson Companies, Inc.",Nasdaq
1692,0000891038,MPA,Blackrock Muniyield Pennsylvania Quality Fund,NYSE
1693,0000891103,MTCH,"Match Group, Inc.",Nasdaq
1694,0000891166,UVE,"Universal Insurance Holdings, Inc.",NYSE
1695,0000891290,RFI,Cohen & Steers Total Return Realty Fund Inc,NYSE
1696,0000891417,NMGX,Nano Magic Inc.,OTC
1697,0000891478,BCDRF,"Banco Santander, S.A.",OTC
1698,0000891478,SAN,"Banco Santander, S.A.",NYSE
1699,0000891482,FLL,Full House Resorts Inc,Nasdaq
1700,0000891532,PESI,Perma Fix Environmental Services Inc,Nasdaq
1701,0000892450,KT,Kt Corp,NYSE
1702,0000892553,GTLS,Chart Industries Inc,NYSE
1703,0000892553,GTLS-PB,Chart Industries Inc,NYSE
1704,0000892992,NAZ,Nuveen Arizona Quality Municipal Income Fund,NYSE
1705,0000893538,SM,Sm Energy Co,NYSE
1706,0000893739,TURN,180 Degree Capital Corp. /Ny/,Nasdaq
1707,0000893847,HWBK,"Hawthorn Bancshares, Inc.",Nasdaq
1708,0000893949,MD,"Pediatrix Medical Group, Inc.",NYSE
1709,0000894158,TOVX,"Theriva Biologics, Inc.",NYSE
1710,0000894242,BKN,"Blackrock Investment Quality Municipal Trust, Inc.",NYSE
1711,0000894315,SITC,Site Centers Corp.,NYSE
1712,0000894405,ARCB,Arcbest Corp /De/,Nasdaq
1713,0000894501,GRHI,"Gold Rock Holdings, Inc.",OTC
1714,0000894552,EMDF,"E Med Future, Inc.",OTC
1715,0000894556,GEVI,"General Enterprise Ventures, Inc.",OTC
1716,0000894627,EGY,Vaalco Energy Inc /De/,NYSE
1717,0000894671,OVBC,Ohio Valley Banc Corp,Nasdaq
1718,0000894871,AREN,"Arena Group Holdings, Inc.",NYSE
1719,0000895126,EXE,Expand Energy Corp,Nasdaq
1720,0000895126,EXEEL,Expand Energy Corp,Nasdaq
1721,0000895126,EXEEW,Expand Energy Corp,Nasdaq
1722,0000895126,EXEEZ,Expand Energy Corp,Nasdaq
1723,0000895287,VMHG,Victory Marine Holdings Corp,OTC
1724,0000895417,ELS,Equity Lifestyle Properties Inc,NYSE
1725,0000895419,WOLF,"Wolfspeed, Inc.",NYSE
1726,0000895421,MS,Morgan Stanley,NYSE
1727,0000895421,MS-PA,Morgan Stanley,NYSE
1728,0000895421,MS-PE,Morgan Stanley,NYSE
1729,0000895421,MS-PF,Morgan Stanley,NYSE
1730,0000895421,MS-PI,Morgan Stanley,NYSE
1731,0000895421,MS-PK,Morgan Stanley,NYSE
1732,0000895421,MS-PL,Morgan Stanley,NYSE
1733,0000895421,MS-PO,Morgan Stanley,NYSE
1734,0000895421,MS-PP,Morgan Stanley,NYSE
1735,0000895421,MS-PQ,Morgan Stanley,NYSE
1736,0000895421,MSTLW,Morgan Stanley,OTC
1737,0000895447,SCVL,Shoe Carnival Inc,Nasdaq
1738,0000895456,RCKY,"Rocky Brands, Inc.",Nasdaq
1739,0000895464,YBGJ,Yubo International Biotech Ltd,OTC
1740,0000895528,VPV,Invesco Pennsylvania Value Municipal Income Trust,NYSE
1741,0000895531,VCV,Invesco California Value Municipal Income Trust,NYSE
1742,0000895564,BAESF,Bae Systems Plc /Fi/,OTC
1743,0000895564,BAESY,Bae Systems Plc /Fi/,OTC
1744,0000895574,VFL,Abrdn National Municipal Income Fund,NYSE
1745,0000895728,EBBGF,Enbridge Inc,OTC
1746,0000895728,EBBNF,Enbridge Inc,OTC
1747,0000895728,EBGEF,Enbridge Inc,OTC
1748,0000895728,EBRGF,Enbridge Inc,OTC
1749,0000895728,EBRZF,Enbridge Inc,OTC
1750,0000895728,ENB,Enbridge Inc,NYSE
1751,0000895728,ENBFF,Enbridge Inc,OTC
1752,0000895728,ENBGF,Enbridge Inc,OTC
1753,0000895728,ENBHF,Enbridge Inc,OTC
1754,0000895728,ENBMF,Enbridge Inc,OTC
1755,0000895728,ENBNF,Enbridge Inc,OTC
1756,0000895728,ENBOF,Enbridge Inc,OTC
1757,0000895728,ENBRF,Enbridge Inc,OTC
1758,0000895728,ENBSF,Enbridge Inc,OTC
1759,0000895728,ENNPF,Enbridge Inc,OTC
1760,0000896156,ETD,Ethan Allen Interiors Inc,NYSE
1761,0000896159,CB,Chubb Ltd,NYSE
1762,0000896262,AMED,Amedisys Inc,Nasdaq
1763,0000896264,USNA,Usana Health Sciences Inc,NYSE
1764,0000896429,CTLP,"Cantaloupe, Inc.",Nasdaq
1765,0000896429,CTLPP,"Cantaloupe, Inc.",OTC
1766,0000896493,GPUS,"Hyperscale Data, Inc.",NYSE
1767,0000896493,GPUS-PD,"Hyperscale Data, Inc.",NYSE
1768,0000896622,ATR,"Aptargroup, Inc.",NYSE
1769,0000896878,INTU,Intuit Inc.,Nasdaq
1770,0000897077,ALG,Alamo Group Inc,NYSE
1771,0000897078,KOAN,"Resonate Blends, Inc.",OTC
1772,0000897269,MVT,"Blackrock Munivest Fund Ii, Inc.",NYSE
1773,0000897322,GILT,Gilat Satellite Networks Ltd,Nasdaq
1774,0000897419,NMT,Nuveen Massachusetts Quality Municipal Income Fund,NYSE
1775,0000897421,NPV,Nuveen Virginia Quality Municipal Income Fund,NYSE
1776,0000897448,AMRN,Amarin Corp Plc\Uk,Nasdaq
1777,0000897723,SANM,Sanmina Corp,Nasdaq
1778,0000897802,SPE,"Special Opportunities Fund, Inc.",NYSE
1779,0000897802,SPE-PC,"Special Opportunities Fund, Inc.",NYSE
1780,0000898171,UWHR,Uwharrie Capital Corp,OTC
1781,0000898173,ORLY,O Reilly Automotive Inc,Nasdaq
1782,0000898174,RGA,Reinsurance Group Of America Inc,NYSE
1783,0000898174,RZB,Reinsurance Group Of America Inc,NYSE
1784,0000898174,RZC,Reinsurance Group Of America Inc,NYSE
1785,0000898293,JBL,Jabil Inc,NYSE
1786,0000898437,ANIK,"Anika Therapeutics, Inc.",Nasdaq
1787,0000899051,ALL,Allstate Corp,NYSE
1788,0000899051,ALL-PB,Allstate Corp,NYSE
1789,0000899051,ALL-PH,Allstate Corp,NYSE
1790,0000899051,ALL-PI,Allstate Corp,NYSE
1791,0000899051,ALL-PJ,Allstate Corp,NYSE
1792,0000899394,HRBR,"Harbor Diversified, Inc.",OTC
1793,0000899460,MNKD,Mannkind Corp,Nasdaq
1794,0000899629,AKR,Acadia Realty Trust,NYSE
1795,0000899689,VNO,Vornado Realty Trust,NYSE
1796,0000899689,VNO-PL,Vornado Realty Trust,NYSE
1797,0000899689,VNO-PM,Vornado Realty Trust,NYSE
1798,0000899689,VNO-PN,Vornado Realty Trust,NYSE
1799,0000899689,VNO-PO,Vornado Realty Trust,NYSE
1800,0000899689,VNORP,Vornado Realty Trust,OTC
1801,0000899715,SKT,Tanger Inc.,NYSE
1802,0000899751,TWI,Titan International Inc,NYSE
1803,0000899782,NOM,Nuveen Missouri Quality Municipal Income Fund,NYSE
1804,0000899923,MYGN,Myriad Genetics Inc,Nasdaq
1805,0000900075,CPRT,Copart Inc,Nasdaq
1806,0000900391,NTZ,Natuzzi S P A,NYSE
1807,0000900422,PMO,Putnam Municipal Opportunities Trust,NYSE
1808,0000900475,SMKG,Smartcard Marketing Systems Inc,OTC
1809,0000901243,MUA,"Blackrock Muniassets Fund, Inc.",NYSE
1810,0000901491,PZZA,Papa Johns International Inc,Nasdaq
1811,0000901832,AZN,Astrazeneca Plc,Nasdaq
1812,0000901832,AZNCF,Astrazeneca Plc,OTC
1813,0000902791,BBSI,Barrett Business Services Inc,Nasdaq
1814,0000903129,THRM,Gentherm Inc,Nasdaq
1815,0000903419,ALRS,Alerus Financial Corp,Nasdaq
1816,0000903651,INOD,Innodata Inc,Nasdaq
1817,0000904112,MSD,Morgan Stanley Emerging Markets Debt Fund Inc,NYSE
1818,0000904851,YPF,Ypf Sociedad Anonima,NYSE
1819,0000906013,AWF,Alliancebernstein Global High Income Fund Inc,NYSE
1820,0000906107,EQR,Equity Residential,NYSE
1821,0000906163,NVR,Nvr Inc,NYSE
1822,0000906345,CPT,Camden Property Trust,NYSE
1823,0000906465,QCRH,Qcr Holdings Inc,Nasdaq
1824,0000906553,BYD,Boyd Gaming Corp,NYSE
1825,0000906709,NKTR,Nektar Therapeutics,Nasdaq
1826,0000907242,MCRI,Monarch Casino & Resort Inc,Nasdaq
1827,0000907254,BFS,"Saul Centers, Inc.",NYSE
1828,0000907254,BFS-PD,"Saul Centers, Inc.",NYSE
1829,0000907254,BFS-PE,"Saul Centers, Inc.",NYSE
1830,0000907471,CASH,"Pathward Financial, Inc.",Nasdaq
1831,0000907654,ORKA,"Oruka Therapeutics, Inc.",Nasdaq
1832,0000908187,PCM,"Pcm Fund, Inc.",NYSE
1833,0000908255,BWA,Borgwarner Inc,NYSE
1834,0000908259,OTLC,"Oncotelic Therapeutics, Inc.",OTC
1835,0000908311,CMCT,Creative Media & Community Trust Corp,Nasdaq
1836,0000908315,WINA,Winmark Corp,Nasdaq
1837,0000908732,SPTJF,Sinopec Shanghai Petrochemical Co Ltd,OTC
1838,0000908937,SIRI,Sirius Xm Holdings Inc.,Nasdaq
1839,0000908993,VKI,Invesco Advantage Municipal Income Trust Ii,NYSE
1840,0000909037,SQM,Chemical & Mining Co Of Chile Inc,NYSE
1841,0000909108,DHIL,Diamond Hill Investment Group Inc,Nasdaq
1842,0000909112,TEI,Templeton Emerging Markets Income Fund,NYSE
1843,0000909327,SUZ,Suzano S.A.,NYSE
1844,0000909494,TCX,Tucows Inc /Pa/,Nasdaq
1845,0000909724,TLF,Tandy Leather Factory Inc,Nasdaq
1846,0000909832,COST,Costco Wholesale Corp /New,Nasdaq
1847,0000910068,HIO,Western Asset High Income Opportunity Fund Inc.,NYSE
1848,0000910073,FLG,"Flagstar Financial, Inc.",NYSE
1849,0000910073,FLG-PA,"Flagstar Financial, Inc.",NYSE
1850,0000910073,FLG-PU,"Flagstar Financial, Inc.",NYSE
1851,0000910108,LXP,Lxp Industrial Trust,NYSE
1852,0000910108,LXP-PC,Lxp Industrial Trust,NYSE
1853,0000910267,TTNP,Titan Pharmaceuticals Inc,Nasdaq
1854,0000910329,MED,Medifast Inc,NYSE
1855,0000910406,HAIN,Hain Celestial Group Inc,Nasdaq
1856,0000910521,DECK,Deckers Outdoor Corp,NYSE
1857,0000910606,REG,Regency Centers Corp,Nasdaq
1858,0000910606,REGCO,Regency Centers Corp,Nasdaq
1859,0000910606,REGCP,Regency Centers Corp,Nasdaq
1860,0000910612,CBL,Cbl & Associates Properties Inc,NYSE
1861,0000910631,COCSF,Coca Cola Femsa Sab De Cv,OTC
1862,0000910631,KOF,Coca Cola Femsa Sab De Cv,NYSE
1863,0000910638,DDD,3D Systems Corp,NYSE
1864,0000910679,WVFC,Wvs Financial Corp,OTC
1865,0000911147,CNTY,Century Casinos Inc /Co/,Nasdaq
1866,0000911177,CWST,Casella Waste Systems Inc,Nasdaq
1867,0000911216,PTN,Palatin Technologies Inc,NYSE
1868,0000911421,PREJF,Partnerre Ltd,OTC
1869,0000911971,TK,Teekay Corp Ltd,NYSE
1870,0000912061,NHTC,Natural Health Trends Corp,Nasdaq
1871,0000912093,VIAV,Viavi Solutions Inc.,Nasdaq
1872,0000912147,RMT,"Royce Micro-Cap Trust, Inc.",NYSE
1873,0000912242,MAC,Macerich Co,NYSE
1874,0000912463,GES,Guess Inc,NYSE
1875,0000912544,NSTM,Novelstem International Corp.,OTC
1876,0000912562,ROCK,"Gibraltar Industries, Inc.",Nasdaq
1877,0000912593,SUI,Sun Communities Inc,NYSE
1878,0000912595,MAA,Mid America Apartment Communities Inc.,NYSE
1879,0000912595,MAA-PI,Mid America Apartment Communities Inc.,NYSE
1880,0000912603,RDUS,"Radius Recycling, Inc.",Nasdaq
1881,0000912615,URBN,Urban Outfitters Inc,Nasdaq
1882,0000912728,FWRD,Forward Air Corp,Nasdaq
1883,0000912766,LAUR,"Laureate Education, Inc.",Nasdaq
1884,0000912767,UFPI,Ufp Industries Inc,Nasdaq
1885,0000912892,GRPFF,"Grupo Televisa, S.A.B.",OTC
1886,0000912892,TV,"Grupo Televisa, S.A.B.",NYSE
1887,0000912958,MLCMF,Millicom International Cellular Sa,OTC
1888,0000912958,TIGO,Millicom International Cellular Sa,Nasdaq
1889,0000912967,FBSI,First Bancshares Inc /Mo/,OTC
1890,0000913059,BBAR,Banco Bbva Argentina S.A.,NYSE
1891,0000913142,BDC,Belden Inc.,NYSE
1892,0000913144,RNR,Renaissancere Holdings Ltd,NYSE
1893,0000913144,RNR-PF,Renaissancere Holdings Ltd,NYSE
1894,0000913144,RNR-PG,Renaissancere Holdings Ltd,NYSE
1895,0000913241,SHOO,"Steven Madden, Ltd.",Nasdaq
1896,0000913277,CLAR,Clarus Corp,Nasdaq
1897,0000913290,FRO,Frontline Plc,NYSE
1898,0000913341,CFFI,C & F Financial Corp,Nasdaq
1899,0000913353,CIGI,Colliers International Group Inc.,Nasdaq
1900,0000913760,SNEX,Stonex Group Inc.,Nasdaq
1901,0000914122,PPIH,"Perma-Pipe International Holdings, Inc.",Nasdaq
1902,0000914139,PRKR,Parkervision Inc,OTC
1903,0000914156,UFPT,Ufp Technologies Inc,Nasdaq
1904,0000914208,IVZ,Invesco Ltd.,NYSE
1905,0000914475,NBIX,Neurocrine Biosciences Inc,Nasdaq
1906,0000915191,FAXRF,Fairfax Financial Holdings Ltd/ Can,OTC
1907,0000915191,FAXXF,Fairfax Financial Holdings Ltd/ Can,OTC
1908,0000915191,FRFFF,Fairfax Financial Holdings Ltd/ Can,OTC
1909,0000915191,FRFHF,Fairfax Financial Holdings Ltd/ Can,OTC
1910,0000915191,FRFXF,Fairfax Financial Holdings Ltd/ Can,OTC
1911,0000915358,SGMA,Sigmatron International Inc,Nasdaq
1912,0000915389,EMN,Eastman Chemical Co,NYSE
1913,0000915661,GRLF,Green Leaf Innovations Inc,OTC
1914,0000915779,DAKT,Daktronics Inc /Sd/,Nasdaq
1915,0000915840,BZH,Beazer Homes Usa Inc,NYSE
1916,0000915912,AVB,Avalonbay Communities Inc,NYSE
1917,0000915913,ALB,Albemarle Corp,NYSE
1918,0000915913,ALB-PA,Albemarle Corp,NYSE
1919,0000916076,MLM,Martin Marietta Materials Inc,NYSE
1920,0000916183,RCS,"Pimco Strategic Income Fund, Inc.",NYSE
1921,0000916365,TSCO,Tractor Supply Co /De/,Nasdaq
1922,0000916540,DAR,Darling Ingredients Inc.,NYSE
1923,0000916618,IIF,"Morgan Stanley India Investment Fund, Inc.",NYSE
1924,0000916789,HELE,Helen Of Troy Ltd,Nasdaq
1925,0000916793,SILC,Silicom Ltd.,Nasdaq
1926,0000916907,SMBC,"Southern Missouri Bancorp, Inc.",Nasdaq
1927,0000917100,IFN,"India Fund, Inc.",NYSE
1928,0000917225,XPL,Solitario Resources Corp.,NYSE
1929,0000917251,ADC,Agree Realty Corp,NYSE
1930,0000917251,ADC-PA,Agree Realty Corp,NYSE
1931,0000917273,RMBS,Rambus Inc,Nasdaq
1932,0000917470,ZEUS,Olympic Steel Inc,Nasdaq
1933,0000917491,FARO,Faro Technologies Inc,Nasdaq
1934,0000917520,IART,Integra Lifesciences Holdings Corp,Nasdaq
1935,0000917851,VALE,Vale S.A.,NYSE
1936,0000918251,MPAA,Motorcar Parts Of America Inc,Nasdaq
1937,0000918541,NNBR,Nn Inc,Nasdaq
1938,0000918545,BISA,Baltic International Usa Inc,OTC
1939,0000918573,GRVE,Groove Botanicals Inc.,OTC
1940,0000918608,EGO,Eldorado Gold Corp /Fi,NYSE
1941,0000918646,EXP,Eagle Materials Inc,NYSE
1942,0000918965,SCSC,"Scansource, Inc.",Nasdaq
1943,0000919012,AEO,American Eagle Outfitters Inc,NYSE
1944,0000919567,RCG,"Renn Fund, Inc.",NYSE
1945,0000919864,FNWD,Finward Bancorp,Nasdaq
1946,0000919893,TDF,Templeton Dragon Fund Inc,NYSE
1947,0000920148,LH,Labcorp Holdings Inc.,NYSE
1948,0000920371,SSD,"Simpson Manufacturing Co., Inc.",NYSE
1949,0000920427,UNTY,Unity Bancorp Inc /Nj/,Nasdaq
1950,0000920522,ESS,"Essex Property Trust, Inc.",NYSE
1951,0000920760,LEN,Lennar Corp /New/,NYSE
1952,0000920760,LEN-B,Lennar Corp /New/,NYSE
1953,0000920822,OUTFF,Outokumpu Oy /Fi,OTC
1954,0000920822,OUTKY,Outokumpu Oy /Fi,OTC
1955,0000921082,HIW,"Highwoods Properties, Inc.",NYSE
1956,0000921114,ARMP,"Armata Pharmaceuticals, Inc.",NYSE
1957,0000921299,FGEN,Fibrogen Inc,Nasdaq
1958,0000921557,RBCAA,Republic Bancorp Inc /Ky/,Nasdaq
1959,0000921582,IMAX,Imax Corp,NYSE
1960,0000921638,SSRGF,Ssr Mining Inc.,OTC
1961,0000921638,SSRM,Ssr Mining Inc.,Nasdaq
1962,0000921671,GGT,Gabelli Multimedia Trust Inc.,NYSE
1963,0000921671,GGT-PE,Gabelli Multimedia Trust Inc.,NYSE
1964,0000921671,GGT-PG,Gabelli Multimedia Trust Inc.,NYSE
1965,0000921738,PENN,"Penn Entertainment, Inc.",Nasdaq
1966,0000921825,FR,First Industrial Realty Trust Inc,NYSE
1967,0000922224,PPL,Ppl Corp,NYSE
1968,0000922357,IOCJY,Iochpe-Maxion Sa /Fi,OTC
1969,0000922358,FGPR,Ferrellgas Partners L P,OTC
1970,0000922358,FGPRB,Ferrellgas Partners L P,OTC
1971,0000922521,FALC,Falconstor Software Inc,OTC
1972,0000922621,ERIE,Erie Indemnity Co,Nasdaq
1973,0000922864,AIV,Apartment Investment & Management Co,NYSE
1974,0000923120,GBX,Greenbrier Companies Inc,NYSE
1975,0000923139,FFIC,Flushing Financial Corp,Nasdaq
1976,0000923601,RIME,"Algorhythm Holdings, Inc.",Nasdaq
1977,0000923796,GEO,Geo Group Inc,NYSE
1978,0000924095,MVCO,"Metavesco, Inc.",OTC
1979,0000924168,EFOI,"Energy Focus, Inc/De",Nasdaq
1980,0000924383,GNSS,Genasys Inc.,Nasdaq
1981,0000924396,OLKR,"Openlocker Holdings, Inc.",OTC
1982,0000924515,GTHP,Guided Therapeutics Inc,OTC
1983,0000924613,NOK,Nokia Corp,NYSE
1984,0000924613,NOKBF,Nokia Corp,OTC
1985,0000924717,SRDX,Surmodics Inc,Nasdaq
1986,0000924719,SMID,Smith Midland Corp,Nasdaq
1987,0000924805,FRHC,Freedom Holding Corp.,Nasdaq
1988,0000924822,MLR,Miller Industries Inc /Tn/,NYSE
1989,0000924901,VRE,"Veris Residential, Inc.",NYSE
1990,0000925261,AKO-A,Andina Bottling Co Inc,NYSE
1991,0000925261,AKO-B,Andina Bottling Co Inc,NYSE
1992,0000925528,HDSN,Hudson Technologies Inc /Ny,Nasdaq
1993,0000925660,FLXT,Flexpoint Sensor Systems Inc,OTC
1994,0000925683,BTO,John Hancock Financial Opportunities Fund,NYSE
1995,0000925741,BCDA,"Biocardia, Inc.",Nasdaq
1996,0000925779,HIRU,Hiru Corp,OTC
1997,0000926282,ADTN,"Adtran Holdings, Inc.",Nasdaq
1998,0000926326,OMCL,"Omnicell, Inc.",Nasdaq
1999,0000926423,MIND,"Mind Technology, Inc",Nasdaq
2000,0000926617,AWH,Aspira Women'S Health Inc.,Nasdaq
2001,0000926617,AWHL,Aspira Women'S Health Inc.,OTC
2002,0000926844,FBDS,Fuss Brands Corp.,OTC
2003,0000927003,AEIS,Advanced Energy Industries Inc,Nasdaq
2004,0000927066,DVA,Davita Inc.,NYSE
2005,0000927628,COF,Capital One Financial Corp,NYSE
2006,0000927628,COF-PI,Capital One Financial Corp,NYSE
2007,0000927628,COF-PJ,Capital One Financial Corp,NYSE
2008,0000927628,COF-PK,Capital One Financial Corp,NYSE
2009,0000927628,COF-PL,Capital One Financial Corp,NYSE
2010,0000927628,COF-PN,Capital One Financial Corp,NYSE
2011,0000927653,MCK,Mckesson Corp,NYSE
2012,0000927719,DWNX,Delhi Bank Corp,OTC
2013,0000927971,BERZ,Bank Of Montreal /Can/,NYSE
2014,0000927971,BMO,Bank Of Montreal /Can/,NYSE
2015,0000927971,BNKD,Bank Of Montreal /Can/,NYSE
2016,0000927971,BNKU,Bank Of Montreal /Can/,NYSE
2017,0000927971,BULZ,Bank Of Montreal /Can/,NYSE
2018,0000927971,CARD,Bank Of Montreal /Can/,NYSE
2019,0000927971,CARU,Bank Of Montreal /Can/,NYSE
2020,0000927971,DULL,Bank Of Montreal /Can/,NYSE
2021,0000927971,FLYD,Bank Of Montreal /Can/,NYSE
2022,0000927971,FLYU,Bank Of Montreal /Can/,NYSE
2023,0000927971,FNGA,Bank Of Montreal /Can/,NYSE
2024,0000927971,FNGB,Bank Of Montreal /Can/,NYSE
2025,0000927971,FNGD,Bank Of Montreal /Can/,NYSE
2026,0000927971,FNGO,Bank Of Montreal /Can/,NYSE
2027,0000927971,FNGS,Bank Of Montreal /Can/,NYSE
2028,0000927971,GDXD,Bank Of Montreal /Can/,NYSE
2029,0000927971,GDXU,Bank Of Montreal /Can/,NYSE
2030,0000927971,JETD,Bank Of Montreal /Can/,NYSE
2031,0000927971,JETU,Bank Of Montreal /Can/,NYSE
2032,0000927971,NRGD,Bank Of Montreal /Can/,NYSE
2033,0000927971,NRGU,Bank Of Montreal /Can/,NYSE
2034,0000927971,OILD,Bank Of Montreal /Can/,NYSE
2035,0000927971,OILU,Bank Of Montreal /Can/,NYSE
2036,0000927971,SHNY,Bank Of Montreal /Can/,NYSE
2037,0000927971,WTID,Bank Of Montreal /Can/,NYSE
2038,0000927971,WTIU,Bank Of Montreal /Can/,NYSE
2039,0000928054,FTK,Flotek Industries Inc/Cn/,NYSE
2040,0000928340,CWCO,Consolidated Water Co. Ltd.,Nasdaq
2041,0000928465,DIT,Amcon Distributing Co,NYSE
2042,0000928658,CVLG,"Covenant Logistics Group, Inc.",NYSE
2043,0000928876,TSEM,Tower Semiconductor Ltd,Nasdaq
2044,0000929008,WCC,Wesco International Inc,NYSE
2045,0000929008,WCC-PA,Wesco International Inc,NYSE
2046,0000929058,HUNGF,Huaneng Power International Inc,OTC
2047,0000929351,LGF-A,Lions Gate Entertainment Corp /Cn/,NYSE
2048,0000929351,LGF-B,Lions Gate Entertainment Corp /Cn/,NYSE
2049,0000929869,RELX,Relx Plc,NYSE
2050,0000929869,RLXXF,Relx Plc,OTC
2051,0000930157,RKLIF,Rentokil Initial Plc /Fi,OTC
2052,0000930157,RTO,Rentokil Initial Plc /Fi,NYSE
2053,0000930236,RWT,Redwood Trust Inc,NYSE
2054,0000930236,RWT-PA,Redwood Trust Inc,NYSE
2055,0000930236,RWTN,Redwood Trust Inc,NYSE
2056,0000930236,RWTO,Redwood Trust Inc,NYSE
2057,0000930236,RWTP,Redwood Trust Inc,NYSE
2058,0000930245,AASP,Global Acquisitions Corp,OTC
2059,0000930420,KFRC,Kforce Inc,NYSE
2060,0000930775,ECIA,Encision Inc,OTC
2061,0000930826,SLVYY,Solvay S A /Adr/,OTC
2062,0000930826,SVYSF,Solvay S A /Adr/,OTC
2063,0000931015,PII,Polaris Inc.,NYSE
2064,0000931148,EAF,Graftech International Ltd,NYSE
2065,0000931427,TGS,Gas Transporter Of The South Inc,NYSE
2066,0000931755,XXAAU,Aei Income & Growth Fund Xxi Ltd Partnership,OTC
2067,0000932021,GTLL,Global Technologies Ltd,OTC
2068,0000932470,TCMFF,Telecom Argentina Sa,OTC
2069,0000932470,TEO,Telecom Argentina Sa,NYSE
2070,0000932695,CYD,China Yuchai International Ltd,NYSE
2071,0000932696,NSIT,Insight Enterprises Inc,Nasdaq
2072,0000932781,FCCO,First Community Corp /Sc/,Nasdaq
2073,0000932787,STM,Stmicroelectronics N.V.,NYSE
2074,0000932787,STMEF,Stmicroelectronics N.V.,OTC
2075,0000933034,STRT,Strattec Security Corp,Nasdaq
2076,0000933036,UPBD,"Upbound Group, Inc.",Nasdaq
2077,0000933136,COOP,Mr. Cooper Group Inc.,Nasdaq
2078,0000933267,IRS,Irsa Investments & Representations Inc,NYSE
2079,0000933267,IRS-WT,Irsa Investments & Representations Inc,NYSE
2080,0000933738,ENGCQ,Englobal Corp,OTC
2081,0000933972,SCWO,374Water Inc.,Nasdaq
2082,0000933974,AZTA,"Azenta, Inc.",Nasdaq
2083,0000934549,ACTG,Acacia Research Corp,Nasdaq
2084,0000934796,NWCN,Network Cn Inc,OTC
2085,0000935036,ACIW,"Aci Worldwide, Inc.",Nasdaq
2086,0000935419,RICK,"Rci Hospitality Holdings, Inc.",Nasdaq
2087,0000935703,DLTR,"Dollar Tree, Inc.",Nasdaq
2088,0000936340,DTB,Dte Energy Co,NYSE
2089,0000936340,DTE,Dte Energy Co,NYSE
2090,0000936340,DTG,Dte Energy Co,NYSE
2091,0000936340,DTW,Dte Energy Co,NYSE
2092,0000936395,CIEN,Ciena Corp,NYSE
2093,0000936468,LMT,Lockheed Martin Corp,NYSE
2094,0000936528,WAFD,Wafd Inc,Nasdaq
2095,0000936528,WAFDP,Wafd Inc,Nasdaq
2096,0000936958,MDY,Spdr S&P Midcap 400 Etf Trust,NYSE
2097,0000937098,TNET,"Trinet Group, Inc.",NYSE
2098,0000937556,MASI,Masimo Corp,Nasdaq
2099,0000937966,ASML,Asml Holding Nv,Nasdaq
2100,0000937966,ASMLF,Asml Holding Nv,OTC
2101,0000938323,PSO,Pearson Plc,NYSE
2102,0000938323,PSORF,Pearson Plc,OTC
2103,0000939767,EXEL,"Exelixis, Inc.",Nasdaq
2104,0000939930,PYYX,"Pyxus International, Inc.",OTC
2105,0000940942,HUBG,"Hub Group, Inc.",Nasdaq
2106,0000940944,DRI,Darden Restaurants Inc,NYSE
2107,0000941221,ICL,Icl Group Ltd.,NYSE
2108,0000942126,TAIT,Taitron Components Inc,Nasdaq
2109,0000942149,OCGSF,Outcrop Silver & Gold Corp,OTC
2110,0000943034,AATC,Autoscope Technologies Corp,OTC
2111,0000943452,WAB,Westinghouse Air Brake Technologies Corp,NYSE
2112,0000943535,WHEN,"World Health Energy Holdings, Inc.",OTC
2113,0000943819,RMD,Resmed Inc,NYSE
2114,0000943819,RSMDF,Resmed Inc,OTC
2115,0000944075,SCKT,"Socket Mobile, Inc.",Nasdaq
2116,0000944148,CBZ,"Cbiz, Inc.",NYSE
2117,0000944695,THG,"Hanover Insurance Group, Inc.",NYSE
2118,0000944745,CIVB,"Civista Bancshares, Inc.",Nasdaq
2119,0000944809,OPK,"Opko Health, Inc.",Nasdaq
2120,0000945114,GIC,Global Industrial Co,NYSE
2121,0000945394,SVC,Service Properties Trust,Nasdaq
2122,0000945828,AMTY,Amerityre Corp,OTC
2123,0000945841,POOL,Pool Corp,Nasdaq
2124,0000945983,CLMB,"Climb Global Solutions, Inc.",Nasdaq
2125,0000946112,CDSG,"China Dongsheng International, Inc.",OTC
2126,0000946394,ELLO,Ellomay Capital Ltd.,NYSE
2127,0000946486,WINT,Windtree Therapeutics Inc /De/,Nasdaq
2128,0000946486,WINTW,Windtree Therapeutics Inc /De/,OTC
2129,0000946563,RVP,Retractable Technologies Inc,NYSE
2130,0000946581,TTWO,Take Two Interactive Software Inc,Nasdaq
2131,0000946644,AIMI,Aim Immunotech Inc.,OTC
2132,0000946673,BANR,Banner Corp,Nasdaq
2133,0000946936,DSWL,Deswell Industries Inc,Nasdaq
2134,0000947263,TD,Toronto Dominion Bank,NYSE
2135,0000947263,TDBCP,Toronto Dominion Bank,OTC
2136,0000947263,TDBKF,Toronto Dominion Bank,OTC
2137,0000947263,TDOMF,Toronto Dominion Bank,OTC
2138,0000947484,ACGL,Arch Capital Group Ltd.,Nasdaq
2139,0000947484,ACGLN,Arch Capital Group Ltd.,Nasdaq
2140,0000947484,ACGLO,Arch Capital Group Ltd.,Nasdaq
2141,0000948320,LFMD,"Lifemd, Inc.",Nasdaq
2142,0000948320,LFMDP,"Lifemd, Inc.",Nasdaq
2143,0000948401,CFRHF,Compagnie Financiere Richemont Ag /Fi,OTC
2144,0000948401,CFRUY,Compagnie Financiere Richemont Ag /Fi,OTC
2145,0000948708,SMSI,"Smith Micro Software, Inc.",Nasdaq
2146,0000949157,CENX,Century Aluminum Co,Nasdaq
2147,0000949858,ACHV,"Achieve Life Sciences, Inc.",Nasdaq
2148,0000949870,SAM,Boston Beer Co Inc,NYSE
2149,0000949961,IOR,Income Opportunity Realty Investors Inc /Tx/,NYSE
2150,0001000045,OMCC,Old Market Capital Corp,Nasdaq
2151,0001000177,NAT,Nordic American Tankers Ltd,NYSE
2152,0001000184,SAP,Sap Se,NYSE
2153,0001000184,SAPGF,Sap Se,OTC
2154,0001000209,MBNKP,Medallion Financial Corp,Nasdaq
2155,0001000209,MFIN,Medallion Financial Corp,Nasdaq
2156,0001000228,HSIC,Henry Schein Inc,Nasdaq
2157,0001000230,OCC,Optical Cable Corp,Nasdaq
2158,0001000275,RBCPF,Royal Bank Of Canada,OTC
2159,0001000275,RBMCF,Royal Bank Of Canada,OTC
2160,0001000275,RY,Royal Bank Of Canada,NYSE
2161,0001000275,RYLBF,Royal Bank Of Canada,OTC
2162,0001000298,IMPM,Impac Mortgage Holdings Inc,OTC
2163,0001000623,MATV,"Mativ Holdings, Inc.",NYSE
2164,0001000683,BDRL,Blonder Tongue Laboratories Inc,OTC
2165,0001000694,NVAX,Novavax Inc,Nasdaq
2166,0001000697,WAT,Waters Corp /De/,NYSE
2167,0001000753,NSP,"Insperity, Inc.",NYSE
2168,0001001085,BAMGF,Brookfield Corp /On/,OTC
2169,0001001085,BAMKF,Brookfield Corp /On/,OTC
2170,0001001085,BKAMF,Brookfield Corp /On/,OTC
2171,0001001085,BKFAF,Brookfield Corp /On/,OTC
2172,0001001085,BKFDF,Brookfield Corp /On/,OTC
2173,0001001085,BKFOF,Brookfield Corp /On/,OTC
2174,0001001085,BKFPF,Brookfield Corp /On/,OTC
2175,0001001085,BN,Brookfield Corp /On/,NYSE
2176,0001001085,BNH,Brookfield Corp /On/,NYSE
2177,0001001085,BNJ,Brookfield Corp /On/,NYSE
2178,0001001085,BRCFF,Brookfield Corp /On/,OTC
2179,0001001085,BROXF,Brookfield Corp /On/,OTC
2180,0001001085,BRPSF,Brookfield Corp /On/,OTC
2181,0001001085,BXDIF,Brookfield Corp /On/,OTC
2182,0001001115,GEOS,Geospace Technologies Corp,Nasdaq
2183,0001001171,BYFC,Broadway Financial Corp De,Nasdaq
2184,0001001233,SGMO,"Sangamo Therapeutics, Inc",Nasdaq
2185,0001001250,EL,Estee Lauder Companies Inc,NYSE
2186,0001001290,BAP,Credicorp Ltd,NYSE
2187,0001001316,TGTX,"Tg Therapeutics, Inc.",Nasdaq
2188,0001001385,NWPX,Northwest Pipe Co,Nasdaq
2189,0001001474,KKPNF,Koninklijke Kpn N V,OTC
2190,0001001474,KKPNY,Koninklijke Kpn N V,OTC
2191,0001001601,MGTI,"Mgt Capital Investments, Inc.",OTC
2192,0001001614,REPX,"Riley Exploration Permian, Inc.",NYSE
2193,0001001807,TLK,Perusahaan Perseroan Persero Pt Telekomunikasi Indonesia Tbk,NYSE
2194,0001001838,SCCO,Southern Copper Corp/,NYSE
2195,0001001907,ASTC,Astrotech Corp,Nasdaq
2196,0001002047,NTAP,"Netapp, Inc.",Nasdaq
2197,0001002242,E,Eni Spa,NYSE
2198,0001002242,EIPAF,Eni Spa,OTC
2199,0001002590,SGU,"Star Group, L.P.",NYSE
2200,0001002638,OTEX,Open Text Corp,Nasdaq
2201,0001002771,IGPK,"Integrated Cannabis Solutions, Inc.",OTC
2202,0001002910,AEE,Ameren Corp,NYSE
2203,0001003078,MSM,Msc Industrial Direct Co Inc,NYSE
2204,0001003935,NCSYF,Nice Ltd.,OTC
2205,0001003935,NICE,Nice Ltd.,Nasdaq
2206,0001004315,NEWEN,National Grid Plc,OTC
2207,0001004315,NGG,National Grid Plc,NYSE
2208,0001004315,NGGTF,National Grid Plc,OTC
2209,0001004315,NMKBP,National Grid Plc,OTC
2210,0001004315,NMKCP,National Grid Plc,OTC
2211,0001004315,NMPWP,National Grid Plc,OTC
2212,0001004434,AMG,"Affiliated Managers Group, Inc.",NYSE
2213,0001004434,MGR,"Affiliated Managers Group, Inc.",NYSE
2214,0001004434,MGRB,"Affiliated Managers Group, Inc.",NYSE
2215,0001004434,MGRD,"Affiliated Managers Group, Inc.",NYSE
2216,0001004434,MGRE,"Affiliated Managers Group, Inc.",NYSE
2217,0001004530,MPVDF,Mountain Province Diamonds Inc.,OTC
2218,0001004702,OCFC,Oceanfirst Financial Corp,Nasdaq
2219,0001004702,OCFCP,Oceanfirst Financial Corp,Nasdaq
2220,0001004724,RHEP,"Regional Health Properties, Inc",OTC
2221,0001004724,RHEPA,"Regional Health Properties, Inc",OTC
2222,0001004724,RHEPB,"Regional Health Properties, Inc",OTC
2223,0001004980,PCG,Pg&E Corp,NYSE
2224,0001004980,PCG-PA,Pg&E Corp,NYSE
2225,0001004980,PCG-PB,Pg&E Corp,NYSE
2226,0001004980,PCG-PC,Pg&E Corp,NYSE
2227,0001004980,PCG-PD,Pg&E Corp,NYSE
2228,0001004980,PCG-PE,Pg&E Corp,NYSE
2229,0001004980,PCG-PG,Pg&E Corp,NYSE
2230,0001004980,PCG-PH,Pg&E Corp,NYSE
2231,0001004980,PCG-PI,Pg&E Corp,NYSE
2232,0001004980,PCG-PX,Pg&E Corp,NYSE
2233,0001004989,SGRP,"Spar Group, Inc.",Nasdaq
2234,0001005101,MGLD,"Marygold Companies, Inc.",NYSE
2235,0001005210,SPH,Suburban Propane Partners Lp,NYSE
2236,0001005229,CMCO,Columbus Mckinnon Corp,Nasdaq
2237,0001005284,OLED,Universal Display Corp \Pa\,Nasdaq
2238,0001005286,LFCR,"Lifecore Biomedical, Inc. De",Nasdaq
2239,0001005516,BOSC,Bos Better Online Solutions Ltd,Nasdaq
2240,0001005731,IDT,Idt Corp,NYSE
2241,0001005757,CSGS,Csg Systems International Inc,Nasdaq
2242,0001005817,TMP,Tompkins Financial Corp,NYSE
2243,0001006028,PURE,"Pure Bioscience, Inc.",OTC
2244,0001006045,IRIX,Iridex Corp,Nasdaq
2245,0001006281,PLX,"Protalix Biotherapeutics, Inc.",NYSE
2246,0001006655,EPM,Evolution Petroleum Corp,NYSE
2247,0001006830,CBKM,Consumers Bancorp Inc /Oh/,OTC
2248,0001006837,VATE,Innovate Corp.,NYSE
2249,0001007019,JVA,Coffee Holding Co Inc,Nasdaq
2250,0001007273,BKSC,Bank Of South Carolina Corp,OTC
2251,0001007587,KVHI,Kvh Industries Inc \De\,Nasdaq
2252,0001008586,STRM,Streamline Health Solutions Inc.,Nasdaq
2253,0001008654,TUPBQ,Tupperware Brands Corp,OTC
2254,0001009001,CCJ,Cameco Corp,NYSE
2255,0001009759,CGEH,"Capstone Green Energy Holdings, Inc.",OTC
2256,0001009829,JAKK,Jakks Pacific Inc,Nasdaq
2257,0001009891,AIRI,Air Industries Group,NYSE
2258,0001009919,IVHI,"Invech Holdings, Inc.",OTC
2259,0001009922,NSFDF,Nxt Energy Solutions Inc.,OTC
2260,0001010000,RUPRF,Rupert Resources Ltd,OTC
2261,0001010086,SIGA,Siga Technologies Inc,Nasdaq
2262,0001010134,ICTSF,Icts International N V,OTC
2263,0001010470,PROV,Provident Financial Holdings Inc,Nasdaq
2264,0001011060,NORD,Nordicus Partners Corp,OTC
2265,0001011509,AUMN,Golden Minerals Co,OTC
2266,0001012019,RUSHA,Rush Enterprises Inc \Tx\,Nasdaq
2267,0001012019,RUSHB,Rush Enterprises Inc \Tx\,Nasdaq
2268,0001012037,CODGF,Compagnie De Saint Gobain,OTC
2269,0001012037,CODYY,Compagnie De Saint Gobain,OTC
2270,0001012100,SEE,Sealed Air Corp/De,NYSE
2271,0001012139,GNGYF,Guangshen Railway Co Ltd,OTC
2272,0001012477,AVDL,Avadel Pharmaceuticals Plc,Nasdaq
2273,0001013131,BVN,Buenaventura Mining Co Inc,NYSE
2274,0001013237,FDS,Factset Research Systems Inc,NYSE
2275,0001013272,NWFL,Norwood Financial Corp,Nasdaq
2276,0001013462,ANSS,Ansys Inc,Nasdaq
2277,0001013488,BJRI,Bjs Restaurants Inc,Nasdaq
2278,0001013605,PDS,Precision Drilling Corp,NYSE
2279,0001013706,WHLM,"Wilhelmina International, Inc.",OTC
2280,0001013857,PEGA,Pegasystems Inc,Nasdaq
2281,0001013871,NRG,"Nrg Energy, Inc.",NYSE
2282,0001013880,TTEC,"Ttec Holdings, Inc.",Nasdaq
2283,0001013934,STRA,"Strategic Education, Inc.",Nasdaq
2284,0001014052,DTGI,"Digerati Technologies, Inc.",OTC
2285,0001014473,VRSN,Verisign Inc/Ca,Nasdaq
2286,0001014739,OPCH,"Option Care Health, Inc.",Nasdaq
2287,0001014763,AIMD,"Ainos, Inc.",Nasdaq
2288,0001014763,AIMDW,"Ainos, Inc.",Nasdaq
2289,0001015155,CTHR,Charles & Colvard Ltd,Nasdaq
2290,0001015328,WTFC,Wintrust Financial Corp,Nasdaq
2291,0001015328,WTFCM,Wintrust Financial Corp,Nasdaq
2292,0001015328,WTFCP,Wintrust Financial Corp,Nasdaq
2293,0001015383,POWW,"Ammo, Inc.",Nasdaq
2294,0001015383,POWWP,"Ammo, Inc.",Nasdaq
2295,0001015647,AAUAF,Almaden Minerals Ltd,OTC
2296,0001015650,SKM,Sk Telecom Co Ltd,NYSE
2297,0001015650,SKMTF,Sk Telecom Co Ltd,OTC
2298,0001015739,AWRE,Aware Inc /Ma/,Nasdaq
2299,0001015820,QGEN,Qiagen N.V.,NYSE
2300,0001015922,CHKP,Check Point Software Technologies Ltd,Nasdaq
2301,0001016178,CARV,Carver Bancorp Inc,Nasdaq
2302,0001016281,CSV,Carriage Services Inc,NYSE
2303,0001016504,INBP,Integrated Biopharma Inc,OTC
2304,0001016838,RDCM,Radcom Ltd,Nasdaq
2305,0001017303,TACT,Transact Technologies Inc,Nasdaq
2306,0001017413,CNQ,Canadian Natural Resources Ltd,NYSE
2307,0001017655,PAYD,Paid Inc,OTC
2308,0001018164,WLFC,Willis Lease Finance Corp,Nasdaq
2309,0001018399,EBTC,Enterprise Bancorp Inc /Ma/,Nasdaq
2310,0001018724,AMZN,Amazon Com Inc,Nasdaq
2311,0001018735,NYMXF,Nymox Pharmaceutical Corp,OTC
2312,0001018840,ANF,Abercrombie & Fitch Co /De/,NYSE
2313,0001018963,ATI,Ati Inc,NYSE
2314,0001018979,AMSF,Amerisafe Inc,Nasdaq
2315,0001019034,BKYI,Bio Key International Inc,Nasdaq
2316,0001019849,PAG,"Penske Automotive Group, Inc.",NYSE
2317,0001020214,CERS,Cerus Corp,Nasdaq
2318,0001020569,IRM,Iron Mountain Inc,NYSE
2319,0001020710,DXPE,Dxp Enterprises Inc,Nasdaq
2320,0001020859,UNFI,United Natural Foods Inc,NYSE
2321,0001021162,TGI,Triumph Group Inc,NYSE
2322,0001021561,NUS,"Nu Skin Enterprises, Inc.",NYSE
2323,0001021635,OGE,Oge Energy Corp.,NYSE
2324,0001021860,NOV,Nov Inc.,NYSE
2325,0001021917,AWCA,"Awaysis Capital, Inc.",OTC
2326,0001022079,DGX,Quest Diagnostics Inc,NYSE
2327,0001022321,GEL,Genesis Energy Lp,NYSE
2328,0001022321,GELPP,Genesis Energy Lp,OTC
2329,0001022408,PLUS,Eplus Inc,Nasdaq
2330,0001022505,SDCH,"Sidechannel, Inc.",OTC
2331,0001022652,INSG,Inseego Corp.,Nasdaq
2332,0001022671,STLD,Steel Dynamics Inc,Nasdaq
2333,0001022837,SMFG,"Sumitomo Mitsui Financial Group, Inc.",NYSE
2334,0001022837,SMFNF,"Sumitomo Mitsui Financial Group, Inc.",OTC
2335,0001022899,PTIX,"Protagenic Therapeutics, Inc.New",Nasdaq
2336,0001022899,PTIXW,"Protagenic Therapeutics, Inc.New",Nasdaq
2337,0001023024,ANIP,Ani Pharmaceuticals Inc,Nasdaq
2338,0001023109,CVVUF,Canalaska Uranium Ltd,OTC
2339,0001023128,LAD,Lithia Motors Inc,NYSE
2340,0001023313,FORR,"Forrester Research, Inc.",Nasdaq
2341,0001023458,XAEIU,Aei Income & Growth Fund Xxii Ltd Partnership,OTC
2342,0001023459,SLP,"Simulations Plus, Inc.",Nasdaq
2343,0001023512,DRD,Drdgold Ltd,NYSE
2344,0001023512,DRDGF,Drdgold Ltd,OTC
2345,0001023514,HGMCF,Harmony Gold Mining Co Ltd,OTC
2346,0001023514,HMY,Harmony Gold Mining Co Ltd,NYSE
2347,0001023549,XTLB,Xtl Biopharmaceuticals Ltd,Nasdaq
2348,0001023731,EGHT,8X8 Inc /De/,Nasdaq
2349,0001023994,SGBX,Safe & Green Holdings Corp.,Nasdaq
2350,0001024305,COTY,Coty Inc.,NYSE
2351,0001024478,ROK,"Rockwell Automation, Inc",NYSE
2352,0001024672,ELTK,Eltek Ltd,Nasdaq
2353,0001024795,HLIO,"Helios Technologies, Inc.",NYSE
2354,0001025378,WPC,W. P. Carey Inc.,NYSE
2355,0001025771,WHLT,Chase Packaging Corp,OTC
2356,0001025835,EFSC,Enterprise Financial Services Corp,Nasdaq
2357,0001025835,EFSCP,Enterprise Financial Services Corp,Nasdaq
2358,0001025996,KRC,Kilroy Realty Corp,NYSE
2359,0001026214,FMCC,Federal Home Loan Mortgage Corp,OTC
2360,0001026214,FMCCG,Federal Home Loan Mortgage Corp,OTC
2361,0001026214,FMCCH,Federal Home Loan Mortgage Corp,OTC
2362,0001026214,FMCCI,Federal Home Loan Mortgage Corp,OTC
2363,0001026214,FMCCJ,Federal Home Loan Mortgage Corp,OTC
2364,0001026214,FMCCK,Federal Home Loan Mortgage Corp,OTC
2365,0001026214,FMCCL,Federal Home Loan Mortgage Corp,OTC
2366,0001026214,FMCCM,Federal Home Loan Mortgage Corp,OTC
2367,0001026214,FMCCN,Federal Home Loan Mortgage Corp,OTC
2368,0001026214,FMCCO,Federal Home Loan Mortgage Corp,OTC
2369,0001026214,FMCCP,Federal Home Loan Mortgage Corp,OTC
2370,0001026214,FMCCS,Federal Home Loan Mortgage Corp,OTC
2371,0001026214,FMCCT,Federal Home Loan Mortgage Corp,OTC
2372,0001026214,FMCKI,Federal Home Loan Mortgage Corp,OTC
2373,0001026214,FMCKJ,Federal Home Loan Mortgage Corp,OTC
2374,0001026214,FMCKK,Federal Home Loan Mortgage Corp,OTC
2375,0001026214,FMCKL,Federal Home Loan Mortgage Corp,OTC
2376,0001026214,FMCKM,Federal Home Loan Mortgage Corp,OTC
2377,0001026214,FMCKN,Federal Home Loan Mortgage Corp,OTC
2378,0001026214,FMCKO,Federal Home Loan Mortgage Corp,OTC
2379,0001026214,FMCKP,Federal Home Loan Mortgage Corp,OTC
2380,0001026214,FREGP,Federal Home Loan Mortgage Corp,OTC
2381,0001026214,FREJN,Federal Home Loan Mortgage Corp,OTC
2382,0001026214,FREJO,Federal Home Loan Mortgage Corp,OTC
2383,0001026214,FREJP,Federal Home Loan Mortgage Corp,OTC
2384,0001026655,CMT,Core Molding Technologies Inc,NYSE
2385,0001026662,CLWT,Euro Tech Holdings Co Ltd,Nasdaq
2386,0001026785,HIHO,Highway Holdings Ltd,Nasdaq
2387,0001026980,APWC,Asia Pacific Wire & Cable Corp Ltd,Nasdaq
2388,0001027552,BSAC,Banco Santander Chile,NYSE
2389,0001027664,ESLT,Elbit Systems Ltd,Nasdaq
2390,0001027838,TCMD,Tactile Systems Technology Inc,Nasdaq
2391,0001028357,BITTF,Bitterroot Resources Ltd,OTC
2392,0001028918,PPBI,Pacific Premier Bancorp Inc,Nasdaq
2393,0001029125,PBLA,"Panbela Therapeutics, Inc.",OTC
2394,0001029142,DVAX,Dynavax Technologies Corp,Nasdaq
2395,0001029145,GOGL,Golden Ocean Group Ltd,Nasdaq
2396,0001029199,EEFT,"Euronet Worldwide, Inc.",Nasdaq
2397,0001030192,IDR,"Idaho Strategic Resources, Inc.",NYSE
2398,0001030469,OFG,Ofg Bancorp,NYSE
2399,0001030471,UTSI,Utstarcom Holdings Corp.,Nasdaq
2400,0001030475,CHEAF,China Eastern Airlines Corp Ltd,OTC
2401,0001030475,CHNEY,China Eastern Airlines Corp Ltd,OTC
2402,0001030894,CLS,Celestica Inc,NYSE
2403,0001030997,WILC,G Willi Food International Ltd,Nasdaq
2404,0001031093,SVBL,"Silver Bull Resources, Inc.",OTC
2405,0001031203,GPI,Group 1 Automotive Inc,NYSE
2406,0001031235,SELF,"Global Self Storage, Inc.",Nasdaq
2407,0001031296,FE,Firstenergy Corp,NYSE
2408,0001031308,BSY,Bentley Systems Inc,Nasdaq
2409,0001031316,FSP,Franklin Street Properties Corp /Ma/,NYSE
2410,0001031623,GIFI,Gulf Island Fabrication Inc,Nasdaq
2411,0001032033,SLM,Slm Corp,Nasdaq
2412,0001032033,SLMBP,Slm Corp,Nasdaq
2413,0001032208,SRE,Sempra,NYSE
2414,0001032208,SREA,Sempra,NYSE
2415,0001032220,MMS,"Maximus, Inc.",NYSE
2416,0001032975,LOGI,Logitech International S.A.,Nasdaq
2417,0001033767,UMC,United Microelectronics Corp,NYSE
2418,0001034054,SBAC,Sba Communications Corp,Nasdaq
2419,0001034665,MHD,"Blackrock Muniholdings Fund, Inc.",NYSE
2420,0001034670,ALV,Autoliv Inc,NYSE
2421,0001034760,WYY,Widepoint Corp,NYSE
2422,0001034842,RIGL,Rigel Pharmaceuticals Inc,Nasdaq
2423,0001034957,CRESW,Cresud Inc,Nasdaq
2424,0001034957,CRESY,Cresud Inc,Nasdaq
2425,0001035002,VLO,Valero Energy Corp/Tx,NYSE
2426,0001035092,SHBI,Shore Bancshares Inc,Nasdaq
2427,0001035201,CWT,California Water Service Group,NYSE
2428,0001035267,ISRG,Intuitive Surgical Inc,Nasdaq
2429,0001035443,ARE,"Alexandria Real Estate Equities, Inc.",NYSE
2430,0001035983,FIX,Comfort Systems Usa Inc,NYSE
2431,0001036044,INVE,"Identiv, Inc.",Nasdaq
2432,0001036262,INTT,Intest Corp,NYSE
2433,0001037038,RL,Ralph Lauren Corp,NYSE
2434,0001037540,BXP,"Bxp, Inc.",NYSE
2435,0001037646,MTD,Mettler Toledo International Inc/,NYSE
2436,0001037868,AME,Ametek Inc/,NYSE
2437,0001037976,JLL,Jones Lang Lasalle Inc,NYSE
2438,0001038074,SLAB,Silicon Laboratories Inc.,Nasdaq
2439,0001038143,FNCTF,Orange,OTC
2440,0001038143,ORANY,Orange,OTC
2441,0001038186,MHN,"Blackrock Muniholdings New York Quality Fund, Inc.",NYSE
2442,0001038277,INIS,International Isotopes Inc,OTC
2443,0001038572,CBDBY,Brazilian Distribution Co Companhia Brasileira De Distr Cbd,OTC
2444,0001038683,RYAAY,Ryanair Holdings Plc,Nasdaq
2445,0001038683,RYAOF,Ryanair Holdings Plc,OTC
2446,0001038773,SMBK,Smartfinancial Inc.,NYSE
2447,0001039065,OSIS,Osi Systems Inc,Nasdaq
2448,0001039280,NTWK,Netsol Technologies Inc,Nasdaq
2449,0001039399,FORM,Formfactor Inc,Nasdaq
2450,0001039610,EDPFY,Edp Energias De Portugal Sa,OTC
2451,0001039610,ELCPF,Edp Energias De Portugal Sa,OTC
2452,0001039684,OKE,Oneok Inc /New/,NYSE
2453,0001039765,ING,Ing Groep Nv,NYSE
2454,0001039765,INGVF,Ing Groep Nv,OTC
2455,0001039828,ANG-PB,American National Group Inc.,NYSE
2456,0001039828,ANG-PD,American National Group Inc.,NYSE
2457,0001040130,PETS,Petmed Express Inc,Nasdaq
2458,0001040161,PXLW,"Pixelworks, Inc",Nasdaq
2459,0001040470,AEHR,Aehr Test Systems,Nasdaq
2460,0001040829,RHP,"Ryman Hospitality Properties, Inc.",NYSE
2461,0001040896,IDN,"Intellicheck, Inc.",Nasdaq
2462,0001040971,SLG,Sl Green Realty Corp,NYSE
2463,0001040971,SLG-PI,Sl Green Realty Corp,NYSE
2464,0001041024,RMTI,"Rockwell Medical, Inc.",Nasdaq
2465,0001041061,YUM,Yum Brands Inc,NYSE
2466,0001041130,DIA,Spdr Dow Jones Industrial Average Etf Trust,NYSE
2467,0001041368,RVSB,Riverview Bancorp Inc,Nasdaq
2468,0001041514,LSAK,Lesaka Technologies Inc,Nasdaq
2469,0001041633,FTRS,Futuris Co,OTC
2470,0001041657,UONE,"Urban One, Inc.",Nasdaq
2471,0001041657,UONEK,"Urban One, Inc.",Nasdaq
2472,0001041668,CHKIF,China Southern Airlines Co Ltd,OTC
2473,0001041792,ELP,Energy Co Of Parana,NYSE
2474,0001041792,ELPC,Energy Co Of Parana,NYSE
2475,0001041803,PSMT,Pricesmart Inc,Nasdaq
2476,0001041859,PLCE,"Childrens Place, Inc.",Nasdaq
2477,0001041934,EDAP,Edap Tms Sa,Nasdaq
2478,0001042046,AFG,American Financial Group Inc,NYSE
2479,0001042046,AFGB,American Financial Group Inc,NYSE
2480,0001042046,AFGC,American Financial Group Inc,NYSE
2481,0001042046,AFGD,American Financial Group Inc,NYSE
2482,0001042046,AFGE,American Financial Group Inc,NYSE
2483,0001042187,YHGJ,Yunhong Green Cti Ltd.,Nasdaq
2484,0001042418,INTI,"Inhibitor Therapeutics, Inc.",OTC
2485,0001042729,MBWM,Mercantile Bank Corp,Nasdaq
2486,0001042776,PDM,"Piedmont Office Realty Trust, Inc.",NYSE
2487,0001042893,INVX,"Innovex International, Inc.",NYSE
2488,0001043000,SNDA,"Sonida Senior Living, Inc.",NYSE
2489,0001043150,EEGI,"Eline Entertainment Group, Inc.",OTC
2490,0001043186,SLNG,"Stabilis Solutions, Inc.",Nasdaq
2491,0001043219,NLY,Annaly Capital Management Inc,NYSE
2492,0001043219,NLY-PF,Annaly Capital Management Inc,NYSE
2493,0001043219,NLY-PG,Annaly Capital Management Inc,NYSE
2494,0001043219,NLY-PI,Annaly Capital Management Inc,NYSE
2495,0001043277,CHRW,"C. H. Robinson Worldwide, Inc.",Nasdaq
2496,0001043337,SRI,Stoneridge Inc,NYSE
2497,0001043509,SAH,Sonic Automotive Inc,NYSE
2498,0001043604,JNPR,Juniper Networks Inc,NYSE
2499,0001043961,PRPO,"Precipio, Inc.",Nasdaq
2500,0001044777,OSPN,Onespan Inc.,Nasdaq
2501,0001045450,EPR,Epr Properties,NYSE
2502,0001045450,EPR-PC,Epr Properties,NYSE
2503,0001045450,EPR-PE,Epr Properties,NYSE
2504,0001045450,EPR-PG,Epr Properties,NYSE
2505,0001045520,CM,Canadian Imperial Bank Of Commerce /Can/,NYSE
2506,0001045609,PLD,"Prologis, Inc.",NYSE
2507,0001045609,PLDGP,"Prologis, Inc.",OTC
2508,0001045742,LIVE,Live Ventures Inc,Nasdaq
2509,0001045810,NVDA,Nvidia Corp,Nasdaq
2510,0001045942,TRCK,"Track Group, Inc.",OTC
2511,0001045986,FORTY,Formula Systems (1985) Ltd,Nasdaq
2512,0001046025,HFWA,Heritage Financial Corp /Wa/,Nasdaq
2513,0001046050,TSBK,Timberland Bancorp Inc,Nasdaq
2514,0001046102,RBA,Rb Global Inc.,NYSE
2515,0001046179,TSM,Taiwan Semiconductor Manufacturing Co Ltd,NYSE
2516,0001046179,TSMWF,Taiwan Semiconductor Manufacturing Co Ltd,OTC
2517,0001046257,INGR,Ingredion Inc,NYSE
2518,0001046311,CHH,Choice Hotels International Inc /De,NYSE
2519,0001046568,PRDO,Perdoceo Education Corp,Nasdaq
2520,0001047127,AMKR,"Amkor Technology, Inc.",Nasdaq
2521,0001047335,NHC,National Healthcare Corp,NYSE
2522,0001047340,FDP,Fresh Del Monte Produce Inc,NYSE
2523,0001047716,LTM,Latam Airlines Group S.A.,NYSE
2524,0001047862,ED,Consolidated Edison Inc,NYSE
2525,0001048268,IESC,"Ies Holdings, Inc.",Nasdaq
2526,0001048286,MAR,Marriott International Inc /Md/,Nasdaq
2527,0001048477,BMRN,Biomarin Pharmaceutical Inc,Nasdaq
2528,0001048695,FFIV,"F5, Inc.",Nasdaq
2529,0001048911,FDX,Fedex Corp,NYSE
2530,0001049502,MKSI,Mks Instruments Inc,Nasdaq
2531,0001049521,MRCY,Mercury Systems Inc,Nasdaq
2532,0001049606,CIX,Compx International Inc,NYSE
2533,0001049659,SID,National Steel Co,NYSE
2534,0001049724,DLAKF,Deutsche Lufthansa A G /Fi,OTC
2535,0001049724,DLAKY,Deutsche Lufthansa A G /Fi,OTC
2536,0001049782,BRKL,Brookline Bancorp Inc,Nasdaq
2537,0001050140,DSGX,Descartes Systems Group Inc,Nasdaq
2538,0001050377,CNXN,Pc Connection Inc,Nasdaq
2539,0001050441,EGBN,Eagle Bancorp Inc,Nasdaq
2540,0001050446,MSTR,Microstrategy Inc,Nasdaq
2541,0001050446,STRF,Microstrategy Inc,Nasdaq
2542,0001050446,STRK,Microstrategy Inc,Nasdaq
2543,0001050606,SALM,"Salem Media Group, Inc. /De/",OTC
2544,0001050743,PGC,Peapack Gladstone Financial Corp,Nasdaq
2545,0001050797,COLM,Columbia Sportswear Co,Nasdaq
2546,0001050825,SCS,Steelcase Inc,NYSE
2547,0001050915,PWR,"Quanta Services, Inc.",NYSE
2548,0001050952,PGPEF,Publicis Groupe Sa,OTC
2549,0001050952,PUBGY,Publicis Groupe Sa,OTC
2550,0001051003,DSU,"Blackrock Debt Strategies Fund, Inc.",NYSE
2551,0001051004,MUC,"Blackrock Muniholdings California Quality Fund, Inc.",NYSE
2552,0001051470,CCI,Crown Castle Inc.,NYSE
2553,0001051512,TDS,Telephone & Data Systems Inc /De/,NYSE
2554,0001051512,TDS-PU,Telephone & Data Systems Inc /De/,NYSE
2555,0001051512,TDS-PV,Telephone & Data Systems Inc /De/,NYSE
2556,0001051514,SSKN,"Strata Skin Sciences, Inc.",Nasdaq
2557,0001051627,AXTI,Axt Inc,Nasdaq
2558,0001052752,GTY,Getty Realty Corp /Md/,NYSE
2559,0001053092,GLDI,Credit Suisse Ag,Nasdaq
2560,0001053092,SLVO,Credit Suisse Ag,Nasdaq
2561,0001053092,USOI,Credit Suisse Ag,Nasdaq
2562,0001053352,HTBK,Heritage Commerce Corp,Nasdaq
2563,0001053369,ELTP,Elite Pharmaceuticals Inc /Nv/,OTC
2564,0001053507,AMT,American Tower Corp /Ma/,NYSE
2565,0001053691,CRVO,Cervomed Inc.,Nasdaq
2566,0001053706,CRAI,"Cra International, Inc.",Nasdaq
2567,0001053988,MUJ,"Blackrock Muniholdings New Jersey Quality Fund, Inc.",NYSE
2568,0001054102,IDXG,"Interpace Biosciences, Inc.",OTC
2569,0001054905,IOSP,Innospec Inc.,Nasdaq
2570,0001055160,MFA,"Mfa Financial, Inc.",NYSE
2571,0001055160,MFA-PB,"Mfa Financial, Inc.",NYSE
2572,0001055160,MFA-PC,"Mfa Financial, Inc.",NYSE
2573,0001055160,MFAN,"Mfa Financial, Inc.",NYSE
2574,0001055160,MFAO,"Mfa Financial, Inc.",NYSE
2575,0001055726,INO,"Inovio Pharmaceuticals, Inc.",Nasdaq
2576,0001056285,KIRK,"Kirkland'S, Inc",Nasdaq
2577,0001056288,FHI,"Federated Hermes, Inc.",NYSE
2578,0001056358,MTEX,Mannatech Inc,Nasdaq
2579,0001056696,MANH,Manhattan Associates Inc,Nasdaq
2580,0001056903,AWR,American States Water Co,NYSE
2581,0001056943,PFIS,Peoples Financial Services Corp.,Nasdaq
2582,0001057060,HZO,Marinemax Inc,NYSE
2583,0001057352,CSGP,"Costar Group, Inc.",Nasdaq
2584,0001057379,HCKT,"Hackett Group, Inc.",Nasdaq
2585,0001057706,FBP,First Bancorp /Pr/,NYSE
2586,0001057861,DHF,Bny Mellon High Yield Strategies Fund,NYSE
2587,0001057877,IDA,Idacorp Inc,NYSE
2588,0001058090,CMG,Chipotle Mexican Grill Inc,NYSE
2589,0001058239,HIX,Western Asset High Income Fund Ii Inc.,NYSE
2590,0001058290,CTSH,Cognizant Technology Solutions Corp,Nasdaq
2591,0001058307,NXPL,Nextplat Corp,Nasdaq
2592,0001058307,NXPLW,Nextplat Corp,Nasdaq
2593,0001058623,CMLS,Cumulus Media Inc,Nasdaq
2594,0001058811,IMMR,Immersion Corp,Nasdaq
2595,0001058867,GNTY,Guaranty Bancshares Inc /Tx/,NYSE
2596,0001059142,GHI,Greystone Housing Impact Investors Lp,NYSE
2597,0001059213,BXSY,Bexil Investment Trust,OTC
2598,0001059386,VVR,Invesco Senior Income Trust,NYSE
2599,0001059556,MCO,Moodys Corp /De/,NYSE
2600,0001059689,BRGC,Brightrock Gold Corp,OTC
2601,0001060349,GAMI,"Gamco Investors, Inc. Et Al",OTC
2602,0001060391,RSG,"Republic Services, Inc.",NYSE
2603,0001060822,CRI,Carters Inc,NYSE
2604,0001060888,LQWC,Lifequest World Corp.,OTC
2605,0001060955,ICLR,Icon Plc,Nasdaq
2606,0001061027,VIRX,"Viracta Therapeutics, Inc.",OTC
2607,0001061040,NGCG,"New Generation Consumer Group, Inc.",OTC
2608,0001061069,AWX,Avalon Holdings Corp,NYSE
2609,0001061219,EPD,Enterprise Products Partners L.P.,NYSE
2610,0001061219,EPDU,Enterprise Products Partners L.P.,OTC
2611,0001061353,DHY,Credit Suisse High Yield Bond Fund,NYSE
2612,0001061574,GIB,Cgi Inc,NYSE
2613,0001061612,JPOTF,Jackpot Digital Inc.,OTC
2614,0001061630,BXMT,"Blackstone Mortgage Trust, Inc.",NYSE
2615,0001061736,FMX,Mexican Economic Development Inc,NYSE
2616,0001061894,GIL,Gildan Activewear Inc.,NYSE
2617,0001061983,CYTK,Cytokinetics Inc,Nasdaq
2618,0001062066,ALSMY,Alstom,OTC
2619,0001062066,AOMFF,Alstom,OTC
2620,0001062231,AXL,American Axle & Manufacturing Holdings Inc,NYSE
2621,0001062506,ALDA,Atlantica Inc,OTC
2622,0001062579,DOX,Amdocs Ltd,Nasdaq
2623,0001062822,LXRX,"Lexicon Pharmaceuticals, Inc.",Nasdaq
2624,0001063259,DNN,Denison Mines Corp.,NYSE
2625,0001063761,SPG,Simon Property Group Inc /De/,NYSE
2626,0001063761,SPG-PJ,Simon Property Group Inc /De/,NYSE
2627,0001064052,FGOVF,Freegold Ventures Ltd,OTC
2628,0001064722,GMPW,Givemepower Corp,OTC
2629,0001064728,BTU,Peabody Energy Corp,NYSE
2630,0001065059,LEU,Centrus Energy Corp,NYSE
2631,0001065078,NTIP,"Network-1 Technologies, Inc.",NYSE
2632,0001065088,EBAY,Ebay Inc,Nasdaq
2633,0001065280,NFLX,Netflix Inc,Nasdaq
2634,0001065696,LKQ,Lkq Corp,Nasdaq
2635,0001065837,SKX,Skechers Usa Inc,NYSE
2636,0001066119,VIV,Telefonica Brasil S.A.,NYSE
2637,0001066130,LINMF,Linear Minerals Corp,OTC
2638,0001066194,EGAN,Egain Corp,Nasdaq
2639,0001066605,HSII,Heidrick & Struggles International Inc,Nasdaq
2640,0001066684,TGLO,Theglobe Com Inc,OTC
2641,0001066764,BESS,Bimergen Energy Corp,OTC
2642,0001066764,BTTC,Bimergen Energy Corp,None
2643,0001066923,FTFT,Future Fintech Group Inc.,Nasdaq
2644,0001067294,CBRL,"Cracker Barrel Old Country Store, Inc",Nasdaq
2645,0001067318,MBGAF,Daimler Ag,OTC
2646,0001067318,MBGYY,Daimler Ag,OTC
2647,0001067491,INFY,Infosys Ltd,NYSE
2648,0001067701,URI,"United Rentals, Inc.",NYSE
2649,0001067839,QQQ,"Invesco Qqq Trust, Series 1",Nasdaq
2650,0001067983,BRK-A,Berkshire Hathaway Inc,NYSE
2651,0001067983,BRK-B,Berkshire Hathaway Inc,NYSE
2652,0001068689,ATDS,"Data443 Risk Mitigation, Inc.",OTC
2653,0001068851,PB,Prosperity Bancshares Inc,NYSE
2654,0001068897,FXBY,Foxby Corp.,OTC
2655,0001069157,EWBC,East West Bancorp Inc,Nasdaq
2656,0001069183,AXON,"Axon Enterprise, Inc.",Nasdaq
2657,0001069202,LII,Lennox International Inc,NYSE
2658,0001069258,KTOS,"Kratos Defense & Security Solutions, Inc.",Nasdaq
2659,0001069347,SGSOF,Sgs Societe Generale De Surveillance Holding Sa /Fi,OTC
2660,0001069347,SGSOY,Sgs Societe Generale De Surveillance Holding Sa /Fi,OTC
2661,0001069394,FSI,Flexible Solutions International Inc,NYSE
2662,0001069530,SAVA,Cassava Sciences Inc,Nasdaq
2663,0001069533,RGCO,Rgc Resources Inc,Nasdaq
2664,0001069878,TREX,Trex Co Inc,NYSE
2665,0001069899,PAHC,Phibro Animal Health Corp,Nasdaq
2666,0001070050,APCX,Apptech Payments Corp.,Nasdaq
2667,0001070050,APCXW,Apptech Payments Corp.,Nasdaq
2668,0001070081,PTCT,"Ptc Therapeutics, Inc.",Nasdaq
2669,0001070235,BB,Blackberry Ltd,NYSE
2670,0001070296,FCAP,First Capital Inc,Nasdaq
2671,0001070304,IX,Orix Corp,NYSE
2672,0001070304,ORXCF,Orix Corp,OTC
2673,0001070412,CNX,Cnx Resources Corp,NYSE
2674,0001070423,PAA,Plains All American Pipeline Lp,Nasdaq
2675,0001070423,PAAPU,Plains All American Pipeline Lp,OTC
2676,0001070494,ACAD,Acadia Pharmaceuticals Inc,Nasdaq
2677,0001070524,GCBC,Greene County Bancorp Inc,Nasdaq
2678,0001070680,CFBK,Cf Bankshares Inc.,Nasdaq
2679,0001070732,EVF,Eaton Vance Senior Income Trust,NYSE
2680,0001070750,HST,"Host Hotels & Resorts, Inc.",Nasdaq
2681,0001070985,CXW,"Corecivic, Inc.",NYSE
2682,0001071236,RRBI,Red River Bancshares Inc,Nasdaq
2683,0001071255,GDEN,"Golden Entertainment, Inc.",Nasdaq
2684,0001071321,TKC,Turkcell Iletisim Hizmetleri A S,NYSE
2685,0001071371,CIB,Bancolombia Sa,NYSE
2686,0001071438,BAK,Braskem Sa,NYSE
2687,0001071739,CNC,Centene Corp,NYSE
2688,0001071840,WNDW,"Solarwindow Technologies, Inc.",OTC
2689,0001071899,MUE,"Blackrock Muniholdings Quality Fund Ii, Inc.",NYSE
2690,0001072379,NWBO,Northwest Biotherapeutics Inc,OTC
2691,0001072397,BZLFF,Bunzl Plc,OTC
2692,0001072397,BZLFY,Bunzl Plc,OTC
2693,0001072627,KFS,Kingsway Financial Services Inc,NYSE
2694,0001072725,GDRZF,Gold Reserve Ltd,OTC
2695,0001073404,GGB,Gerdau S.A.,NYSE
2696,0001074540,EVN,Eaton Vance Municipal Income Trust,NYSE
2697,0001074692,CEV,Eaton Vance California Municipal Income Trust,NYSE
2698,0001074769,NAN,Nuveen New York Quality Municipal Income Fund,NYSE
2699,0001074828,KNW,"Know Labs, Inc.",NYSE
2700,0001074871,MODD,"Modular Medical, Inc.",Nasdaq
2701,0001074902,LCNB,Lcnb Corp,Nasdaq
2702,0001074952,NAC,Nuveen California Quality Municipal Income Fund,NYSE
2703,0001075124,TMSOF,Thomson Reuters Corp /Can/,OTC
2704,0001075124,TRI,Thomson Reuters Corp /Can/,Nasdaq
2705,0001075415,DHC,Diversified Healthcare Trust,Nasdaq
2706,0001075415,DHCNI,Diversified Healthcare Trust,Nasdaq
2707,0001075415,DHCNL,Diversified Healthcare Trust,Nasdaq
2708,0001075531,BKNG,Booking Holdings Inc.,Nasdaq
2709,0001075706,CIZN,Citizens Holding Co /Ms/,OTC
2710,0001075736,CXDO,"Crexendo, Inc.",Nasdaq
2711,0001075880,KZIA,Kazia Therapeutics Ltd,Nasdaq
2712,0001076262,FCUL,Golden Star Enterprises Ltd.,OTC
2713,0001076378,CX,Cemex Sab De Cv,NYSE
2714,0001076378,CXMSF,Cemex Sab De Cv,OTC
2715,0001076691,OSBK,Oconee Financial Corp,OTC
2716,0001076930,NOVT,Novanta Inc,Nasdaq
2717,0001077183,NEO,Neogenomics Inc,Nasdaq
2718,0001077428,TCBI,Texas Capital Bancshares Inc/Tx,Nasdaq
2719,0001077428,TCBIO,Texas Capital Bancshares Inc/Tx,Nasdaq
2720,0001077688,HOFT,Hooker Furnishings Corp,Nasdaq
2721,0001078075,NTCT,Netscout Systems Inc,Nasdaq
2722,0001078271,EXTR,Extreme Networks Inc,Nasdaq
2723,0001078642,CRERF,Carrefour Sa,OTC
2724,0001078642,CRRFY,Carrefour Sa,OTC
2725,0001080014,INVA,"Innoviva, Inc.",Nasdaq
2726,0001080340,LOAN,"Manhattan Bridge Capital, Inc",Nasdaq
2727,0001080448,PGOL,Patriot Gold Corp,OTC
2728,0001080657,SQFT,"Presidio Property Trust, Inc.",Nasdaq
2729,0001080657,SQFTP,"Presidio Property Trust, Inc.",Nasdaq
2730,0001080657,SQFTW,"Presidio Property Trust, Inc.",Nasdaq
2731,0001080720,GUT,Gabelli Utility Trust,NYSE
2732,0001080720,GUT-PC,Gabelli Utility Trust,NYSE
2733,0001081188,GEGP,Gold Entertainment Group Inc,OTC
2734,0001081745,INLX,"Intellinetics, Inc.",NYSE
2735,0001081834,KUBR,Kuber Resources Corp,OTC
2736,0001081938,CPMD,"Cannapharmarx, Inc.",OTC
2737,0001082038,DRRX,Durect Corp,Nasdaq
2738,0001082324,VHC,Virnetx Holding Corp,NYSE
2739,0001082554,UTHR,United Therapeutics Corp,Nasdaq
2740,0001082733,VISM,"Visium Technologies, Inc.",OTC
2741,0001083220,XELB,"Xcel Brands, Inc.",Nasdaq
2742,0001083301,WULF,Terawulf Inc.,Nasdaq
2743,0001083446,ASTH,"Astrana Health, Inc.",Nasdaq
2744,0001083490,SRRE,Sunrise Real Estate Group Inc,OTC
2745,0001083522,JSDA,Jones Soda Co,OTC
2746,0001083743,FLUX,"Flux Power Holdings, Inc.",Nasdaq
2747,0001083839,NAD,Nuveen Quality Municipal Income Fund,NYSE
2748,0001084048,ZD,"Ziff Davis, Inc.",Nasdaq
2749,0001084201,SVA,Sinovac Biotech Ltd,Nasdaq
2750,0001084267,MOBQ,"Mobiquity Technologies, Inc.",OTC
2751,0001084267,MOBQW,"Mobiquity Technologies, Inc.",OTC
2752,0001084475,NIHK,"Video River Networks, Inc.",OTC
2753,0001084554,LTBR,Lightbridge Corp,Nasdaq
2754,0001084765,RGP,"Resources Connection, Inc.",Nasdaq
2755,0001084869,FLWS,1 800 Flowers Com Inc,Nasdaq
2756,0001084937,NWPN,Now Corp I,OTC
2757,0001084961,ECPG,Encore Capital Group Inc,Nasdaq
2758,0001084991,NGS,Natural Gas Services Group Inc,NYSE
2759,0001085243,VTSI,"Virtra, Inc",Nasdaq
2760,0001085277,SKVI,"Skinvisible, Inc.",OTC
2761,0001085913,FMCB,Farmers & Merchants Bancorp,OTC
2762,0001085921,MMTIF,Micromem Technologies Inc,OTC
2763,0001086222,AKAM,Akamai Technologies Inc,Nasdaq
2764,0001086303,HCIL,"Hongchang International Co., Ltd",OTC
2765,0001086434,AUDC,Audiocodes Ltd,Nasdaq
2766,0001086600,ARLP,Alliance Resource Partners Lp,Nasdaq
2767,0001086745,AYRO,"Ayro, Inc.",Nasdaq
2768,0001086888,MFC,Manulife Financial Corp,NYSE
2769,0001086888,MNLCF,Manulife Financial Corp,OTC
2770,0001086888,MNQFF,Manulife Financial Corp,OTC
2771,0001086888,MNUFF,Manulife Financial Corp,OTC
2772,0001087294,CPIX,Cumberland Pharmaceuticals Inc,Nasdaq
2773,0001087329,RSHN,"Rushnet, Inc.",OTC
2774,0001087456,UBOH,United Bancshares Inc/Oh,OTC
2775,0001087711,SNTUF,Santander Uk Plc,OTC
2776,0001087711,STNDF,Santander Uk Plc,OTC
2777,0001087786,NXJ,Nuveen New Jersey Quality Municipal Income Fund,NYSE
2778,0001088034,USIO,"Usio, Inc.",Nasdaq
2779,0001088413,GLGI,"Greystone Logistics, Inc.",OTC
2780,0001088638,MMND,"Mastermind, Inc.",OTC
2781,0001088856,CORT,Corcept Therapeutics Inc,Nasdaq
2782,0001089063,DKS,"Dick'S Sporting Goods, Inc.",NYSE
2783,0001089113,HBCYF,Hsbc Holdings Plc,OTC
2784,0001089113,HSBC,Hsbc Holdings Plc,NYSE
2785,0001089815,USNU,Elite Health Systems Inc.,OTC
2786,0001089872,GAIA,"Gaia, Inc",Nasdaq
2787,0001089907,SWKH,Swk Holdings Corp,Nasdaq
2788,0001089907,SWKHL,Swk Holdings Corp,Nasdaq
2789,0001090009,SFST,Southern First Bancshares Inc,Nasdaq
2790,0001090012,DVN,Devon Energy Corp/De,NYSE
2791,0001090116,NVG,Nuveen Amt-Free Municipal Credit Income Fund,NYSE
2792,0001090396,TBTC,Table Trac Inc,OTC
2793,0001090425,LAMR,Lamar Advertising Co/New,Nasdaq
2794,0001090727,UPS,United Parcel Service Inc,NYSE
2795,0001090872,A,"Agilent Technologies, Inc.",NYSE
2796,0001091223,MTLS,Materialise Nv,Nasdaq
2797,0001091587,ABBNY,Abb Ltd,OTC
2798,0001091587,ABLZF,Abb Ltd,OTC
2799,0001091596,AURX,"Nuo Therapeutics, Inc.",OTC
2800,0001091667,CHTR,"Charter Communications, Inc. /Mo/",Nasdaq
2801,0001091748,ARGD,"Argo Group International Holdings, Inc.",NYSE
2802,0001091748,ARGO-PA,"Argo Group International Holdings, Inc.",NYSE
2803,0001092570,FULO,Fullnet Communications Inc,OTC
2804,0001092699,SPSC,Sps Commerce Inc,Nasdaq
2805,0001092796,SWBI,"Smith & Wesson Brands, Inc.",Nasdaq
2806,0001093028,EJPRF,East Japan Railway Co /Fi,OTC
2807,0001093028,EJPRY,East Japan Railway Co /Fi,OTC
2808,0001093557,DXCM,Dexcom Inc,Nasdaq
2809,0001093636,ATYG,"Saxon Capital Group, Inc./De",None
2810,0001093672,PEBK,Peoples Bancorp Of North Carolina Inc,Nasdaq
2811,0001093691,PLUG,Plug Power Inc,Nasdaq
2812,0001094032,QDMI,Qdm International Inc.,OTC
2813,0001094038,MRKR,"Marker Therapeutics, Inc.",Nasdaq
2814,0001094084,TKOI,Telkonet Inc,OTC
2815,0001094285,TDY,Teledyne Technologies Inc,NYSE
2816,0001094324,SIFY,Sify Technologies Ltd,Nasdaq
2817,0001094366,RDWR,Radware Ltd,Nasdaq
2818,0001094517,TM,Toyota Motor Corp/,NYSE
2819,0001094517,TOYOF,Toyota Motor Corp/,OTC
2820,0001094831,BGC,"Bgc Group, Inc.",Nasdaq
2821,0001094972,UGP,Ultrapar Holdings Inc,NYSE
2822,0001095052,PLG,Platinum Group Metals Ltd,NYSE
2823,0001095073,EG,"Everest Group, Ltd.",NYSE
2824,0001095146,ABIT,Athena Bitcoin Global,OTC
2825,0001095435,PRTG,Portage Biotech Inc.,Nasdaq
2826,0001095565,HSTM,Healthstream Inc,Nasdaq
2827,0001095651,SAFE,Safehold Inc.,NYSE
2828,0001095981,PSTV,"Plus Therapeutics, Inc.",Nasdaq
2829,0001096056,LXFR,Luxfer Holdings Plc,NYSE
2830,0001096275,WKSP,Worksport Ltd,Nasdaq
2831,0001096296,RITE,Mineralrite Corp,OTC
2832,0001096343,MKL,Markel Group Inc.,NYSE
2833,0001096691,PTNRF,Partner Communications Co Ltd,OTC
2834,0001096752,EPC,Edgewell Personal Care Co,NYSE
2835,0001096759,SNWR,Sanwire Corp,OTC
2836,0001096938,UEEC,"United Health Products, Inc.",OTC
2837,0001097149,ALGN,Align Technology Inc,Nasdaq
2838,0001097362,SLF,Sun Life Financial Inc,NYSE
2839,0001097362,SLFIF,Sun Life Financial Inc,OTC
2840,0001097362,SLFQF,Sun Life Financial Inc,OTC
2841,0001097362,SUNFF,Sun Life Financial Inc,OTC
2842,0001097864,ON,On Semiconductor Corp,Nasdaq
2843,0001098009,AAGH,America Great Health,OTC
2844,0001098146,PNBK,Patriot National Bancorp Inc,Nasdaq
2845,0001098151,FDBC,Fidelity D & D Bancorp Inc,Nasdaq
2846,0001098462,MTLK,Metalink Ltd,OTC
2847,0001098482,INNI,"Innovaro, Inc.",OTC
2848,0001098972,AGEN,Agenus Inc,Nasdaq
2849,0001099160,BBGI,Beasley Broadcast Group Inc,Nasdaq
2850,0001099219,MET,Metlife Inc,NYSE
2851,0001099219,MET-PA,Metlife Inc,NYSE
2852,0001099219,MET-PE,Metlife Inc,NYSE
2853,0001099219,MET-PF,Metlife Inc,NYSE
2854,0001099234,FSBN,"Frankspeech Network, Inc.",OTC
2855,0001099369,DSNY,Destiny Media Technologies Inc,OTC
2856,0001099590,MELI,Mercadolibre Inc,Nasdaq
2857,0001099800,EW,Edwards Lifesciences Corp,NYSE
2858,0001100682,CRL,"Charles River Laboratories International, Inc.",NYSE
2859,0001100788,ILST,International Star Inc,OTC
2860,0001101026,ZIVO,"Zivo Bioscience, Inc.",OTC
2861,0001101026,ZIVOW,"Zivo Bioscience, Inc.",OTC
2862,0001101215,BFH,"Bread Financial Holdings, Inc.",NYSE
2863,0001101239,EQIX,Equinix Inc,Nasdaq
2864,0001101302,ENTG,Entegris Inc,Nasdaq
2865,0001101433,QMCI,Quotemedia Inc,OTC
2866,0001102238,ARL,American Realty Investors Inc,NYSE
2867,0001102993,LPSN,Liveperson Inc,Nasdaq
2868,0001103090,RSCF,"Reflect Scientific, Inc.",OTC
2869,0001103795,QSEP,"Qs Energy, Inc.",OTC
2870,0001103833,CRWE,"Crown Equity Holdings, Inc.",OTC
2871,0001103838,IBN,Icici Bank Ltd,NYSE
2872,0001103982,MDLZ,"Mondelez International, Inc.",Nasdaq
2873,0001104023,GEMZ,Gemxx Corp.,OTC
2874,0001104038,VRME,"Verifyme, Inc.",Nasdaq
2875,0001104038,VRMEW,"Verifyme, Inc.",Nasdaq
2876,0001104485,NOG,"Northern Oil & Gas, Inc.",NYSE
2877,0001104506,INSM,Insmed Inc,Nasdaq
2878,0001104657,MTRN,Materion Corp,NYSE
2879,0001105101,GIGM,Gigamedia Ltd,Nasdaq
2880,0001106213,SFRX,Seafarer Exploration Corp,OTC
2881,0001106215,KDDIF,Kddi Corp,OTC
2882,0001106215,KDDIY,Kddi Corp,OTC
2883,0001106644,CPHI,"China Pharma Holdings, Inc.",NYSE
2884,0001106838,SONN,"Sonnet Biotherapeutics Holdings, Inc.",Nasdaq
2885,0001106861,CSDX,Cs Diagnostics Corp.,OTC
2886,0001107280,OVTZ,Oculus Inc.,OTC
2887,0001107421,TCRT,"Alaunos Therapeutics, Inc.",Nasdaq
2888,0001107457,IFNNF,Infineon Technologies Ag,OTC
2889,0001107457,IFNNY,Infineon Technologies Ag,OTC
2890,0001107843,QLYS,"Qualys, Inc.",Nasdaq
2891,0001108109,CYH,Community Health Systems Inc,NYSE
2892,0001108134,BHLB,Berkshire Hills Bancorp Inc,NYSE
2893,0001108205,CRIS,Curis Inc,Nasdaq
2894,0001108248,KNOS,Kronos Advanced Technologies Inc,OTC
2895,0001108329,PCCYF,Petrochina Co Ltd,OTC
2896,0001108329,PTCCY,Petrochina Co Ltd,OTC
2897,0001108426,TXNM,Txnm Energy Inc,NYSE
2898,0001108524,CRM,"Salesforce, Inc.",NYSE
2899,0001108645,CIPI,Correlate Energy Corp.,OTC
2900,0001109116,EVC,Entravision Communications Corp,NYSE
2901,0001109138,CAMT,Camtek Ltd,Nasdaq
2902,0001109242,HAFC,Hanmi Financial Corp,Nasdaq
2903,0001109345,NVMI,Nova Ltd.,Nasdaq
2904,0001109354,BRKR,Bruker Corp,Nasdaq
2905,0001109357,EXC,Exelon Corp,Nasdaq
2906,0001109486,EDXC,Endexx Corp,OTC
2907,0001110452,AFLYY,Air France-Klm /Fi,OTC
2908,0001110452,AFRAF,Air France-Klm /Fi,OTC
2909,0001110607,KLNG,"Koil Energy Solutions, Inc.",OTC
2910,0001110611,ONTF,On24 Inc.,NYSE
2911,0001110646,NETTF,"Netease, Inc.",OTC
2912,0001110646,NTES,"Netease, Inc.",Nasdaq
2913,0001110803,ILMN,"Illumina, Inc.",Nasdaq
2914,0001111335,VC,Visteon Corp,Nasdaq
2915,0001111485,RXST,"Rxsight, Inc.",Nasdaq
2916,0001111711,NI,Nisource Inc.,NYSE
2917,0001111741,DYNR,"Dynaresource, Inc.",OTC
2918,0001111928,IPGP,Ipg Photonics Corp,Nasdaq
2919,0001113152,BEWFF,Bewhere Holdings Inc,OTC
2920,0001113169,TROW,Price T Rowe Group Inc,Nasdaq
2921,0001113232,ACLS,Axcelis Technologies Inc,Nasdaq
2922,0001113313,AVNI,Arvana Inc,OTC
2923,0001113423,CSCI,Cosciens Biopharma Inc.,Nasdaq
2924,0001113809,BBW,Build-A-Bear Workshop Inc,NYSE
2925,0001114446,AMUB,Ubs Ag,NYSE
2926,0001114446,BDCX,Ubs Ag,NYSE
2927,0001114446,BDCZ,Ubs Ag,NYSE
2928,0001114446,CEFD,Ubs Ag,NYSE
2929,0001114446,HDLB,Ubs Ag,NYSE
2930,0001114446,IFED,Ubs Ag,NYSE
2931,0001114446,IWDL,Ubs Ag,NYSE
2932,0001114446,IWFL,Ubs Ag,NYSE
2933,0001114446,IWML,Ubs Ag,NYSE
2934,0001114446,MLPB,Ubs Ag,NYSE
2935,0001114446,MLPR,Ubs Ag,NYSE
2936,0001114446,MTUL,Ubs Ag,NYSE
2937,0001114446,MVRL,Ubs Ag,NYSE
2938,0001114446,PFFL,Ubs Ag,NYSE
2939,0001114446,QULL,Ubs Ag,NYSE
2940,0001114446,SCDL,Ubs Ag,NYSE
2941,0001114446,SMHB,Ubs Ag,NYSE
2942,0001114446,UCIB,Ubs Ag,NYSE
2943,0001114446,USML,Ubs Ag,NYSE
2944,0001114448,NVS,Novartis Ag,NYSE
2945,0001114448,NVSEF,Novartis Ag,OTC
2946,0001114483,ITGR,Integer Holdings Corp,NYSE
2947,0001114700,GGAL,Grupo Financiero Galicia Sa,Nasdaq
2948,0001114925,LTRX,Lantronix Inc,Nasdaq
2949,0001114927,FNRN,First Northern Community Bancorp,OTC
2950,0001114936,UMEWF,Umeworld Ltd,OTC
2951,0001114995,PI,Impinj Inc,Nasdaq
2952,0001115055,PNFP,Pinnacle Financial Partners Inc,Nasdaq
2953,0001115055,PNFPP,Pinnacle Financial Partners Inc,Nasdaq
2954,0001116132,TPR,"Tapestry, Inc.",NYSE
2955,0001116463,OSUR,Orasure Technologies Inc,Nasdaq
2956,0001116578,PUK,Prudential Plc,NYSE
2957,0001116578,PUKPF,Prudential Plc,OTC
2958,0001116942,TTMI,Ttm Technologies Inc,Nasdaq
2959,0001117057,PLAG,Planet Green Holdings Corp.,NYSE
2960,0001117171,CBAT,"Cbak Energy Technology, Inc.",Nasdaq
2961,0001117228,MMMW,Mass Megawatts Wind Power Inc,OTC
2962,0001117297,QNST,"Quinstreet, Inc",Nasdaq
2963,0001117480,CMRX,Chimerix Inc,Nasdaq
2964,0001119083,MNDO,Mind Cti Ltd,Nasdaq
2965,0001119190,HMBL,"Humbl, Inc.",OTC
2966,0001119639,PBR,Petrobras - Petroleo Brasileiro Sa,NYSE
2967,0001119639,PBR-A,Petrobras - Petroleo Brasileiro Sa,NYSE
2968,0001119769,CRNT,Ceragon Networks Ltd,Nasdaq
2969,0001119774,CGEN,Compugen Ltd,Nasdaq
2970,0001120193,NDAQ,"Nasdaq, Inc.",Nasdaq
2971,0001120370,BWEN,"Broadwind, Inc.",Nasdaq
2972,0001120914,PDFS,Pdf Solutions Inc,Nasdaq
2973,0001120970,LODE,Comstock Inc.,NYSE
2974,0001121404,SNY,Sanofi,Nasdaq
2975,0001121404,SNYNF,Sanofi,OTC
2976,0001121484,OIS,"Oil States International, Inc",NYSE
2977,0001121788,GRMN,Garmin Ltd,NYSE
2978,0001121795,GHST,Ghst World Inc.,OTC
2979,0001122020,PCSV,"Pcs Edventures!, Inc.",OTC
2980,0001122411,ASX,"Ase Technology Holding Co., Ltd.",NYSE
2981,0001122491,BRFS,Brf S.A.,NYSE
2982,0001122904,NTGR,"Netgear, Inc.",Nasdaq
2983,0001122976,AVNT,Avient Corp,NYSE
2984,0001122993,BMXI,Brookmount Explorations Inc,OTC
2985,0001123134,IMOS,Chipmos Technologies Inc,Nasdaq
2986,0001123267,HANNF,Hannan Metals Ltd.,OTC
2987,0001123360,GPN,Global Payments Inc,NYSE
2988,0001123452,ASR,Southeast Airport Group,NYSE
2989,0001123452,ASRMF,Southeast Airport Group,OTC
2990,0001123494,HBIO,Harvard Bioscience Inc,Nasdaq
2991,0001123596,BABB,"Bab, Inc.",OTC
2992,0001123658,SNPMF,China Petroleum & Chemical Corp,OTC
2993,0001123799,WIT,Wipro Ltd,NYSE
2994,0001124105,GYRE,"Gyre Therapeutics, Inc.",Nasdaq
2995,0001124140,EXAS,Exact Sciences Corp,Nasdaq
2996,0001124198,FLR,Fluor Corp,NYSE
2997,0001124524,CYRX,"Cryoport, Inc.",Nasdaq
2998,0001124796,LASR,"Nlight, Inc.",Nasdaq
2999,0001124804,MDRX,Veradigm Inc.,OTC
3000,0001124941,BECN,Beacon Roofing Supply Inc,Nasdaq
3001,0001124959,XSIAX,Voya Credit Income Fund,None
3002,0001125259,CUK,Carnival Plc,NYSE
3003,0001125259,CUKPF,Carnival Plc,OTC
3004,0001125345,MGNX,Macrogenics Inc,Nasdaq
3005,0001125376,ENSG,"Ensign Group, Inc",Nasdaq
3006,0001126113,TELNF,Telenor Asa,OTC
3007,0001126113,TELNY,Telenor Asa,OTC
3008,0001126328,PFG,Principal Financial Group Inc,Nasdaq
3009,0001126741,GSIT,Gsi Technology Inc,Nasdaq
3010,0001126956,SR,Spire Inc,NYSE
3011,0001126956,SR-PA,Spire Inc,NYSE
3012,0001127007,CAPV,Cabo Verde Capital Inc.,OTC
3013,0001127248,EMICF,Emera Inc,OTC
3014,0001127248,EMRAF,Emera Inc,OTC
3015,0001127248,EMRJF,Emera Inc,OTC
3016,0001127248,EMRPF,Emera Inc,OTC
3017,0001127248,ERRAF,Emera Inc,OTC
3018,0001127371,CWBC,Community West Bancshares,Nasdaq
3019,0001127475,DBMM,"Digital Brand Media & Marketing Group, Inc.",OTC
3020,0001127537,LUNG,Pulmonx Corp,Nasdaq
3021,0001127703,PRA,Proassurance Corp,NYSE
3022,0001128189,PKTX,"Protokinetix, Inc.",OTC
3023,0001128252,SIPN,"Sipp International Industries, Inc.",OTC
3024,0001128281,SKAS,"Saker Aviation Services, Inc.",OTC
3025,0001128361,HOPE,Hope Bancorp Inc,Nasdaq
3026,0001128928,FLO,Flowers Foods Inc,NYSE
3027,0001129137,AMX,America Movil Sab De Cv/,NYSE
3028,0001129137,AMXOF,America Movil Sab De Cv/,OTC
3029,0001129155,MPX,Marine Products Corp,NYSE
3030,0001129928,ONCY,Oncolytics Biotech Inc,Nasdaq
3031,0001130144,BSRR,Sierra Bancorp,Nasdaq
3032,0001130166,CYCC,"Cyclacel Pharmaceuticals, Inc.",Nasdaq
3033,0001130166,CYCCP,"Cyclacel Pharmaceuticals, Inc.",Nasdaq
3034,0001130310,CNP,Centerpoint Energy Inc,NYSE
3035,0001130464,BKH,Black Hills Corp /Sd/,NYSE
3036,0001130598,TRAW,"Traws Pharma, Inc.",Nasdaq
3037,0001130713,BYON,"Beyond, Inc.",NYSE
3038,0001130781,NBBI,Neuralbase Ai Ltd.,OTC
3039,0001131312,ZNOG,Zion Oil & Gas Inc,OTC
3040,0001131312,ZNOGW,Zion Oil & Gas Inc,OTC
3041,0001131343,ATHE,Alterity Therapeutics Ltd,Nasdaq
3042,0001131343,PRNAF,Alterity Therapeutics Ltd,OTC
3043,0001131345,NVZMF,Novozymes As/Fi,OTC
3044,0001131345,NVZMY,Novozymes As/Fi,OTC
3045,0001131383,STN,Stantec Inc,NYSE
3046,0001131399,GLAXF,Gsk Plc,OTC
3047,0001131399,GSK,Gsk Plc,NYSE
3048,0001131554,SNCR,Synchronoss Technologies Inc,Nasdaq
3049,0001131554,SNCRL,Synchronoss Technologies Inc,Nasdaq
3050,0001131903,FCCN,Spectral Capital Corp,OTC
3051,0001132105,SPWH,"Sportsman'S Warehouse Holdings, Inc.",Nasdaq
3052,0001132509,NNAX,New Momentum Corp.,OTC
3053,0001132597,ITUB,Itau Unibanco Holding S.A.,NYSE
3054,0001132651,ATLO,Ames National Corp,Nasdaq
3055,0001132924,CHT,Chunghwa Telecom Co Ltd,NYSE
3056,0001132979,FRCB,First Republic Bank,OTC
3057,0001133062,JANL,Janel Corp,OTC
3058,0001133116,ACPS,"Ac Partners, Inc.",OTC
3059,0001133192,VPER,Viper Networks Inc,OTC
3060,0001133311,TZOO,Travelzoo,Nasdaq
3061,0001133416,GALT,Galectin Therapeutics Inc,Nasdaq
3062,0001133421,NOC,Northrop Grumman Corp /De/,NYSE
3063,0001133470,CVGW,Calavo Growers Inc,Nasdaq
3064,0001133519,MCUJF,Medicure Inc,OTC
3065,0001133818,BPTH,"Bio-Path Holdings, Inc.",OTC
3066,0001133869,CAPR,"Capricor Therapeutics, Inc.",Nasdaq
3067,0001134115,THM,International Tower Hill Mines Ltd,NYSE
3068,0001134765,CHUC,"Charlie'S Holdings, Inc.",OTC
3069,0001134982,AAPI,"Apple Isports Group, Inc.",OTC
3070,0001135951,RDY,Dr Reddys Laboratories Ltd,NYSE
3071,0001136174,OTRK,"Ontrak, Inc.",Nasdaq
3072,0001136174,OTRKP,"Ontrak, Inc.",OTC
3073,0001136869,ZBH,"Zimmer Biomet Holdings, Inc.",NYSE
3074,0001136893,FIS,"Fidelity National Information Services, Inc.",NYSE
3075,0001137091,PSIX,"Power Solutions International, Inc.",Nasdaq
3076,0001137390,BNY,Blackrock New York Municipal Income Trust,NYSE
3077,0001137391,BFZ,Blackrock California Municipal Income Trust,NYSE
3078,0001137393,BFK,Blackrock Municipal Income Trust,NYSE
3079,0001137547,UBFO,United Security Bancshares,Nasdaq
3080,0001137774,PFH,Prudential Financial Inc,NYSE
3081,0001137774,PRH,Prudential Financial Inc,NYSE
3082,0001137774,PRS,Prudential Financial Inc,NYSE
3083,0001137774,PRU,Prudential Financial Inc,NYSE
3084,0001137789,STX,Seagate Technology Holdings Plc,Nasdaq
3085,0001137883,BCLI,Brainstorm Cell Therapeutics Inc.,Nasdaq
3086,0001137887,NZF,Nuveen Municipal Credit Income Fund,NYSE
3087,0001138118,CBRE,"Cbre Group, Inc.",NYSE
3088,0001138476,PFHO,Pacific Health Care Organization Inc,OTC
3089,0001138586,XCRT,"Xcelerate, Inc.",OTC
3090,0001138723,ARAY,Accuray Inc,Nasdaq
3091,0001138978,NVOS,"Novo Integrated Sciences, Inc.",OTC
3092,0001140102,HQI,"Hirequest, Inc.",Nasdaq
3093,0001140215,REED,"Reed'S, Inc.",OTC
3094,0001140392,PMF,Pimco Municipal Income Fund,NYSE
3095,0001140410,PNF,Pimco New York Municipal Income Fund,NYSE
3096,0001140411,PCQ,Pimco California Municipal Income Fund,NYSE
3097,0001140536,WTW,Willis Towers Watson Plc,Nasdaq
3098,0001140625,EQNR,Equinor Asa,NYSE
3099,0001140625,STOHF,Equinor Asa,OTC
3100,0001140859,COR,"Cencora, Inc.",NYSE
3101,0001141103,CCRN,Cross Country Healthcare Inc,Nasdaq
3102,0001141197,PED,Pedevco Corp,NYSE
3103,0001141240,LQMT,Liquidmetal Technologies Inc,OTC
3104,0001141284,ASNS,Actelis Networks Inc,Nasdaq
3105,0001141391,MA,Mastercard Inc,NYSE
3106,0001141688,LARK,Landmark Bancorp Inc,Nasdaq
3107,0001141964,PCMC,Public Co Management Corp,OTC
3108,0001142231,HKHHF,Heineken Holding N V,OTC
3109,0001142231,HKHHY,Heineken Holding N V,OTC
3110,0001142417,NXST,"Nexstar Media Group, Inc.",Nasdaq
3111,0001142750,AMN,Amn Healthcare Services Inc,NYSE
3112,0001143513,GLAD,Gladstone Capital Corp,Nasdaq
3113,0001143513,GLADZ,Gladstone Capital Corp,Nasdaq
3114,0001143994,MRPT,Macreport Net Inc,OTC
3115,0001144169,ECOX,"Eco Innovation Group, Inc.",OTC
3116,0001144215,AYI,Acuity Brands Inc,NYSE
3117,0001144392,MGON,Megola Inc,OTC
3118,0001144800,TAC,Transalta Corp,NYSE
3119,0001144800,TACPF,Transalta Corp,OTC
3120,0001144800,TRNTF,Transalta Corp,OTC
3121,0001144800,TSLTF,Transalta Corp,OTC
3122,0001144879,APLD,Applied Digital Corp.,Nasdaq
3123,0001144967,HDB,Hdfc Bank Ltd,NYSE
3124,0001144980,ABG,Asbury Automotive Group Inc,NYSE
3125,0001145197,PODD,Insulet Corp,Nasdaq
3126,0001145255,HNNA,Hennessy Advisors Inc,Nasdaq
3127,0001145255,HNNAZ,Hennessy Advisors Inc,Nasdaq
3128,0001145604,NIKA,"Nika Pharmaceuticals, Inc",OTC
3129,0001145898,CWNOF,Chineseworldnet Com Inc,OTC
3130,0001145986,ASPN,Aspen Aerogels Inc,NYSE
3131,0001156039,ELV,"Elevance Health, Inc.",NYSE
3132,0001156041,HUSA,Houston American Energy Corp,NYSE
3133,0001156375,CME,Cme Group Inc.,Nasdaq
3134,0001156388,BGFV,Big 5 Sporting Goods Corp,Nasdaq
3135,0001156831,QBCAF,Quebecor Media Inc,OTC
3136,0001156831,QBCRF,Quebecor Media Inc,OTC
3137,0001157075,PMCB,"Pharmacyte Biotech, Inc.",Nasdaq
3138,0001157408,LRN,"Stride, Inc.",NYSE
3139,0001157557,CIG,Energy Co Of Minas Gerais,NYSE
3140,0001157557,CIG-C,Energy Co Of Minas Gerais,NYSE
3141,0001157601,MDGL,"Madrigal Pharmaceuticals, Inc.",Nasdaq
3142,0001157647,WNEB,"Western New England Bancorp, Inc.",Nasdaq
3143,0001157762,CAAS,China Automotive Systems Inc,Nasdaq
3144,0001157842,RQI,Cohen & Steers Quality Income Realty Fund Inc,NYSE
3145,0001158114,AAOI,"Applied Optoelectronics, Inc.",Nasdaq
3146,0001158172,SCOR,"Comscore, Inc.",Nasdaq
3147,0001158289,JRS,Nuveen Real Estate Income Fund,NYSE
3148,0001158324,CCOI,"Cogent Communications Holdings, Inc.",Nasdaq
3149,0001158399,BRCNF,Burcon Nutrascience Corp,OTC
3150,0001158449,AAP,Advance Auto Parts Inc,NYSE
3151,0001158463,JBLU,Jetblue Airways Corp,Nasdaq
3152,0001158780,PLUR,Pluri Inc.,Nasdaq
3153,0001158838,ADTTF,Advantest Corp,OTC
3154,0001158838,ATEYY,Advantest Corp,OTC
3155,0001158895,LMAT,Lemaitre Vascular Inc,Nasdaq
3156,0001158967,NJDCY,Nidec Corp,OTC
3157,0001158967,NNDNF,Nidec Corp,OTC
3158,0001159036,HALO,"Halozyme Therapeutics, Inc.",Nasdaq
3159,0001159152,JHIUF,James Hardie Industries Plc,OTC
3160,0001159152,JHX,James Hardie Industries Plc,NYSE
3161,0001159167,IRBT,Irobot Corp,Nasdaq
3162,0001159508,ADZCF,Deutsche Bank Aktiengesellschaft,OTC
3163,0001159508,DB,Deutsche Bank Aktiengesellschaft,NYSE
3164,0001159508,DEENF,Deutsche Bank Aktiengesellschaft,OTC
3165,0001159508,DGP,Deutsche Bank Aktiengesellschaft,NYSE
3166,0001159508,DGZ,Deutsche Bank Aktiengesellschaft,NYSE
3167,0001159508,DZZ,Deutsche Bank Aktiengesellschaft,NYSE
3168,0001159508,OLOXF,Deutsche Bank Aktiengesellschaft,OTC
3169,0001160106,LLDTF,Lloyds Banking Group Plc,OTC
3170,0001160106,LLOBF,Lloyds Banking Group Plc,OTC
3171,0001160106,LYG,Lloyds Banking Group Plc,NYSE
3172,0001160308,SVRA,Savara Inc,Nasdaq
3173,0001160330,BBD,Bank Bradesco,NYSE
3174,0001160330,BBDO,Bank Bradesco,NYSE
3175,0001160420,ADIA,"Adia Nutrition, Inc.",OTC
3176,0001160791,GORO,Gold Resource Corp,NYSE
3177,0001160864,BHK,Blackrock Core Bond Trust,NYSE
3178,0001160990,PCN,Pimco Corporate & Income Strategy Fund,NYSE
3179,0001161125,BCH,Bank Of Chile,NYSE
3180,0001161167,AIQUF,L Air Liquide Sa /Fi,OTC
3181,0001161167,AIQUY,L Air Liquide Sa /Fi,OTC
3182,0001161611,ALMMF,Aluminum Corp Of China Ltd,OTC
3183,0001161728,MGEE,Mge Energy Inc,Nasdaq
3184,0001161814,KIQSF,Kelso Technologies Inc,OTC
3185,0001162027,AFB,Alliancebernstein National Municipal Income Fund,NYSE
3186,0001162194,LAB,Standard Biotools Inc.,Nasdaq
3187,0001162283,MGHL,Morgan Group Holding Co,OTC
3188,0001162461,CUTRQ,Cutera Inc,OTC
3189,0001162896,PROP,Prairie Operating Co.,Nasdaq
3190,0001163165,COP,Conocophillips,NYSE
3191,0001163302,X,United States Steel Corp,NYSE
3192,0001163370,NRIM,Northrim Bancorp Inc,Nasdaq
3193,0001163389,NWPP,New Peoples Bankshares Inc,OTC
3194,0001163560,GTMAY,Grupo Tmm Sab,OTC
3195,0001163609,SDSYA,South Dakota Soybean Processors Llc,OTC
3196,0001163653,NMR,Nomura Holdings Inc,NYSE
3197,0001163653,NRSCF,Nomura Holdings Inc,OTC
3198,0001163668,SPFI,"South Plains Financial, Inc.",Nasdaq
3199,0001163739,NBR,Nabors Industries Ltd,NYSE
3200,0001163739,NBRWF,Nabors Industries Ltd,OTC
3201,0001163792,WEA,Western Asset Premier Bond Fund,NYSE
3202,0001164727,NEM,Newmont Corp /De/,NYSE
3203,0001164727,NEMCL,Newmont Corp /De/,OTC
3204,0001164771,NAK,Northern Dynasty Minerals Ltd,NYSE
3205,0001164863,NPO,Enpro Inc.,NYSE
3206,0001165002,WHG,Westwood Holdings Group Inc,NYSE
3207,0001166003,XPO,"Xpo, Inc.",NYSE
3208,0001166258,PHT,"Pioneer High Income Fund, Inc.",NYSE
3209,0001166272,GNTLF,Genetic Technologies Ltd,OTC
3210,0001166388,VRNT,Verint Systems Inc,Nasdaq
3211,0001166663,TEN,Tsakos Energy Navigation Ltd,NYSE
3212,0001166663,TEN-PE,Tsakos Energy Navigation Ltd,NYSE
3213,0001166663,TEN-PF,Tsakos Energy Navigation Ltd,NYSE
3214,0001166691,CCZ,Comcast Corp,NYSE
3215,0001166691,CMCSA,Comcast Corp,Nasdaq
3216,0001166708,BWMG,"Brownie'S Marine Group, Inc",OTC
3217,0001166928,WTBA,West Bancorporation Inc,Nasdaq
3218,0001167379,ALC,Alcon Inc,NYSE
3219,0001167419,RIOT,"Riot Platforms, Inc.",Nasdaq
3220,0001168455,PLBC,Plumas Bancorp,Nasdaq
3221,0001168981,LVRLF,Cordovacann Corp.,OTC
3222,0001169034,BHV,Blackrock Virginia Municipal Bond Trust,NYSE
3223,0001169138,GBUX,"Givbux, Inc.",OTC
3224,0001169445,TBRG,"Trubridge, Inc.",Nasdaq
3225,0001169561,CVLT,Commvault Systems Inc,Nasdaq
3226,0001169760,CMGHF,Chaoda Modern Agriculture Holdings Ltd /Fi,OTC
3227,0001169770,BANC,"Banc Of California, Inc.",NYSE
3228,0001169770,BANC-PF,"Banc Of California, Inc.",NYSE
3229,0001170010,KMX,Carmax Inc,NYSE
3230,0001170299,PML,Pimco Municipal Income Fund Ii,NYSE
3231,0001170300,PCK,Pimco California Municipal Income Fund Ii,NYSE
3232,0001170311,PNI,Pimco New York Municipal Income Fund Ii,NYSE
3233,0001170858,SBS,Companhia De Saneamento Basico Do Estado De Sao Paulo-Sabesp,NYSE
3234,0001171155,RLGT,"Radiant Logistics, Inc",NYSE
3235,0001171326,EUBG,Entrepreneur Universe Bright Group,OTC
3236,0001171471,CHI,Calamos Convertible Opportunities & Income Fund,Nasdaq
3237,0001171486,NRP,Natural Resource Partners Lp,NYSE
3238,0001171759,RRGB,Red Robin Gourmet Burgers Inc,Nasdaq
3239,0001171838,SUND,"Sundance Strategies, Inc.",OTC
3240,0001172052,SAFT,Safety Insurance Group Inc,Nasdaq
3241,0001172069,PTOS,"P2 Solar, Inc.",OTC
3242,0001172178,LBSR,Liberty Star Uranium & Metals Corp.,OTC
3243,0001172358,DMLP,"Dorchester Minerals, L.P.",Nasdaq
3244,0001172724,GFI,Gold Fields Ltd,NYSE
3245,0001172724,GFIOF,Gold Fields Ltd,OTC
3246,0001173204,CNVS,Cineverse Corp.,Nasdaq
3247,0001173313,ABVC,"Abvc Biopharma, Inc.",Nasdaq
3248,0001173382,CAE,Cae Inc,NYSE
3249,0001173420,NG,Novagold Resources Inc,NYSE
3250,0001173489,CEVA,Ceva Inc,Nasdaq
3251,0001173514,HY,"Hyster-Yale, Inc.",NYSE
3252,0001173643,TRX,Trx Gold Corp,NYSE
3253,0001174164,FFC,Flaherty & Crumrine Preferred & Income Securities Fund Inc,NYSE
3254,0001174169,AGQPF,Algonquin Power & Utilities Corp.,OTC
3255,0001174169,AQN,Algonquin Power & Utilities Corp.,NYSE
3256,0001174169,AQNB,Algonquin Power & Utilities Corp.,NYSE
3257,0001174850,NIC,Nicolet Bankshares Inc,NYSE
3258,0001174891,GEDC,"Calethos, Inc.",OTC
3259,0001174922,WYNN,Wynn Resorts Ltd,Nasdaq
3260,0001174940,OGEN,Oragenics Inc,NYSE
3261,0001175151,CTSO,Cytosorbents Corp,Nasdaq
3262,0001175454,CPAY,"Corpay, Inc.",NYSE
3263,0001175483,DSHK,Drive Shack Inc.,OTC
3264,0001175483,DSHKN,Drive Shack Inc.,OTC
3265,0001175483,DSHKO,Drive Shack Inc.,OTC
3266,0001175483,DSHKP,Drive Shack Inc.,OTC
3267,0001175535,WSR,Whitestone Reit,NYSE
3268,0001175596,AXREF,Amarc Resources Ltd,OTC
3269,0001175680,CYDY,Cytodyn Inc.,OTC
3270,0001176194,BLE,Blackrock Municipal Income Trust Ii,NYSE
3271,0001176199,HPI,John Hancock Preferred Income Fund,NYSE
3272,0001176309,ORMP,Oramed Pharmaceuticals Inc.,Nasdaq
3273,0001176334,MMLP,Martin Midstream Partners L.P.,Nasdaq
3274,0001176948,ARES,Ares Management Corp,NYSE
3275,0001176948,ARES-PB,Ares Management Corp,NYSE
3276,0001176984,EIM,Eaton Vance Municipal Bond Fund,NYSE
3277,0001177161,EVM,Eaton Vance California Municipal Bond Fund,NYSE
3278,0001177162,ENX,Eaton Vance New York Municipal Bond Fund,NYSE
3279,0001177394,SNX,Td Synnex Corp,NYSE
3280,0001177609,FIVE,"Five Below, Inc",Nasdaq
3281,0001177648,ENTA,Enanta Pharmaceuticals Inc,Nasdaq
3282,0001177702,SAIA,Saia Inc,Nasdaq
3283,0001178253,SCYX,Scynexis Inc,Nasdaq
3284,0001178660,TUTH,Standard Dental Labs Inc.,OTC
3285,0001178670,ALNY,"Alnylam Pharmaceuticals, Inc.",Nasdaq
3286,0001178697,SONM,Sonim Technologies Inc,Nasdaq
3287,0001178819,AGI,Alamos Gold Inc,NYSE
3288,0001178839,NBH,Neuberger Berman Municipal Fund Inc.,NYSE
3289,0001178879,FOLD,"Amicus Therapeutics, Inc.",Nasdaq
3290,0001178970,PFS,Provident Financial Services Inc,NYSE
3291,0001179821,BGI,Birks Group Inc.,NYSE
3292,0001179929,MOH,"Molina Healthcare, Inc.",NYSE
3293,0001180262,HLF,Herbalife Ltd.,NYSE
3294,0001181187,BYM,Blackrock Municipal Income Quality Trust,NYSE
3295,0001181504,PZC,Pimco California Municipal Income Fund Iii,NYSE
3296,0001181505,PYN,Pimco New York Municipal Income Fund Iii,NYSE
3297,0001181506,PMX,Pimco Municipal Income Fund Iii,NYSE
3298,0001182731,CNNN,Connexionone Corp.,OTC
3299,0001185348,PRAA,Pra Group Inc,Nasdaq
3300,0001187953,CELZ,"Creative Medical Technology Holdings, Inc.",Nasdaq
3301,0001189740,HPF,John Hancock Preferred Income Fund Ii,NYSE
3302,0001190370,IVDN,Innovative Designs Inc,OTC
3303,0001190723,TNRSF,Tenaris Sa,OTC
3304,0001190723,TS,Tenaris Sa,NYSE
3305,0001190935,PTY,Pimco Corporate & Income Opportunity Fund,NYSE
3306,0001191070,NEUP,Neuphoria Therapeutics Inc.,Nasdaq
3307,0001191832,KNGRF,Kingsmen Resources Ltd.,OTC
3308,0001192448,GKOS,Glaukos Corp,NYSE
3309,0001195734,PBPB,Potbelly Corp,Nasdaq
3310,0001195737,NEA,Nuveen Amt-Free Quality Municipal Income Fund,NYSE
3311,0001195738,NKX,Nuveen California Amt-Free Quality Municipal Income Fund,NYSE
3312,0001195739,NRK,Nuveen New York Amt-Free Quality Municipal Income Fund,NYSE
3313,0001196298,NEPH,Nephros Inc,Nasdaq
3314,0001199004,FMN,Federated Hermes Premier Municipal Income Fund,NYSE
3315,0001199392,EGMCF,Emergent Metals Corp.,OTC
3316,0001200375,CDXS,"Codexis, Inc.",Nasdaq
3317,0001201792,APEI,American Public Education Inc,Nasdaq
3318,0001203464,IAG,Iamgold Corp,NYSE
3319,0001205181,GPFT,"Grapefruit Usa, Inc",OTC
3320,0001205922,VCNX,"Vaccinex, Inc.",OTC
3321,0001206264,SGI,Somnigroup International Inc.,NYSE
3322,0001207179,GLNG,Golar Lng Ltd,Nasdaq
3323,0001210123,EAD,Allspring Income Opportunities Fund,NYSE
3324,0001210618,SPIEF,"Spi Energy Co., Ltd.",OTC
3325,0001210677,FA,First Advantage Corp,Nasdaq
3326,0001210708,HSON,"Hudson Global, Inc.",Nasdaq
3327,0001211583,FENC,Fennec Pharmaceuticals Inc.,Nasdaq
3328,0001211805,MYSZ,"My Size, Inc.",Nasdaq
3329,0001212545,WAL,Western Alliance Bancorporation,NYSE
3330,0001212545,WAL-PA,Western Alliance Bancorporation,NYSE
3331,0001213037,CRDF,"Cardiff Oncology, Inc.",Nasdaq
3332,0001213809,DYAI,Dyadic International Inc,Nasdaq
3333,0001214816,AXS,Axis Capital Holdings Ltd,NYSE
3334,0001214816,AXS-PE,Axis Capital Holdings Ltd,NYSE
3335,0001214935,NCV,Virtus Convertible & Income Fund,NYSE
3336,0001214935,NCV-PA,Virtus Convertible & Income Fund,NYSE
3337,0001215913,HPS,John Hancock Preferred Income Fund Iii,NYSE
3338,0001216583,JPC,Nuveen Preferred & Income Opportunities Fund,NYSE
3339,0001217234,CDNA,"Caredx, Inc.",Nasdaq
3340,0001218683,MIGI,Mawson Infrastructure Group Inc.,Nasdaq
3341,0001219120,AVK,Advent Convertible & Income Fund,NYSE
3342,0001219360,PHK,Pimco High Income Fund,NYSE
3343,0001219601,CCK,"Crown Holdings, Inc.",NYSE
3344,0001220754,MODV,Modivcare Inc,Nasdaq
3345,0001221029,CPAC,Cementos Pacasmayo Saa,NYSE
3346,0001222333,GLD,Spdr Gold Trust,NYSE
3347,0001222401,HYT,"Blackrock Corporate High Yield Fund, Inc.",NYSE
3348,0001222719,CHY,Calamos Convertible & High Income Fund,Nasdaq
3349,0001222922,EVV,Eaton Vance Ltd Duration Income Fund,NYSE
3350,0001223026,MHI,"Pioneer Municipal High Income Fund, Inc.",NYSE
3351,0001224133,MCHX,Marchex Inc,Nasdaq
3352,0001224450,RNP,Cohen & Steers Reit & Preferred & Income Fund Inc,NYSE
3353,0001224608,CNO,"Cno Financial Group, Inc.",NYSE
3354,0001224608,CNO-PA,"Cno Financial Group, Inc.",NYSE
3355,0001226616,MNOV,Medicinova Inc,Nasdaq
3356,0001227073,ERC,Allspring Multi-Sector Income Fund,NYSE
3357,0001227282,SPOWF,Strata Power Corp,OTC
3358,0001227476,JQC,Nuveen Credit Strategies Income Fund,NYSE
3359,0001227476,JQCNR,Nuveen Credit Strategies Income Fund,OTC
3360,0001227500,EQBK,Equity Bancshares Inc,NYSE
3361,0001227636,STIM,"Neuronetics, Inc.",Nasdaq
3362,0001227654,CMP,Compass Minerals International Inc,NYSE
3363,0001227857,NCZ,Virtus Convertible & Income Fund Ii,NYSE
3364,0001227857,NCZ-PA,Virtus Convertible & Income Fund Ii,NYSE
3365,0001227862,EMD,Western Asset Emerging Markets Debt Fund Inc.,NYSE
3366,0001228454,BCBP,Bcb Bancorp Inc,Nasdaq
3367,0001228509,EHI,Western Asset Global High Income Fund Inc.,NYSE
3368,0001228627,IRD,"Opus Genetics, Inc.",Nasdaq
3369,0001230058,KANP,Kaanapali Land Llc,OTC
3370,0001230245,PIPR,Piper Sandler Companies,NYSE
3371,0001230524,LEEN,"Leopard Energy, Inc.",OTC
3372,0001230869,ASA,Asa Gold & Precious Metals Ltd,NYSE
3373,0001230992,MAG,Mag Silver Corp,NYSE
3374,0001231339,ASRE,"Astra Energy, Inc.",OTC
3375,0001231346,SA,Seabridge Gold Inc,NYSE
3376,0001231457,GNLX,Genelux Corp,Nasdaq
3377,0001232384,TCANF,Tc Energy Corp,OTC
3378,0001232384,TCENF,Tc Energy Corp,OTC
3379,0001232384,TCEYF,Tc Energy Corp,OTC
3380,0001232384,TCNCF,Tc Energy Corp,OTC
3381,0001232384,TNCAF,Tc Energy Corp,OTC
3382,0001232384,TRP,Tc Energy Corp,NYSE
3383,0001232384,TRPEF,Tc Energy Corp,OTC
3384,0001232384,TRPPF,Tc Energy Corp,OTC
3385,0001232384,TRPRF,Tc Energy Corp,OTC
3386,0001232524,JAZZ,Jazz Pharmaceuticals Plc,Nasdaq
3387,0001232582,AHT,Ashford Hospitality Trust Inc,NYSE
3388,0001232582,AHT-PD,Ashford Hospitality Trust Inc,NYSE
3389,0001232582,AHT-PF,Ashford Hospitality Trust Inc,NYSE
3390,0001232582,AHT-PG,Ashford Hospitality Trust Inc,NYSE
3391,0001232582,AHT-PH,Ashford Hospitality Trust Inc,NYSE
3392,0001232582,AHT-PI,Ashford Hospitality Trust Inc,NYSE
3393,0001233087,FTF,Franklin Ltd Duration Income Trust,NYSE
3394,0001233681,BLW,Blackrock Ltd Duration Income Trust,NYSE
3395,0001234006,GOOD,Gladstone Commercial Corp,Nasdaq
3396,0001234006,GOODN,Gladstone Commercial Corp,Nasdaq
3397,0001234006,GOODO,Gladstone Commercial Corp,Nasdaq
3398,0001235468,LQDT,Liquidity Services Inc,Nasdaq
3399,0001235912,CVRX,"Cvrx, Inc.",Nasdaq
3400,0001236275,QXO,"Qxo, Inc.",NYSE
3401,0001237831,GMED,Globus Medical Inc,NYSE
3402,0001243429,AMSYF,Arcelormittal,OTC
3403,0001243429,ARCXF,Arcelormittal,OTC
3404,0001243429,MT,Arcelormittal,NYSE
3405,0001244183,PFL,Pimco Income Strategy Fund,NYSE
3406,0001245648,FLC,Flaherty & Crumrine Total Return Fund Inc,NYSE
3407,0001253327,EVT,Eaton Vance Tax-Advantaged Dividend Income Fund,NYSE
3408,0001253689,GLYC,Glycomimetics Inc,Nasdaq
3409,0001253986,ABR,Arbor Realty Trust Inc,NYSE
3410,0001253986,ABR-PD,Arbor Realty Trust Inc,NYSE
3411,0001253986,ABR-PE,Arbor Realty Trust Inc,NYSE
3412,0001253986,ABR-PF,Arbor Realty Trust Inc,NYSE
3413,0001254370,WIA,Western Asset Inflation-Linked Income Fund,NYSE
3414,0001254699,QVCC,Qvc Inc,NYSE
3415,0001254699,QVCD,Qvc Inc,NYSE
3416,0001257640,KRO,Kronos Worldwide Inc,NYSE
3417,0001258602,NNI,Nelnet Inc,NYSE
3418,0001258623,EFR,Eaton Vance Senior Floating-Rate Trust,NYSE
3419,0001258943,MAV,"Pioneer Municipal High Income Advantage Fund, Inc.",NYSE
3420,0001259429,OXSQ,Oxford Square Capital Corp.,Nasdaq
3421,0001259429,OXSQG,Oxford Square Capital Corp.,Nasdaq
3422,0001259429,OXSQZ,Oxford Square Capital Corp.,Nasdaq
3423,0001259708,FRA,"Blackrock Floating Rate Income Strategies Fund, Inc.",NYSE
3424,0001260041,HTD,John Hancock Tax-Advantaged Dividend Income Fund,NYSE
3425,0001260221,TDG,Transdigm Group Inc,NYSE
3426,0001260563,NFJ,"Virtus Dividend, Interest & Premium Strategy Fund",NYSE
3427,0001260729,GDV,Gabelli Dividend & Income Trust,NYSE
3428,0001260729,GDV-PH,Gabelli Dividend & Income Trust,NYSE
3429,0001260729,GDV-PK,Gabelli Dividend & Income Trust,NYSE
3430,0001261002,GNOLF,Genoil Inc,OTC
3431,0001261166,NRO,Neuberger Berman Real Estate Securities Income Fund Inc,NYSE
3432,0001261333,DOCU,"Docusign, Inc.",Nasdaq
3433,0001261654,UTI,Universal Technical Institute Inc,NYSE
3434,0001262039,FTNT,"Fortinet, Inc.",Nasdaq
3435,0001262104,MEIP,"Mei Pharma, Inc.",Nasdaq
3436,0001262823,WLK,Westlake Corp,NYSE
3437,0001262976,CMPR,Cimpress Plc,Nasdaq
3438,0001263011,EXNRF,Excellon Resources Inc,OTC
3439,0001263043,SHG,Shinhan Financial Group Co Ltd,NYSE
3440,0001263364,COPR,Idaho Copper Corp,OTC
3441,0001263994,UTG,Reaves Utility Income Fund,NYSE
3442,0001264136,WF,Woori Financial Group Inc.,NYSE
3443,0001265131,HTH,Hilltop Holdings Inc.,NYSE
3444,0001265521,PMHS,"Polomar Health Services, Inc.",OTC
3445,0001266585,NMZ,Nuveen Municipal High Income Opportunity Fund,NYSE
3446,0001266806,VANI,"Vivani Medical, Inc.",Nasdaq
3447,0001267238,AIZ,"Assurant, Inc.",NYSE
3448,0001267238,AIZN,"Assurant, Inc.",NYSE
3449,0001267332,IPB,Merrill Lynch Depositor Inc Indexplus Trust Series 2003-1,NYSE
3450,0001267395,AHL-PD,Aspen Insurance Holdings Ltd,NYSE
3451,0001267395,AHL-PE,Aspen Insurance Holdings Ltd,NYSE
3452,0001267395,AHL-PF,Aspen Insurance Holdings Ltd,NYSE
3453,0001267565,COLL,"Collegium Pharmaceutical, Inc",Nasdaq
3454,0001267902,WIW,Western Asset Inflation-Linked Opportunities & Income Fund,NYSE
3455,0001268533,TYG,Tortoise Energy Infrastructure Corp,NYSE
3456,0001268884,IGR,Cbre Global Real Estate Income Fund,NYSE
3457,0001268896,CILJF,China Life Insurance Co Ltd,OTC
3458,0001269026,SINT,"Sintx Technologies, Inc.",Nasdaq
3459,0001269238,TCOM,Trip.Com Group Ltd,Nasdaq
3460,0001269238,TRPCF,Trip.Com Group Ltd,OTC
3461,0001270131,SCD,Lmp Capital & Income Fund Inc.,NYSE
3462,0001270436,COHN,Cohen & Co Inc.,NYSE
3463,0001270523,ETG,Eaton Vance Tax-Advantaged Global Dividend Income Fund,NYSE
3464,0001271554,ERLFF,Entree Resources Ltd.,OTC
3465,0001272842,AIRG,Airgain Inc,Nasdaq
3466,0001273441,GTE,Gran Tierra Energy Inc.,NYSE
3467,0001273685,NYMT,"New York Mortgage Trust, Inc.",Nasdaq
3468,0001273685,NYMTG,"New York Mortgage Trust, Inc.",Nasdaq
3469,0001273685,NYMTI,"New York Mortgage Trust, Inc.",Nasdaq
3470,0001273685,NYMTL,"New York Mortgage Trust, Inc.",Nasdaq
3471,0001273685,NYMTM,"New York Mortgage Trust, Inc.",Nasdaq
3472,0001273685,NYMTN,"New York Mortgage Trust, Inc.",Nasdaq
3473,0001273685,NYMTZ,"New York Mortgage Trust, Inc.",Nasdaq
3474,0001273813,AGO,Assured Guaranty Ltd,NYSE
3475,0001274173,JHG,Janus Henderson Group Plc,NYSE
3476,0001274494,FSLR,"First Solar, Inc.",Nasdaq
3477,0001274737,XGN,Exagen Inc.,Nasdaq
3478,0001275014,UCTT,"Ultra Clean Holdings, Inc.",Nasdaq
3479,0001275101,BOTJ,Bank Of The James Financial Group Inc,Nasdaq
3480,0001275158,NDLS,Noodles & Co,Nasdaq
3481,0001275168,FSBC,Five Star Bancorp,Nasdaq
3482,0001275187,ANGO,Angiodynamics Inc,Nasdaq
3483,0001275214,CSQ,Calamos Strategic Total Return Fund,Nasdaq
3484,0001275477,BMNM,"Bimini Capital Management, Inc.",OTC
3485,0001275617,UTF,Cohen & Steers Infrastructure Fund Inc,NYSE
3486,0001276187,ET,Energy Transfer Lp,NYSE
3487,0001276187,ET-PI,Energy Transfer Lp,NYSE
3488,0001276520,GNW,Genworth Financial Inc,NYSE
3489,0001276531,SCGY,"Scientific Energy, Inc",OTC
3490,0001276533,JFR,Nuveen Floating Rate Income Fund,NYSE
3491,0001277575,SCGX,Saxon Capital Group Inc,OTC
3492,0001277866,EXK,Endeavour Silver Corp,NYSE
3493,0001277902,MVBF,Mvb Financial Corp,Nasdaq
3494,0001278021,MKTX,Marketaxess Holdings Inc,Nasdaq
3495,0001278027,BGS,"B&G Foods, Inc.",NYSE
3496,0001278211,LGI,Lazard Global Total Return & Income Fund Inc,NYSE
3497,0001278680,IAU,Ishares Gold Trust,NYSE
3498,0001278752,MFIC,Midcap Financial Investment Corp,Nasdaq
3499,0001278752,MFICL,Midcap Financial Investment Corp,Nasdaq
3500,0001278895,CII,"Blackrock Enhanced Large Cap Core Fund, Inc.",NYSE
3501,0001279014,ERH,Allspring Utilities & High Income Fund,NYSE
3502,0001279495,BTE,Baytex Energy Corp.,NYSE
3503,0001279620,ZDPY,"Zoned Properties, Inc.",OTC
3504,0001279704,CLRB,"Cellectar Biosciences, Inc.",Nasdaq
3505,0001279715,IWSH,"Wright Investors Service Holdings, Inc.",OTC
3506,0001279967,CRARF,Credit Agricole S A,OTC
3507,0001279967,CRARY,Credit Agricole S A,OTC
3508,0001280058,BLKB,Blackbaud Inc,Nasdaq
3509,0001280263,AMBA,Ambarella Inc,Nasdaq
3510,0001280452,MPWR,Monolithic Power Systems Inc,Nasdaq
3511,0001280776,IMUX,"Immunic, Inc.",Nasdaq
3512,0001280784,HCXY,"Hercules Capital, Inc.",NYSE
3513,0001280784,HTGC,"Hercules Capital, Inc.",NYSE
3514,0001281721,SGIOF,Shionogi & Co Ltd,OTC
3515,0001281721,SGIOY,Shionogi & Co Ltd,OTC
3516,0001281761,RF,Regions Financial Corp,NYSE
3517,0001281761,RF-PC,Regions Financial Corp,NYSE
3518,0001281761,RF-PE,Regions Financial Corp,NYSE
3519,0001281761,RF-PF,Regions Financial Corp,NYSE
3520,0001281845,UNQL,"Unique Logistics International, Inc.",OTC
3521,0001281895,RCKT,"Rocket Pharmaceuticals, Inc.",Nasdaq
3522,0001281895,RCKTW,"Rocket Pharmaceuticals, Inc.",Nasdaq
3523,0001281926,ETO,Eaton Vance Tax-Advantaged Global Dividend Opportunities Fund,NYSE
3524,0001281984,WDLF,"Decentral Life, Inc.",OTC
3525,0001282224,DLPN,"Dolphin Entertainment, Inc.",Nasdaq
3526,0001282631,NLST,Netlist Inc,OTC
3527,0001282637,NEU,Newmarket Corp,NYSE
3528,0001282648,BATL,Battalion Oil Corp,NYSE
3529,0001282850,FCT,First Trust Senior Floating Rate Income Fund Ii,NYSE
3530,0001282957,GLU,Gabelli Global Utility & Income Trust,NYSE
3531,0001282957,GLU-PA,Gabelli Global Utility & Income Trust,NYSE
3532,0001282957,GLU-PB,Gabelli Global Utility & Income Trust,NYSE
3533,0001282980,DROR,"Dror Ortho-Design, Inc.",OTC
3534,0001283337,KTN,Structured Products Corp Cred Enhance Corts Tr For Aon Cap A,NYSE
3535,0001283464,KTH,Structured Products Corp Corts Tr For Peco Energy Cap Tr Iii,NYSE
3536,0001283699,TMUS,"T-Mobile Us, Inc.",Nasdaq
3537,0001284143,JBK,Lehman Abs Corp Goldman Sachs Cap 1 Sec Backed Ser 2004-6,NYSE
3538,0001284237,ABCFF,Abacus Mining & Exploration Corp,OTC
3539,0001284454,YBCN,Yong Bai Chao New Retail Corp,OTC
3540,0001284812,CNS,"Cohen & Steers, Inc.",NYSE
3541,0001285170,ITMSF,Intermap Technologies Corp,OTC
3542,0001285550,CLPT,"Clearpoint Neuro, Inc.",Nasdaq
3543,0001285650,CGO,Calamos Global Total Return Fund,Nasdaq
3544,0001285785,MOS,Mosaic Co,NYSE
3545,0001285786,EMX,Emx Royalty Corp,NYSE
3546,0001285819,OMER,Omeros Corp,Nasdaq
3547,0001285890,IGD,Voya Global Equity Dividend & Premium Opportunity Fund,NYSE
3548,0001286043,KRG,Kite Realty Group Trust,NYSE
3549,0001286139,LZ,"Legalzoom.Com, Inc.",Nasdaq
3550,0001286405,GJH,Strats Sm Trust For U S Cell Corp Sec Series 2004 6,NYSE
3551,0001286613,LINC,Lincoln Educational Services Corp,Nasdaq
3552,0001286681,DPZ,Dominos Pizza Inc,Nasdaq
3553,0001286973,USAS,Americas Gold & Silver Corp,NYSE
3554,0001287032,PSEC,Prospect Capital Corp,Nasdaq
3555,0001287032,PSEC-PA,Prospect Capital Corp,NYSE
3556,0001287098,MXCT,"Maxcyte, Inc.",Nasdaq
3557,0001287213,PLOW,"Douglas Dynamics, Inc",NYSE
3558,0001287480,BGT,Blackrock Floating Rate Income Trust,NYSE
3559,0001287498,EVG,Eaton Vance Short Duration Diversified Income Fund,NYSE
3560,0001287750,ARCC,Ares Capital Corp,Nasdaq
3561,0001287865,MPW,Medical Properties Trust Inc,NYSE
3562,0001288403,WTI,W&T Offshore Inc,NYSE
3563,0001288469,MXL,"Maxlinear, Inc",Nasdaq
3564,0001288770,XTGRF,Xtra-Gold Resources Corp,OTC
3565,0001288795,GLV,Clough Global Dividend & Income Fund,NYSE
3566,0001288847,FIVN,"Five9, Inc.",Nasdaq
3567,0001288855,OPHC,"Optimumbank Holdings, Inc.",NYSE
3568,0001288992,EFT,Eaton Vance Floating-Rate Income Trust,NYSE
3569,0001289308,ENS,Enersys,NYSE
3570,0001289340,STXS,"Stereotaxis, Inc.",NYSE
3571,0001289419,MORN,"Morningstar, Inc.",Nasdaq
3572,0001289460,TXRH,"Texas Roadhouse, Inc.",Nasdaq
3573,0001289490,EXR,Extra Space Storage Inc.,NYSE
3574,0001289688,JCYCF,Jardine Cycle & Carriage Ltd.,OTC
3575,0001289688,JCYGY,Jardine Cycle & Carriage Ltd.,OTC
3576,0001289848,HURN,Huron Consulting Group Inc.,Nasdaq
3577,0001289850,NURO,"Neurometrix, Inc.",Nasdaq
3578,0001289868,MCN,Xai Madison Equity Premium Income Fund,NYSE
3579,0001289877,SFL,Sfl Corp Ltd.,NYSE
3580,0001289945,SPOK,"Spok Holdings, Inc",Nasdaq
3581,0001290109,LPL,"Lg Display Co., Ltd.",NYSE
3582,0001290658,ITOX,"Iiot-Oxys, Inc.",OTC
3583,0001290677,TPB,"Turning Point Brands, Inc.",NYSE
3584,0001290900,CVGI,"Commercial Vehicle Group, Inc.",Nasdaq
3585,0001291313,GEHDF,Great Eastern Holdings Ltd,OTC
3586,0001291334,FFA,First Trust Enhanced Equity Income Fund,NYSE
3587,0001291733,GOLLQ,Gol Intelligent Airlines Inc.,OTC
3588,0001291855,SPCB,Supercom Ltd,Nasdaq
3589,0001292490,SYIN,"Synbio International, Inc.",OTC
3590,0001293135,VET,Vermilion Energy Inc.,NYSE
3591,0001293613,KYN,"Kayne Anderson Energy Infrastructure Fund, Inc.",NYSE
3592,0001293818,OPGN,Opgen Inc,OTC
3593,0001293971,BLUE,"Bluebird Bio, Inc.",Nasdaq
3594,0001294133,INGN,Inogen Inc,Nasdaq
3595,0001294591,RKUNF,"Rakuten Group, Inc.",OTC
3596,0001294591,RKUNY,"Rakuten Group, Inc.",OTC
3597,0001294808,PYT,Pplus Trust Series Gsc-2,NYSE
3598,0001295401,TBBK,"Bancorp, Inc.",Nasdaq
3599,0001295514,MDWK,"Mdwerks, Inc.",OTC
3600,0001295810,SHO,"Sunstone Hotel Investors, Inc.",NYSE
3601,0001295810,SHO-PH,"Sunstone Hotel Investors, Inc.",NYSE
3602,0001295810,SHO-PI,"Sunstone Hotel Investors, Inc.",NYSE
3603,0001295947,PBH,Prestige Consumer Healthcare Inc.,NYSE
3604,0001296250,PFN,Pimco Income Strategy Fund Ii,NYSE
3605,0001296445,ORA,"Ormat Technologies, Inc.",NYSE
3606,0001296484,TOPS,Top Ships Inc.,NYSE
3607,0001296774,NCTY,The9 Ltd,Nasdaq
3608,0001297184,AMPH,"Amphastar Pharmaceuticals, Inc.",Nasdaq
3609,0001297341,KFFB,Kentucky First Federal Bancorp,Nasdaq
3610,0001297937,PRKA,"Parks America, Inc",OTC
3611,0001297989,EXLS,"Exlservice Holdings, Inc.",Nasdaq
3612,0001297996,DLR,"Digital Realty Trust, Inc.",NYSE
3613,0001297996,DLR-PJ,"Digital Realty Trust, Inc.",NYSE
3614,0001297996,DLR-PK,"Digital Realty Trust, Inc.",NYSE
3615,0001297996,DLR-PL,"Digital Realty Trust, Inc.",NYSE
3616,0001298675,CUBE,Cubesmart,NYSE
3617,0001298699,BXMX,Nuveen S&P 500 Buywrite Income Fund,NYSE
3618,0001298946,DRH,Diamondrock Hospitality Co,NYSE
3619,0001298946,DRH-PA,Diamondrock Hospitality Co,NYSE
3620,0001299130,PACB,"Pacific Biosciences Of California, Inc.",Nasdaq
3621,0001299709,AX,"Axos Financial, Inc.",NYSE
3622,0001299939,CADE,Cadence Bank,NYSE
3623,0001299939,CADE-PA,Cadence Bank,NYSE
3624,0001299969,CHCI,"Comstock Holding Companies, Inc.",Nasdaq
3625,0001300317,ECRO,Ecc Capital Corp,OTC
3626,0001300391,EOI,Eaton Vance Enhanced Equity Income Fund,NYSE
3627,0001300514,LVS,Las Vegas Sands Corp,NYSE
3628,0001300734,SISI,"Shineco, Inc.",Nasdaq
3629,0001300781,ENMI,"Dh Enchantment, Inc.",OTC
3630,0001301236,SOHO,Sotherly Hotels Inc.,Nasdaq
3631,0001301236,SOHOB,Sotherly Hotels Inc.,Nasdaq
3632,0001301236,SOHON,Sotherly Hotels Inc.,Nasdaq
3633,0001301236,SOHOO,Sotherly Hotels Inc.,Nasdaq
3634,0001301713,SHVLF,Starcore International Mines Ltd.,OTC
3635,0001301787,BXC,Bluelinx Holdings Inc.,NYSE
3636,0001302084,NSRCF,Nextsource Materials Inc.,OTC
3637,0001302215,HLI,"Houlihan Lokey, Inc.",NYSE
3638,0001302387,BVFL,"Bv Financial, Inc.",Nasdaq
3639,0001303523,BTAFF,British American Tobacco P.L.C.,OTC
3640,0001303523,BTI,British American Tobacco P.L.C.,NYSE
3641,0001303942,BFIN,Bankfinancial Corp,Nasdaq
3642,0001304161,PBSV,"Pharma-Bio Serv, Inc.",OTC
3643,0001304409,AHNR,Athena Gold Corp,OTC
3644,0001304492,ATEX,Anterix Inc.,Nasdaq
3645,0001305767,PHD,"Pioneer Floating Rate Fund, Inc.",NYSE
3646,0001306550,BGR,Blackrock Energy & Resources Trust,NYSE
3647,0001306830,CE,Celanese Corp,NYSE
3648,0001306965,RYDAF,Shell Plc,OTC
3649,0001306965,SHEL,Shell Plc,NYSE
3650,0001307579,LIQT,Liqtech International Inc,Nasdaq
3651,0001307748,IVT,Inventrust Properties Corp.,NYSE
3652,0001307954,HUN,Huntsman Corp,NYSE
3653,0001308027,VYST,Vystar Corp,OTC
3654,0001308106,SEAL-PA,Seapeak Llc,NYSE
3655,0001308106,SEAL-PB,Seapeak Llc,NYSE
3656,0001308208,ULH,"Universal Logistics Holdings, Inc.",Nasdaq
3657,0001308335,EOS,Eaton Vance Enhanced Equity Income Fund Ii,NYSE
3658,0001308547,DLB,"Dolby Laboratories, Inc.",NYSE
3659,0001308648,AG,First Majestic Silver Corp,NYSE
3660,0001308927,ETB,Eaton Vance Tax-Managed Buy-Write Income Fund,NYSE
3661,0001309082,CEIN,"Camber Energy, Inc.",OTC
3662,0001309108,WEX,Wex Inc.,NYSE
3663,0001309251,MALG,Microalliance Group Inc.,OTC
3664,0001309402,GPRE,Green Plains Inc.,Nasdaq
3665,0001310488,BFNH,"Bioforce Nanosciences Holdings, Inc.",OTC
3666,0001310630,CFOO,China Foods Holdings Ltd.,OTC
3667,0001311370,LAZ,"Lazard, Inc.",NYSE
3668,0001311673,YTFD,"Yale Transaction Finders, Inc.",OTC
3669,0001313310,GRVY,"Gravity Co., Ltd.",Nasdaq
3670,0001313510,GGN,"Gamco Global Gold, Natural Resources & Income Trust",NYSE
3671,0001313510,GGN-PB,"Gamco Global Gold, Natural Resources & Income Trust",NYSE
3672,0001313938,SNNC,"Sibannac, Inc.",OTC
3673,0001314052,AVXL,Anavex Life Sciences Corp.,Nasdaq
3674,0001314102,EYPT,"Eyepoint Pharmaceuticals, Inc.",Nasdaq
3675,0001314196,OLB,"Olb Group, Inc.",Nasdaq
3676,0001314727,SONO,Sonos Inc,Nasdaq
3677,0001314966,BME,Blackrock Health Sciences Trust,NYSE
3678,0001315098,RBLX,Roblox Corp,NYSE
3679,0001315257,KOP,Koppers Holdings Inc.,NYSE
3680,0001315399,PKBK,"Parke Bancorp, Inc.",Nasdaq
3681,0001316463,GLQ,Clough Global Equity Fund,NYSE
3682,0001316835,BLDR,"Builders Firstsource, Inc.",NYSE
3683,0001317880,PLPL,"Plandai Biotechnology, Inc.",OTC
3684,0001317945,OFLX,"Omega Flex, Inc.",Nasdaq
3685,0001318008,ZUMZ,Zumiez Inc,Nasdaq
3686,0001318025,PGP,Pimco Global Stocksplus & Income Fund,NYSE
3687,0001318220,WCN,"Waste Connections, Inc.",NYSE
3688,0001318482,KDOZF,Kidoz Inc.,OTC
3689,0001318484,CTRN,Citi Trends Inc,Nasdaq
3690,0001318568,EVRI,Everi Holdings Inc.,NYSE
3691,0001318605,TSLA,"Tesla, Inc.",Nasdaq
3692,0001318885,DSX,Diana Shipping Inc.,NYSE
3693,0001318885,DSX-PB,Diana Shipping Inc.,NYSE
3694,0001318885,DSX-WT,Diana Shipping Inc.,NYSE
3695,0001319150,PBMLF,Pacific Booker Minerals Inc.,OTC
3696,0001319161,WMG,Warner Music Group Corp.,Nasdaq
3697,0001319183,FMY,First Trust Mortgage Income Fund,NYSE
3698,0001319643,FTSP,"Fintrade Sherpa, Inc.",OTC
3699,0001319947,DBI,Designer Brands Inc.,NYSE
3700,0001320350,LNSR,"Lensar, Inc.",Nasdaq
3701,0001320375,BOE,Blackrock Enhanced Global Dividend Trust,NYSE
3702,0001320414,SEM,Select Medical Holdings Corp,NYSE
3703,0001320461,CPS,Cooper-Standard Holdings Inc.,NYSE
3704,0001320695,THS,"Treehouse Foods, Inc.",NYSE
3705,0001320760,TSSI,"Tss, Inc.",Nasdaq
3706,0001320854,RAIL,"Freightcar America, Inc.",Nasdaq
3707,0001321517,SRNW,Stratos Renewables Corp,OTC
3708,0001321655,PLTR,Palantir Technologies Inc.,Nasdaq
3709,0001321732,PEN,Penumbra Inc,NYSE
3710,0001321741,GAIN,Gladstone Investment Corporationde,Nasdaq
3711,0001321741,GAINI,Gladstone Investment Corporationde,Nasdaq
3712,0001321741,GAINL,Gladstone Investment Corporationde,Nasdaq
3713,0001321741,GAINN,Gladstone Investment Corporationde,Nasdaq
3714,0001321741,GAINZ,Gladstone Investment Corporationde,Nasdaq
3715,0001321828,DCLT,Data Call Technologies,OTC
3716,0001321834,TNFA,"Tnf Pharmaceuticals, Inc.",Nasdaq
3717,0001321851,SEED,Origin Agritech Ltd,Nasdaq
3718,0001322422,HBM,Hudbay Minerals Inc.,NYSE
3719,0001322435,ETW,Eaton Vance Tax-Managed Global Buy-Write Opportunities Fund,NYSE
3720,0001322436,ETV,Eaton Vance Tax-Managed Buy-Write Opportunities Fund,NYSE
3721,0001323404,WPM,Wheaton Precious Metals Corp.,NYSE
3722,0001323468,GLP,Global Partners Lp,NYSE
3723,0001323468,GLP-PB,Global Partners Lp,NYSE
3724,0001323885,ATRC,"Atricure, Inc.",Nasdaq
3725,0001324404,CF,"Cf Industries Holdings, Inc.",NYSE
3726,0001324424,EXPE,"Expedia Group, Inc.",Nasdaq
3727,0001324759,HGYN,Hong Yuan Holding Group,OTC
3728,0001324948,RBC,Rbc Bearings Inc,NYSE
3729,0001325618,IRMD,Iradimed Corp,Nasdaq
3730,0001325670,FRST,Primis Financial Corp.,Nasdaq
3731,0001325702,MX,Magnachip Semiconductor Corp,NYSE
3732,0001325964,LWLG,"Lightwave Logic, Inc.",Nasdaq
3733,0001326110,IBRX,"Immunitybio, Inc.",Nasdaq
3734,0001326160,DUK,Duke Energy Corp,NYSE
3735,0001326160,DUK-PA,Duke Energy Corp,NYSE
3736,0001326160,DUKB,Duke Energy Corp,NYSE
3737,0001326160,DUKH,Duke Energy Corp,Nasdaq
3738,0001326190,ALT,"Altimmune, Inc.",Nasdaq
3739,0001326200,GNK,Genco Shipping & Trading Ltd,NYSE
3740,0001326205,IGC,"Igc Pharma, Inc.",NYSE
3741,0001326380,GME,Gamestop Corp.,NYSE
3742,0001326706,NAOV,"Nanovibronix, Inc.",Nasdaq
3743,0001326732,XNCR,Xencor Inc,Nasdaq
3744,0001326801,META,"Meta Platforms, Inc.",Nasdaq
3745,0001327068,USO,"United States Oil Fund, Lp",NYSE
3746,0001327273,LYRA,"Lyra Therapeutics, Inc.",Nasdaq
3747,0001327318,TRUE,"Truecar, Inc.",Nasdaq
3748,0001327567,PANW,Palo Alto Networks Inc,Nasdaq
3749,0001327607,MYFW,First Western Financial Inc,Nasdaq
3750,0001327688,OOMA,Ooma Inc,NYSE
3751,0001327811,WDAY,"Workday, Inc.",Nasdaq
3752,0001327899,AAMTF,Armada Mercantile Ltd,OTC
3753,0001328237,DBC,Invesco Db Commodity Index Tracking Fund,NYSE
3754,0001328581,BCC,Boise Cascade Co,NYSE
3755,0001328598,FXE,Invesco Currencyshares Euro Trust,NYSE
3756,0001328792,TPCS,Techprecision Corp,Nasdaq
3757,0001328919,GASS,Stealthgas Inc.,Nasdaq
3758,0001329099,BAIDF,"Baidu, Inc.",OTC
3759,0001329099,BIDU,"Baidu, Inc.",Nasdaq
3760,0001329394,SIMO,Silicon Motion Technology Corp,Nasdaq
3761,0001329606,CETY,"Clean Energy Technologies, Inc.",Nasdaq
3762,0001330568,SLV,Ishares Silver Trust,NYSE
3763,0001331284,DHT,"Dht Holdings, Inc.",NYSE
3764,0001331421,HLLK,"Hallmark Venture Group, Inc.",OTC
3765,0001331520,HOMB,Home Bancshares Inc,NYSE
3766,0001331612,IMTH,"Innovative Medtech, Inc.",OTC
3767,0001331875,FNF,"Fidelity National Financial, Inc.",NYSE
3768,0001332174,GSG,Ishares S&P Gsci Commodity-Indexed Trust,NYSE
3769,0001332174,ISMCF,Ishares S&P Gsci Commodity-Indexed Trust,OTC
3770,0001332283,BDJ,Blackrock Enhanced Equity Dividend Trust,NYSE
3771,0001332349,BKD,Brookdale Senior Living Inc.,NYSE
3772,0001332551,ACR,Acres Commercial Realty Corp.,NYSE
3773,0001332551,ACR-PC,Acres Commercial Realty Corp.,NYSE
3774,0001332551,ACR-PD,Acres Commercial Realty Corp.,NYSE
3775,0001332943,IGA,Voya Global Advantage & Premium Opportunity Fund,NYSE
3776,0001333141,FMCQF,Fresenius Medical Care Ag,OTC
3777,0001333141,FMS,Fresenius Medical Care Ag,NYSE
3778,0001333172,NMPGY,Navios Maritime Holdings Inc.,OTC
3779,0001333172,NMPRY,Navios Maritime Holdings Inc.,OTC
3780,0001333274,MERC,Mercer International Inc.,Nasdaq
3781,0001333493,EHTH,"Ehealth, Inc.",Nasdaq
3782,0001333822,LEDS,Semileds Corp,Nasdaq
3783,0001333986,EQH,"Equitable Holdings, Inc.",NYSE
3784,0001333986,EQH-PA,"Equitable Holdings, Inc.",NYSE
3785,0001333986,EQH-PC,"Equitable Holdings, Inc.",NYSE
3786,0001334036,CROX,"Crocs, Inc.",Nasdaq
3787,0001334325,CODA,"Coda Octopus Group, Inc.",Nasdaq
3788,0001334388,OBE,Obsidian Energy Ltd.,NYSE
3789,0001334687,CJPRF,Central Japan Railway Co,OTC
3790,0001334687,CJPRY,Central Japan Railway Co,OTC
3791,0001334933,UEC,Uranium Energy Corp,NYSE
3792,0001334978,CCO,"Clear Channel Outdoor Holdings, Inc.",NYSE
3793,0001335105,LIXT,"Lixte Biotechnology Holdings, Inc.",Nasdaq
3794,0001335105,LIXTW,"Lixte Biotechnology Holdings, Inc.",Nasdaq
3795,0001335258,LYV,"Live Nation Entertainment, Inc.",NYSE
3796,0001335288,REOS,Reostar Energy Corp,OTC
3797,0001335730,MFG,Mizuho Financial Group Inc,NYSE
3798,0001335730,MZHOF,Mizuho Financial Group Inc,OTC
3799,0001336364,GIGGF,Giga Metals Corp,OTC
3800,0001336706,NPB,Northpointe Bancshares Inc,NYSE
3801,0001336917,UA,"Under Armour, Inc.",NYSE
3802,0001336917,UAA,"Under Armour, Inc.",NYSE
3803,0001336920,LDOS,"Leidos Holdings, Inc.",NYSE
3804,0001337013,INFU,"Infusystem Holdings, Inc",NYSE
3805,0001337068,MGYR,"Magyar Bancorp, Inc.",Nasdaq
3806,0001337090,SPAUF,Spanish Mountain Gold Ltd.,OTC
3807,0001337117,ITRN,Ituran Location & Control Ltd.,Nasdaq
3808,0001337298,FF,Futurefuel Corp.,NYSE
3809,0001338474,RDWQS,Ridgewood Energy Q Fund Llc,OTC
3810,0001338561,SPXX,Nuveen S&P 500 Dynamic Overwrite Fund,NYSE
3811,0001338749,PCH,Potlatchdeltic Corp,Nasdaq
3812,0001338929,AHRO,"Authentic Holdings, Inc.",OTC
3813,0001338940,PERI,Perion Network Ltd.,Nasdaq
3814,0001339005,FEMY,Femasys Inc,Nasdaq
3815,0001339605,HEES,"H&E Equipment Services, Inc.",Nasdaq
3816,0001339688,LCGMF,Lion Copper & Gold Corp.,OTC
3817,0001339970,ATYR,Atyr Pharma Inc,Nasdaq
3818,0001340476,DESLF,Dirtt Environmental Solutions Ltd,OTC
3819,0001340476,DRTTF,Dirtt Environmental Solutions Ltd,OTC
3820,0001340677,SVM,Silvercorp Metals Inc,NYSE
3821,0001340736,ETY,Eaton Vance Tax-Managed Diversified Equity Income Fund,NYSE
3822,0001340909,GJO,"Strats Sm Trust For Wal-Mart Stores, Inc. Securities, Series 2005-4",NYSE
3823,0001341170,ESEA,Euroseas Ltd.,Nasdaq
3824,0001341235,ALDX,"Aldeyra Therapeutics, Inc.",Nasdaq
3825,0001341317,BWB,Bridgewater Bancshares Inc,Nasdaq
3826,0001341317,BWBBP,Bridgewater Bancshares Inc,Nasdaq
3827,0001341318,LSBK,"Lake Shore Bancorp, Inc.",Nasdaq
3828,0001341335,FSM,Fortuna Mining Corp.,NYSE
3829,0001341439,ORCL,Oracle Corp,NYSE
3830,0001341766,CELH,"Celsius Holdings, Inc.",Nasdaq
3831,0001342338,HIMX,"Himax Technologies, Inc.",Nasdaq
3832,0001342423,LMNR,Limoneira Co,Nasdaq
3833,0001342874,TX,Ternium S.A.,NYSE
3834,0001342916,HNOI,"Hno International, Inc.",OTC
3835,0001342958,DGLY,"Digital Ally, Inc.",Nasdaq
3836,0001343009,CNBX,Cnbx Pharmaceuticals Inc.,OTC
3837,0001343465,SNPW,Sun Pacific Holding Corp.,OTC
3838,0001343491,GJP,"Strats(Sm) Trust For Dominion Resources, Inc. Securities, Series 2005-6",NYSE
3839,0001343793,BTA,Blackrock Long-Term Municipal Advantage Trust,NYSE
3840,0001345016,YELP,Yelp Inc,NYSE
3841,0001345099,MEOBF,Mesoblast Ltd,OTC
3842,0001345099,MESO,Mesoblast Ltd,Nasdaq
3843,0001345105,CPA,"Copa Holdings, S.A.",NYSE
3844,0001345126,CODI,Compass Diversified Holdings,NYSE
3845,0001345126,CODI-PA,Compass Diversified Holdings,NYSE
3846,0001345126,CODI-PB,Compass Diversified Holdings,NYSE
3847,0001345126,CODI-PC,Compass Diversified Holdings,NYSE
3848,0001345865,NFTM,Buildablock Corp.,OTC
3849,0001346022,ENRT,Enertopia Corp.,OTC
3850,0001346287,CLUS,Cluster Group Holdings Ltd Co,OTC
3851,0001346346,CMOT,"Curtiss Motorcycle Company, Inc.",OTC
3852,0001346610,SOS,Sos Ltd,NYSE
3853,0001346655,CMGO,"Cmg Holdings Group, Inc.",OTC
3854,0001346830,CARA,"Tvardi Therapeutics, Inc.",Nasdaq
3855,0001346830,TVRD,"Tvardi Therapeutics, Inc.",Nasdaq
3856,0001346917,GNTOF,Gentor Resources Inc.,OTC
3857,0001347123,EBRCZ,"Ebr Systems, Inc.",OTC
3858,0001347178,VNDA,Vanda Pharmaceuticals Inc.,Nasdaq
3859,0001347242,LIPO,Lipella Pharmaceuticals Inc.,Nasdaq
3860,0001347426,BMA,Macro Bank Inc.,NYSE
3861,0001347557,GPAEF,Pacific Airport Group,OTC
3862,0001347557,PAC,Pacific Airport Group,NYSE
3863,0001347858,XXII,"22Nd Century Group, Inc.",Nasdaq
3864,0001348362,LEXX,Lexaria Bioscience Corp.,Nasdaq
3865,0001348362,LEXXW,Lexaria Bioscience Corp.,Nasdaq
3866,0001348911,KALV,"Kalvista Pharmaceuticals, Inc.",Nasdaq
3867,0001348952,ELC,"Entergy Louisiana, Llc",NYSE
3868,0001349436,SD,Sandridge Energy Inc,NYSE
3869,0001349706,TOGI,"Turnongreen, Inc.",OTC
3870,0001349706,TOGIW,"Turnongreen, Inc.",OTC
3871,0001350102,ASTI,"Ascent Solar Technologies, Inc.",Nasdaq
3872,0001350156,PAXH,Preaxia Health Care Payment Systems Inc.,OTC
3873,0001350593,MWA,"Mueller Water Products, Inc.",NYSE
3874,0001350653,ATEC,"Alphatec Holdings, Inc.",Nasdaq
3875,0001350869,GLO,Clough Global Opportunities Fund,NYSE
3876,0001351636,SSTI,"Soundthinking, Inc.",Nasdaq
3877,0001352010,EPAM,"Epam Systems, Inc.",NYSE
3878,0001352952,CNFN,Cfn Enterprises Inc.,OTC
3879,0001353226,GJR,"Strats(Sm) Trust For Procter & Gamble Securities, Series 2006-1",NYSE
3880,0001353611,FXB,Invesco Currencyshares British Pound Sterling Trust,NYSE
3881,0001353612,FXC,Invesco Currencyshares Canadian Dollar Trust,NYSE
3882,0001353613,FXY,Invesco Currencyshares Japanese Yen Trust,NYSE
3883,0001353614,FXA,Invesco Currencyshares Australian Dollar Trust,NYSE
3884,0001353615,FXF,Invesco Currencyshares Swiss Franc Trust,NYSE
3885,0001354866,BYRN,Byrna Technologies Inc.,Nasdaq
3886,0001355096,QVCGA,"Qvc Group, Inc.",Nasdaq
3887,0001355096,QVCGB,"Qvc Group, Inc.",Nasdaq
3888,0001355096,QVCGP,"Qvc Group, Inc.",Nasdaq
3889,0001355444,ERJ,Embraer S.A.,NYSE
3890,0001355736,AVCRF,Avricore Health Inc.,OTC
3891,0001355790,ISCO,International Stem Cell Corp,OTC
3892,0001355839,IPM,Intelligent Protection Management Corp.,Nasdaq
3893,0001355848,TOON,"Kartoon Studios, Inc.",NYSE
3894,0001356090,PGEN,"Precigen, Inc.",Nasdaq
3895,0001356093,CREX,"Creative Realities, Inc.",Nasdaq
3896,0001356115,NXDT,Nexpoint Diversified Real Estate Trust,NYSE
3897,0001356115,NXDT-PA,Nexpoint Diversified Real Estate Trust,NYSE
3898,0001356284,GJS,"Strats(Sm) Trust For Goldman Sachs Group Securities, Series 2006-2",NYSE
3899,0001356570,WNS,Wns (Holdings) Ltd,NYSE
3900,0001356576,SUPN,"Supernus Pharmaceuticals, Inc.",Nasdaq
3901,0001356914,ECPL,Ecoplus Inc,OTC
3902,0001357459,PALI,"Palisade Bio, Inc.",Nasdaq
3903,0001357615,KBR,"Kbr, Inc.",NYSE
3904,0001357660,GJT,"Strats(Sm) Trust For Allstate Corp Securities, Series 2006-3",NYSE
3905,0001357671,CRTD,"Creatd, Inc.",OTC
3906,0001357671,CRTDW,"Creatd, Inc.",OTC
3907,0001357874,DTIL,Precision Biosciences Inc,Nasdaq
3908,0001357878,RGPX,"Regenerex Pharma, Inc.",OTC
3909,0001357971,ESOA,Energy Services Of America Corp,Nasdaq
3910,0001358099,UCIX,"Umbra Companies, Inc.",OTC
3911,0001358190,ITP,"It Tech Packaging, Inc.",NYSE
3912,0001358633,SNBH,Sentient Brands Holdings Inc.,OTC
3913,0001358654,RMESF,"Red Metal Resources, Ltd.",OTC
3914,0001359519,SVNDF,Seven & I Holdings Co Ltd,OTC
3915,0001359519,SVNDY,Seven & I Holdings Co Ltd,OTC
3916,0001359841,HBI,Hanesbrands Inc.,NYSE
3917,0001359931,TARA,"Protara Therapeutics, Inc.",Nasdaq
3918,0001360214,HROW,"Harrow, Inc.",Nasdaq
3919,0001360214,HROWL,"Harrow, Inc.",Nasdaq
3920,0001360214,HROWM,"Harrow, Inc.",Nasdaq
3921,0001360442,CBDS,"Dogecoin Cash, Inc.",OTC
3922,0001360565,WFCF,"Where Food Comes From, Inc.",Nasdaq
3923,0001360604,HR,Healthcare Realty Trust Inc,NYSE
3924,0001360901,EVR,Evercore Inc.,NYSE
3925,0001361113,VRNS,Varonis Systems Inc,Nasdaq
3926,0001361538,PRIM,Primoris Services Corp,NYSE
3927,0001361658,TNL,Travel & Leisure Co.,NYSE
3928,0001362004,ICFI,"Icf International, Inc.",Nasdaq
3929,0001362190,AEYE,Audioeye Inc,Nasdaq
3930,0001362468,ALGT,Allegiant Travel Co,Nasdaq
3931,0001362481,AGD,Abrdn Global Dynamic Dividend Fund,NYSE
3932,0001362516,CLRI,"Cleartronic, Inc.",OTC
3933,0001362898,AVLNF,Avalon Advanced Materials Inc.,OTC
3934,0001362988,AYR,Aircastle Ltd,None
3935,0001363829,ESGR,Enstar Group Ltd,Nasdaq
3936,0001363829,ESGRO,Enstar Group Ltd,Nasdaq
3937,0001363829,ESGRP,Enstar Group Ltd,Nasdaq
3938,0001364125,WRN,Western Copper & Gold Corp,NYSE
3939,0001364250,DEI,Douglas Emmett Inc,NYSE
3940,0001364479,HRI,Herc Holdings Inc,NYSE
3941,0001364885,SPR,"Spirit Aerosystems Holdings, Inc.",NYSE
3942,0001364954,CHGG,"Chegg, Inc",NYSE
3943,0001365135,WU,Western Union Co,NYSE
3944,0001365388,HSTI,"High Sierra Technologies, Inc.",OTC
3945,0001365767,ALLT,Allot Ltd.,Nasdaq
3946,0001366868,GSAT,"Globalstar, Inc.",Nasdaq
3947,0001367083,SNOA,"Sonoma Pharmaceuticals, Inc.",Nasdaq
3948,0001367644,EBS,Emergent Biosolutions Inc.,NYSE
3949,0001367859,CZWI,Citizens Community Bancorp Inc.,Nasdaq
3950,0001367993,HAFG,"Holistic Asset Finance Group Co., Ltd.",OTC
3951,0001368265,CLNE,Clean Energy Fuels Corp.,Nasdaq
3952,0001368365,MARK,"Remark Holdings, Inc.",OTC
3953,0001368458,SBH,"Sally Beauty Holdings, Inc.",NYSE
3954,0001368493,CAF,"Morgan Stanley China A Share Fund, Inc.",NYSE
3955,0001368514,ADMA,"Adma Biologics, Inc.",Nasdaq
3956,0001368519,NOA,North American Construction Group Ltd.,NYSE
3957,0001368622,AVAV,Aerovironment Inc,Nasdaq
3958,0001369085,NEWP,New Pacific Metals Corp,NYSE
3959,0001369241,DAC,Danaos Corp,NYSE
3960,0001369290,MYO,"Myomo, Inc.",NYSE
3961,0001369568,CPRX,"Catalyst Pharmaceuticals, Inc.",Nasdaq
3962,0001370053,ANAB,"Anaptysbio, Inc",Nasdaq
3963,0001370292,VSMR,Verify Smart Corp.,OTC
3964,0001370416,WPRT,Westport Fuel Systems Inc.,Nasdaq
3965,0001370418,SLFPF,Standard Life Plc,OTC
3966,0001370418,SLFPY,Standard Life Plc,OTC
3967,0001370450,WLDN,"Willdan Group, Inc.",Nasdaq
3968,0001370496,MLLOF,Medallion Resources Ltd,OTC
3969,0001370637,ETSY,Etsy Inc,Nasdaq
3970,0001370755,TCPC,Blackrock Tcp Capital Corp.,Nasdaq
3971,0001370816,FBCD,"Fbc Holding, Inc.",OTC
3972,0001370946,OC,Owens Corning,NYSE
3973,0001371128,NEWH,"Newhydrogen, Inc.",OTC
3974,0001371285,TRUP,"Trupanion, Inc.",Nasdaq
3975,0001371489,III,Information Services Group Inc.,Nasdaq
3976,0001371782,MVO,Mv Oil Trust,NYSE
3977,0001372020,GLDD,Great Lakes Dredge & Dock Corp,Nasdaq
3978,0001372114,KLYG,"Kelyniam Global, Inc.",OTC
3979,0001372299,OCGN,"Ocugen, Inc.",Nasdaq
3980,0001372514,KPHMW,Kiora Pharmaceuticals Inc,OTC
3981,0001372514,KPRX,Kiora Pharmaceuticals Inc,Nasdaq
3982,0001372612,BOX,Box Inc,NYSE
3983,0001372612,BXNCP,Box Inc,OTC
3984,0001372807,PTMN,Portman Ridge Finance Corp,Nasdaq
3985,0001372920,EDU,New Oriental Education & Technology Group Inc.,NYSE
3986,0001372920,NWOEF,New Oriental Education & Technology Group Inc.,OTC
3987,0001373670,GRBK,"Green Brick Partners, Inc.",NYSE
3988,0001373670,GRBK-PA,"Green Brick Partners, Inc.",NYSE
3989,0001373715,NOW,"Servicenow, Inc.",NYSE
3990,0001374310,CBOE,"Cboe Global Markets, Inc.",CBOE
3991,0001374328,FTLF,"Fitlife Brands, Inc.",Nasdaq
3992,0001374339,PMN,Promis Neurosciences Inc.,Nasdaq
3993,0001374567,LUVU,"Luvu Brands, Inc.",OTC
3994,0001374690,LRMR,"Larimar Therapeutics, Inc.",Nasdaq
3995,0001375205,URG,Ur-Energy Inc,NYSE
3996,0001375340,FOF,"Cohen & Steers Closed-End Opportunity Fund, Inc.",NYSE
3997,0001375348,GLNS,Golden Star Resource Corp.,OTC
3998,0001375365,SMCI,"Super Micro Computer, Inc.",Nasdaq
3999,0001375793,MLRT,"Metalert, Inc.",OTC
4000,0001375877,CSIQ,Canadian Solar Inc.,Nasdaq
4001,0001376139,CVI,Cvr Energy Inc,NYSE
4002,0001376227,UNG,"United States Natural Gas Fund, Lp",NYSE
4003,0001376231,VPRB,"Vpr Brands, Lp.",OTC
4004,0001376321,CNET,Zw Data Action Technologies Inc.,Nasdaq
4005,0001376339,MDXG,"Mimedx Group, Inc.",Nasdaq
4006,0001376793,CVAT,"Cavitation Technologies, Inc.",OTC
4007,0001376804,VNUE,"Vnue, Inc.",OTC
4008,0001376986,TVC,Tennessee Valley Authority,NYSE
4009,0001376986,TVE,Tennessee Valley Authority,NYSE
4010,0001377121,PTGX,"Protagonist Therapeutics, Inc",Nasdaq
4011,0001377149,CRVW,Careview Communications Inc,OTC
4012,0001377167,FGCO,"Financial Gravity Companies, Inc.",OTC
4013,0001377630,NCMI,"National Cinemedia, Inc.",Nasdaq
4014,0001377757,GAU,Galiano Gold Inc.,NYSE
4015,0001377789,AVNW,"Aviat Networks, Inc.",Nasdaq
4016,0001377936,SAJ,Saratoga Investment Corp.,NYSE
4017,0001377936,SAR,Saratoga Investment Corp.,NYSE
4018,0001377936,SAT,Saratoga Investment Corp.,NYSE
4019,0001377936,SAY,Saratoga Investment Corp.,NYSE
4020,0001377936,SAZ,Saratoga Investment Corp.,NYSE
4021,0001378140,OPTT,"Ocean Power Technologies, Inc.",NYSE
4022,0001378239,GAERF,Central North Airport Group,OTC
4023,0001378239,OMAB,Central North Airport Group,Nasdaq
4024,0001378580,EADSF,Airbus Se/Adr,OTC
4025,0001378580,EADSY,Airbus Se/Adr,OTC
4026,0001378590,BLIN,"Bridgeline Digital, Inc.",Nasdaq
4027,0001378701,GDL,Gdl Fund,NYSE
4028,0001378789,AER,Aercap Holdings N.V.,NYSE
4029,0001378866,GOGR,Go Green Global Technologies Corp.,OTC
4030,0001378950,PRTS,"Carparts.Com, Inc.",Nasdaq
4031,0001378992,BERY,"Berry Global Group, Inc.",NYSE
4032,0001379006,NNVC,"Nanoviricides, Inc.",NYSE
4033,0001379041,EIG,"Employers Holdings, Inc.",NYSE
4034,0001379384,BTZ,Blackrock Credit Allocation Income Trust,NYSE
4035,0001379400,AOD,Abrdn Total Dynamic Dividend Fund,NYSE
4036,0001379438,EXG,Eaton Vance Tax-Managed Global Diversified Equity Income Fund,NYSE
4037,0001379785,BBDC,"Barings Bdc, Inc.",NYSE
4038,0001380106,RPID,"Rapid Micro Biosystems, Inc.",Nasdaq
4039,0001380365,IDKOF,"Idemitsu Kosan Co., Ltd",OTC
4040,0001380365,IDKOY,"Idemitsu Kosan Co., Ltd",OTC
4041,0001380936,GOF,Guggenheim Strategic Opportunities Fund,NYSE
4042,0001381074,RTC,Baijiayun Group Ltd,Nasdaq
4043,0001381197,IBKR,"Interactive Brokers Group, Inc.",Nasdaq
4044,0001381640,MLCO,Melco Resorts & Entertainment Ltd,Nasdaq
4045,0001381668,TFSL,Tfs Financial Corp,Nasdaq
4046,0001381871,BOMO,"Bowmo, Inc.",OTC
4047,0001382101,STRO,"Sutro Biopharma, Inc.",Nasdaq
4048,0001382230,ESSA,"Essa Bancorp, Inc.",Nasdaq
4049,0001382574,SCNX,"Scienture Holdings, Inc.",Nasdaq
4050,0001382821,RDFN,Redfin Corp,Nasdaq
4051,0001383057,DBP,Invesco Db Precious Metals Fund,NYSE
4052,0001383058,DBO,Invesco Db Oil Fund,NYSE
4053,0001383062,DBE,Invesco Db Energy Fund,NYSE
4054,0001383082,DBA,Invesco Db Agriculture Fund,NYSE
4055,0001383084,DBB,Invesco Db Base Metals Fund,NYSE
4056,0001383088,CYCA,Cytta Corp.,OTC
4057,0001383149,UDN,Invesco Db Us Dollar Index Bearish Fund,NYSE
4058,0001383151,UUP,Invesco Db Us Dollar Index Bullish Fund,NYSE
4059,0001383312,BR,"Broadridge Financial Solutions, Inc.",NYSE
4060,0001383395,SQNS,Sequans Communications,NYSE
4061,0001383414,PNNT,Pennantpark Investment Corp,NYSE
4062,0001383441,NIE,Virtus Equity & Convertible Income Fund,NYSE
4063,0001383650,CQP,"Cheniere Energy Partners, L.P.",NYSE
4064,0001384101,VCYT,"Veracyte, Inc.",Nasdaq
4065,0001384195,REI,"Ring Energy, Inc.",NYSE
4066,0001384365,RDAR,"Raadr, Inc.",OTC
4067,0001384905,RNG,"Ringcentral, Inc.",NYSE
4068,0001385157,TEL,Te Connectivity Plc,NYSE
4069,0001385280,CNK,"Cinemark Holdings, Inc.",NYSE
4070,0001385613,GLRE,"Greenlight Capital Re, Ltd.",Nasdaq
4071,0001385632,IAE,Voya Asia Pacific High Dividend Equity Income Fund,NYSE
4072,0001385763,JCE,Nuveen Core Equity Alpha Fund,NYSE
4073,0001385818,AYTU,"Aytu Biopharma, Inc",Nasdaq
4074,0001385849,UUUU,Energy Fuels Inc,NYSE
4075,0001386044,FHLD,"Freedom Holdings, Inc.",OTC
4076,0001386049,BYOC,"Beyond Commerce, Inc.",OTC
4077,0001386067,EOD,Allspring Global Dividend Opportunity Fund,NYSE
4078,0001386278,GDOT,Green Dot Corp,NYSE
4079,0001386301,RSSS,"Research Solutions, Inc.",Nasdaq
4080,0001386570,NAGE,"Niagen Bioscience, Inc.",Nasdaq
4081,0001386716,SBLK,Star Bulk Carriers Corp.,Nasdaq
4082,0001387467,AOSL,Alpha & Omega Semiconductor Ltd,Nasdaq
4083,0001387473,TIGCF,Triumph Gold Corp.,OTC
4084,0001388126,HNW,"Pioneer Diversified High Income Fund, Inc.",NYSE
4085,0001388141,EDD,"Morgan Stanley Emerging Markets Domestic Debt Fund, Inc.",NYSE
4086,0001388295,ONEI,Onemeta Inc.,OTC
4087,0001388320,ATNM,"Actinium Pharmaceuticals, Inc.",NYSE
4088,0001388658,IRTC,"Irhythm Technologies, Inc.",Nasdaq
4089,0001389002,MRIN,Marin Software Inc,Nasdaq
4090,0001389050,AROC,"Archrock, Inc.",NYSE
4091,0001389170,TRGP,Targa Resources Corp.,NYSE
4092,0001389207,GFASY,Gafisa S.A.,OTC
4093,0001389207,GFSAY,Gafisa S.A.,OTC
4094,0001389545,NBY,"Novabay Pharmaceuticals, Inc.",NYSE
4095,0001390195,AWP,Abrdn Global Premier Properties Fund,NYSE
4096,0001390352,ORRCF,Oroco Resource Corp,OTC
4097,0001390478,SLS,"Sellas Life Sciences Group, Inc.",Nasdaq
4098,0001390777,BK,Bank Of New York Mellon Corp,NYSE
4099,0001390777,BK-PK,Bank Of New York Mellon Corp,NYSE
4100,0001391135,LIFD,Lftd Partners Inc.,OTC
4101,0001391426,CLNV,Clean Vision Corp,OTC
4102,0001391437,GRX,Gabelli Healthcare & Wellnessrx Trust,NYSE
4103,0001391933,QNTO,"Quaint Oak Bancorp, Inc.",OTC
4104,0001392272,CBNA,Chain Bridge Bancorp Inc,NYSE
4105,0001392326,CCEC,Capital Clean Energy Carriers Corp.,Nasdaq
4106,0001392380,GEVO,"Gevo, Inc.",Nasdaq
4107,0001392449,GPLB,Green Planet Bio Engineering Co. Ltd.,OTC
4108,0001392694,SURG,"Surgepays, Inc.",Nasdaq
4109,0001392972,PRO,"Pros Holdings, Inc.",NYSE
4110,0001392994,FGB,First Trust Specialty Finance & Financial Opportunities Fund,NYSE
4111,0001393044,MTMV,Motomova Inc,OTC
4112,0001393052,VEEV,Veeva Systems Inc,NYSE
4113,0001393299,BGY,Blackrock Enhanced International Dividend Trust,NYSE
4114,0001393311,PSA,Public Storage,NYSE
4115,0001393311,PSA-PF,Public Storage,NYSE
4116,0001393311,PSA-PG,Public Storage,NYSE
4117,0001393311,PSA-PH,Public Storage,NYSE
4118,0001393311,PSA-PI,Public Storage,NYSE
4119,0001393311,PSA-PJ,Public Storage,NYSE
4120,0001393311,PSA-PK,Public Storage,NYSE
4121,0001393311,PSA-PL,Public Storage,NYSE
4122,0001393311,PSA-PM,Public Storage,NYSE
4123,0001393311,PSA-PN,Public Storage,NYSE
4124,0001393311,PSA-PO,Public Storage,NYSE
4125,0001393311,PSA-PP,Public Storage,NYSE
4126,0001393311,PSA-PQ,Public Storage,NYSE
4127,0001393311,PSA-PR,Public Storage,NYSE
4128,0001393311,PSA-PS,Public Storage,NYSE
4129,0001393434,OCUL,"Ocular Therapeutix, Inc",Nasdaq
4130,0001393584,AMWL,American Well Corp,NYSE
4131,0001393612,DFS,Discover Financial Services,NYSE
4132,0001393726,TIPT,Tiptree Inc.,Nasdaq
4133,0001393772,BUDZ,"Weed, Inc.",OTC
4134,0001393781,QIND,Quality Industrial Corp.,OTC
4135,0001393818,BX,Blackstone Inc.,NYSE
4136,0001393883,DHX,"Dhi Group, Inc.",NYSE
4137,0001394056,OSS,"One Stop Systems, Inc.",Nasdaq
4138,0001394638,DWAY,"Driveitaway Holdings, Inc.",OTC
4139,0001394832,ATS,Ats Corp /Ats,NYSE
4140,0001395064,TAK,Takeda Pharmaceutical Co Ltd,NYSE
4141,0001395064,TKPHF,Takeda Pharmaceutical Co Ltd,OTC
4142,0001395213,EDN,Edenor,NYSE
4143,0001395325,ETJ,Eaton Vance Risk-Managed Diversified Equity Income Fund,NYSE
4144,0001395937,SNDX,Syndax Pharmaceuticals Inc,Nasdaq
4145,0001395942,KAR,"Openlane, Inc.",NYSE
4146,0001396009,VMC,Vulcan Materials Co,NYSE
4147,0001396277,CHW,Calamos Global Dynamic Income Fund,Nasdaq
4148,0001396440,MAIN,Main Street Capital Corp,NYSE
4149,0001396536,DUOT,"Duos Technologies Group, Inc.",Nasdaq
4150,0001396814,PCRX,"Pacira Biosciences, Inc.",Nasdaq
4151,0001396878,UGA,"United States Gasoline Fund, Lp",NYSE
4152,0001397016,OPXS,Optex Systems Holdings Inc,Nasdaq
4153,0001397047,FPAY,"Flexshopper, Inc.",Nasdaq
4154,0001397183,IVDA,"Iveda Solutions, Inc.",Nasdaq
4155,0001397183,IVDAW,"Iveda Solutions, Inc.",Nasdaq
4156,0001397187,LULU,Lululemon Athletica Inc.,Nasdaq
4157,0001397616,SSVFF,Southern Silver Exploration Corp,OTC
4158,0001397795,BRRN,"Byrn, Inc.",OTC
4159,0001397911,LPLA,Lpl Financial Holdings Inc.,Nasdaq
4160,0001398453,XIN,"Xinyuan Real Estate Co., Ltd.",NYSE
4161,0001398659,G,Genpact Ltd,NYSE
4162,0001398713,URZEF,Urz3 Energy Corp.,OTC
4163,0001398733,AQST,"Aquestive Therapeutics, Inc.",Nasdaq
4164,0001398805,BEEM,Beam Global,Nasdaq
4165,0001398987,HOUS,Anywhere Real Estate Inc.,NYSE
4166,0001399520,STKS,"One Group Hospitality, Inc.",Nasdaq
4167,0001400118,SGMT,Sagimet Biosciences Inc.,Nasdaq
4168,0001400271,CUBT,Curative Biotechnology Inc,OTC
4169,0001400438,LGO,Largo Inc.,Nasdaq
4170,0001400691,HDLMY,Heidelbergcement Ag,OTC
4171,0001400691,HLBZF,Heidelbergcement Ag,OTC
4172,0001400810,HCI,"Hci Group, Inc.",NYSE
4173,0001400810,HCIIP,"Hci Group, Inc.",OTC
4174,0001400891,IHETW,"Iheartmedia, Inc.",OTC
4175,0001400891,IHRT,"Iheartmedia, Inc.",Nasdaq
4176,0001400891,IHRTB,"Iheartmedia, Inc.",OTC
4177,0001400897,SRV,Nxg Cushing Midstream Energy Fund,NYSE
4178,0001401040,DMAC,Diamedica Therapeutics Inc.,Nasdaq
4179,0001401257,FET,"Forum Energy Technologies, Inc.",NYSE
4180,0001401521,ACIC,American Coastal Insurance Corp,Nasdaq
4181,0001401564,FFNW,"First Financial Northwest, Inc.",Nasdaq
4182,0001401667,PBYI,"Puma Biotechnology, Inc.",Nasdaq
4183,0001401835,SRGZ,Star Gold Corp.,OTC
4184,0001401914,DARE,"Dare Bioscience, Inc.",Nasdaq
4185,0001402057,CDW,Cdw Corp,Nasdaq
4186,0001402328,SBFM,Sunshine Biopharma Inc.,Nasdaq
4187,0001402328,SBFMW,Sunshine Biopharma Inc.,Nasdaq
4188,0001402371,ELRA,"Elray Resources, Inc.",OTC
4189,0001402388,WFG,"West Fraser Timber Co., Ltd",NYSE
4190,0001402436,SSNC,Ss&C Technologies Holdings Inc,Nasdaq
4191,0001402829,ORN,Orion Group Holdings Inc,NYSE
4192,0001403161,V,Visa Inc.,NYSE
4193,0001403475,BMRC,Bank Of Marin Bancorp,Nasdaq
4194,0001403528,OAK-PA,"Brookfield Oaktree Holdings, Llc",NYSE
4195,0001403528,OAK-PB,"Brookfield Oaktree Holdings, Llc",NYSE
4196,0001403568,ULTA,"Ulta Beauty, Inc.",Nasdaq
4197,0001403708,EVOK,Evoke Pharma Inc,Nasdaq
4198,0001403870,GARWF,Golden Arrow Resources Corp,OTC
4199,0001404281,ELDN,"Eledon Pharmaceuticals, Inc.",Nasdaq
4200,0001404593,MDCE,Medical Care Technologies Inc.,OTC
4201,0001404644,NGNE,Neurogene Inc.,Nasdaq
4202,0001404655,HUBS,Hubspot Inc,NYSE
4203,0001404804,OMTK,Omnitek Engineering Corp,OTC
4204,0001404912,KKR,Kkr & Co. Inc.,NYSE
4205,0001404912,KKR-PD,Kkr & Co. Inc.,NYSE
4206,0001404912,KKRS,Kkr & Co. Inc.,NYSE
4207,0001405495,IDCC,"Interdigital, Inc.",Nasdaq
4208,0001405513,UNL,"United States 12 Month Natural Gas Fund, Lp",NYSE
4209,0001405528,USL,"United States 12 Month Oil Fund, Lp",NYSE
4210,0001406234,BIP,Brookfield Infrastructure Partners L.P.,NYSE
4211,0001406234,BIP-PA,Brookfield Infrastructure Partners L.P.,NYSE
4212,0001406234,BIP-PB,Brookfield Infrastructure Partners L.P.,NYSE
4213,0001406234,BIPH,Brookfield Infrastructure Partners L.P.,NYSE
4214,0001406234,BIPI,Brookfield Infrastructure Partners L.P.,NYSE
4215,0001406234,BIPJ,Brookfield Infrastructure Partners L.P.,NYSE
4216,0001406234,BRIPF,Brookfield Infrastructure Partners L.P.,OTC
4217,0001406587,FOR,Forestar Group Inc.,NYSE
4218,0001406666,CALX,"Calix, Inc",NYSE
4219,0001406944,TRBMF,Torq Resources Inc.,OTC
4220,0001407583,BHLL,Bunker Hill Mining Corp.,OTC
4221,0001407704,BOTY,"Lingerie Fighting Championships, Inc.",OTC
4222,0001407973,SONX,"Sonendo, Inc.",OTC
4223,0001408075,GPK,Graphic Packaging Holding Co,NYSE
4224,0001408100,KW,"Kennedy-Wilson Holdings, Inc.",NYSE
4225,0001408146,SCYYF,Scandium International Mining Corp.,OTC
4226,0001408198,MSCI,Msci Inc.,NYSE
4227,0001408443,MIST,Milestone Pharmaceuticals Inc.,Nasdaq
4228,0001408534,FGBI,"First Guaranty Bancshares, Inc.",Nasdaq
4229,0001408534,FGBIP,"First Guaranty Bancshares, Inc.",Nasdaq
4230,0001408710,FN,Fabrinet,NYSE
4231,0001409036,TARSF,Silver North Resources Ltd.,OTC
4232,0001409171,TITN,Titan Machinery Inc.,Nasdaq
4233,0001409197,BSPK,"Bespoke Extracts, Inc.",OTC
4234,0001409269,VERO,Venus Concept Inc.,Nasdaq
4235,0001409375,OESX,"Orion Energy Systems, Inc.",Nasdaq
4236,0001409493,CIM,Chimera Investment Corp,NYSE
4237,0001409493,CIM-PA,Chimera Investment Corp,NYSE
4238,0001409493,CIM-PB,Chimera Investment Corp,NYSE
4239,0001409493,CIM-PC,Chimera Investment Corp,NYSE
4240,0001409493,CIM-PD,Chimera Investment Corp,NYSE
4241,0001409493,CIMN,Chimera Investment Corp,NYSE
4242,0001409493,CIMO,Chimera Investment Corp,NYSE
4243,0001409970,LC,Lendingclub Corp,NYSE
4244,0001410098,CRMD,Cormedix Inc.,Nasdaq
4245,0001410172,RBCN,"Rubicon Technology, Inc.",OTC
4246,0001410384,QTWO,"Q2 Holdings, Inc.",NYSE
4247,0001410428,XWEL,"Xwell, Inc.",Nasdaq
4248,0001410636,AWK,"American Water Works Company, Inc.",NYSE
4249,0001410708,NUVI,Emo Capital Corp.,OTC
4250,0001410738,VPLM,Voip-Pal.Com Inc,OTC
4251,0001411057,CBIH,"Cannabis Bioscience International Holdings, Inc.",OTC
4252,0001411207,ALSN,Allison Transmission Holdings Inc,NYSE
4253,0001411342,EFC,Ellington Financial Inc.,NYSE
4254,0001411342,EFC-PA,Ellington Financial Inc.,NYSE
4255,0001411342,EFC-PB,Ellington Financial Inc.,NYSE
4256,0001411342,EFC-PC,Ellington Financial Inc.,NYSE
4257,0001411342,EFC-PD,Ellington Financial Inc.,NYSE
4258,0001411579,AMC,"Amc Entertainment Holdings, Inc.",NYSE
4259,0001411685,VTGN,"Vistagen Therapeutics, Inc.",Nasdaq
4260,0001411690,BNGO,"Bionano Genomics, Inc.",Nasdaq
4261,0001412095,TROO,"Troops, Inc. /Cayman Islands/",Nasdaq
4262,0001412100,MHLA,"Maiden Holdings, Ltd.",NYSE
4263,0001412100,MHLD,"Maiden Holdings, Ltd.",Nasdaq
4264,0001412100,MHNC,"Maiden Holdings, Ltd.",NYSE
4265,0001412126,RMSL,Remsleep Holdings Inc.,OTC
4266,0001412408,PHR,"Phreesia, Inc.",NYSE
4267,0001412486,COCP,"Cocrystal Pharma, Inc.",Nasdaq
4268,0001412558,EVO,Evotec Se,Nasdaq
4269,0001412558,EVOTF,Evotec Se,OTC
4270,0001412665,MOFG,"Midwestone Financial Group, Inc.",Nasdaq
4271,0001413119,KBLB,"Kraig Biocraft Laboratories, Inc",OTC
4272,0001413329,PM,Philip Morris International Inc.,NYSE
4273,0001413447,NXPI,Nxp Semiconductors N.V.,Nasdaq
4274,0001413488,CBGL,"Cannabis Global, Inc.",OTC
4275,0001413745,ANTE,Airnet Technology Inc.,Nasdaq
4276,0001413837,FFWM,First Foundation Inc.,NYSE
4277,0001413855,AIFU,Aifu Inc.,Nasdaq
4278,0001413891,HWNI,"High Wire Networks, Inc.",OTC
4279,0001413898,DALN,Dallasnews Corp,Nasdaq
4280,0001414382,CLEV,Concrete Leveling Systems Inc,OTC
4281,0001414767,NCPL,Netcapital Inc.,Nasdaq
4282,0001414767,NCPLW,Netcapital Inc.,Nasdaq
4283,0001414932,OCSL,Oaktree Specialty Lending Corp,Nasdaq
4284,0001414953,MOJO,Equator Beverage Co,OTC
4285,0001415311,AGQ,Proshares Trust Ii,NYSE
4286,0001415311,BOIL,Proshares Trust Ii,NYSE
4287,0001415311,EUO,Proshares Trust Ii,NYSE
4288,0001415311,GLL,Proshares Trust Ii,NYSE
4289,0001415311,KOLD,Proshares Trust Ii,NYSE
4290,0001415311,SCO,Proshares Trust Ii,NYSE
4291,0001415311,SVXY,Proshares Trust Ii,CBOE
4292,0001415311,UCO,Proshares Trust Ii,NYSE
4293,0001415311,UGL,Proshares Trust Ii,NYSE
4294,0001415311,ULE,Proshares Trust Ii,NYSE
4295,0001415311,UVXY,Proshares Trust Ii,CBOE
4296,0001415311,VIXM,Proshares Trust Ii,CBOE
4297,0001415311,VIXY,Proshares Trust Ii,CBOE
4298,0001415311,YCL,Proshares Trust Ii,NYSE
4299,0001415311,YCS,Proshares Trust Ii,NYSE
4300,0001415311,ZSL,Proshares Trust Ii,NYSE
4301,0001415332,LTUM,Lithium Corp,OTC
4302,0001415397,RAPH,Raphael Pharmaceutical Inc.,OTC
4303,0001415404,SATS,Echostar Corp,Nasdaq
4304,0001415744,NMEX,Northern Minerals & Exploration Ltd.,OTC
4305,0001415758,NVSGF,Nevada Sunrise Metals Corp.,OTC
4306,0001415921,NMM,Navios Maritime Partners L.P.,NYSE
4307,0001416090,BSAI,Blusky Ai Inc.,OTC
4308,0001416697,BLPG,"Blue Line Protection Group, Inc.",OTC
4309,0001416876,FCHS,"First Choice Healthcare Solutions, Inc.",OTC
4310,0001417398,HI,"Hillenbrand, Inc.",NYSE
4311,0001417663,SNWV,"Sanuwave Health, Inc.",Nasdaq
4312,0001417664,VEII,"Value Exchange International, Inc.",OTC
4313,0001417802,IDE,"Voya Infrastructure, Industrials & Materials Fund",NYSE
4314,0001417892,SOL,Emeren Group Ltd,NYSE
4315,0001417926,NAYA,"Invo Fertility, Inc.",Nasdaq
4316,0001418076,SLRC,Slr Investment Corp.,Nasdaq
4317,0001418121,APLE,"Apple Hospitality Reit, Inc.",NYSE
4318,0001418135,KDP,Keurig Dr Pepper Inc.,Nasdaq
4319,0001418149,HLRTF,Hillcrest Energy Technologies Ltd.,OTC
4320,0001418489,GNRV,Grand River Commerce Inc,OTC
4321,0001418819,IRDM,Iridium Communications Inc.,Nasdaq
4322,0001419041,FBRX,"Forte Biosciences, Inc.",Nasdaq
4323,0001419051,TSOI,"Therapeutic Solutions International, Inc.",OTC
4324,0001419275,RVYL,Ryvyl Inc.,Nasdaq
4325,0001419536,CBNK,Capital Bancorp Inc,Nasdaq
4326,0001419554,BBLG,Bone Biologics Corp,Nasdaq
4327,0001419554,BBLGW,Bone Biologics Corp,Nasdaq
4328,0001419559,CAMG,"Cam Group, Inc.",OTC
4329,0001419612,SEDG,"Solaredge Technologies, Inc.",Nasdaq
4330,0001419793,OCLN,"Originclear, Inc.",OTC
4331,0001419806,REEMF,Rare Element Resources Ltd,OTC
4332,0001419945,TNK,Teekay Tankers Ltd.,NYSE
4333,0001419951,DTST,Data Storage Corp,Nasdaq
4334,0001419951,DTSTW,Data Storage Corp,Nasdaq
4335,0001420108,GLUC,"Glucose Health, Inc.",OTC
4336,0001420520,ATOM,Atomera Inc,Nasdaq
4337,0001420529,AACG,Ata Creativity Global,Nasdaq
4338,0001420565,RNTX,"Rein Therapeutics, Inc.",Nasdaq
4339,0001420720,IBIO,"Ibio, Inc.",Nasdaq
4340,0001420800,ENOV,Enovis Corp,NYSE
4341,0001421461,IPI,"Intrepid Potash, Inc.",NYSE
4342,0001421517,ERII,"Energy Recovery, Inc.",Nasdaq
4343,0001421636,CBNT,"C-Bond Systems, Inc",OTC
4344,0001421642,MSCLF,Satellos Bioscience Inc.,OTC
4345,0001421876,GLPG,Galapagos Nv,Nasdaq
4346,0001421876,GLPGF,Galapagos Nv,OTC
4347,0001421981,PTOP,Peer To Peer Network,OTC
4348,0001422142,WHWK,"Whitehawk Therapeutics, Inc.",Nasdaq
4349,0001422143,KURA,"Kura Oncology, Inc.",Nasdaq
4350,0001422183,FSK,Fs Kkr Capital Corp,NYSE
4351,0001422892,SGLY,Singularity Future Technology Ltd.,Nasdaq
4352,0001422930,PUBM,"Pubmatic, Inc.",Nasdaq
4353,0001423221,NX,Quanex Building Products Corp,NYSE
4354,0001423689,AGNC,Agnc Investment Corp.,Nasdaq
4355,0001423689,AGNCL,Agnc Investment Corp.,Nasdaq
4356,0001423689,AGNCM,Agnc Investment Corp.,Nasdaq
4357,0001423689,AGNCN,Agnc Investment Corp.,Nasdaq
4358,0001423689,AGNCO,Agnc Investment Corp.,Nasdaq
4359,0001423689,AGNCP,Agnc Investment Corp.,Nasdaq
4360,0001423869,PCB,Pcb Bancorp,Nasdaq
4361,0001423902,WES,"Western Midstream Partners, Lp",NYSE
4362,0001424182,BNL,"Broadstone Net Lease, Inc.",NYSE
4363,0001424404,WOLV,Wolverine Resources Corp.,OTC
4364,0001424768,VYCO,Vycor Medical Inc,OTC
4365,0001424864,RYES,Rise Gold Corp.,OTC
4366,0001424929,FOXF,Fox Factory Holding Corp,Nasdaq
4367,0001425205,IOVA,"Iovance Biotherapeutics, Inc.",Nasdaq
4368,0001425287,WKHS,Workhorse Group Inc.,Nasdaq
4369,0001425292,UAN,"Cvr Partners, Lp",NYSE
4370,0001425355,MCVT,"Mill City Ventures Iii, Ltd",Nasdaq
4371,0001425450,KIDS,Orthopediatrics Corp,Nasdaq
4372,0001425627,SOBR,"Sobr Safe, Inc.",Nasdaq
4373,0001426800,ASMB,"Assembly Biosciences, Inc.",Nasdaq
4374,0001427437,ETI-P,"Entergy Texas, Inc.",NYSE
4375,0001427570,RSLS,Reshape Lifesciences Inc.,Nasdaq
4376,0001427644,SLDC,"Telco Cuba, Inc.",OTC
4377,0001427925,TLPH,"Talphera, Inc.",Nasdaq
4378,0001428205,ARR,"Armour Residential Reit, Inc.",NYSE
4379,0001428205,ARR-PC,"Armour Residential Reit, Inc.",NYSE
4380,0001428336,HQY,"Healthequity, Inc.",Nasdaq
4381,0001428439,ROKU,"Roku, Inc",Nasdaq
4382,0001429260,FBIO,"Fortress Biotech, Inc.",Nasdaq
4383,0001429260,FBIOP,"Fortress Biotech, Inc.",Nasdaq
4384,0001429560,TRVN,Trevena Inc,OTC
4385,0001429764,BLNK,Blink Charging Co.,Nasdaq
4386,0001429937,BTG,B2Gold Corp,NYSE
4387,0001430162,CSAN,Cosan S.A.,NYSE
4388,0001430300,GWSO,"Global Warming Solutions, Inc.",OTC
4389,0001430306,TNXP,Tonix Pharmaceuticals Holding Corp.,Nasdaq
4390,0001430723,SFBS,"Servisfirst Bancshares, Inc.",NYSE
4391,0001430725,GSL,"Global Ship Lease, Inc.",NYSE
4392,0001430725,GSL-PB,"Global Ship Lease, Inc.",NYSE
4393,0001431074,BRGO,"Bergio International, Inc.",OTC
4394,0001431567,OVLY,Oak Valley Bancorp,Nasdaq
4395,0001431695,OLO,Olo Inc.,NYSE
4396,0001431852,ODV,Osisko Development Corp.,NYSE
4397,0001431852,ODVWZ,Osisko Development Corp.,Nasdaq
4398,0001432133,KLTR,Kaltura Inc,Nasdaq
4399,0001432364,AZUL,Azul Sa,NYSE
4400,0001433195,APPF,Appfolio Inc,Nasdaq
4401,0001433270,AR,Antero Resources Corp,NYSE
4402,0001433309,PLTYF,"Plastec Technologies, Ltd.",OTC
4403,0001433551,SGLA,Sino Green Land Corp.,OTC
4404,0001433607,NSPR,"Inspiremd, Inc.",Nasdaq
4405,0001433642,HLNE,Hamilton Lane Inc,Nasdaq
4406,0001433660,JBTM,Jbt Marel Corp,NYSE
4407,0001434265,GMAB,Genmab A/S,Nasdaq
4408,0001434265,GNMSF,Genmab A/S,OTC
4409,0001434316,FATE,Fate Therapeutics Inc,Nasdaq
4410,0001434524,CLIR,Clearsign Technologies Corp,Nasdaq
4411,0001434588,LOPE,"Grand Canyon Education, Inc.",Nasdaq
4412,0001434601,TMGI,"Marquie Group, Inc.",OTC
4413,0001434614,SAND,Sandstorm Gold Ltd,NYSE
4414,0001434621,TREE,"Lendingtree, Inc.",Nasdaq
4415,0001434647,ZVRA,"Zevra Therapeutics, Inc.",Nasdaq
4416,0001434728,GWRS,"Global Water Resources, Inc.",Nasdaq
4417,0001434737,SRSG,"Spirits Time International, Inc.",OTC
4418,0001434740,RNGC,Ranger Gold Corp.,OTC
4419,0001434754,SB,"Safe Bulkers, Inc.",NYSE
4420,0001434754,SB-PC,"Safe Bulkers, Inc.",NYSE
4421,0001434754,SB-PD,"Safe Bulkers, Inc.",NYSE
4422,0001434868,ESPR,"Esperion Therapeutics, Inc.",Nasdaq
4423,0001435064,CETX,Cemtrex Inc,Nasdaq
4424,0001435064,CETXP,Cemtrex Inc,OTC
4425,0001435181,PHBI,Pharmagreen Biotech Inc.,OTC
4426,0001435508,FSFG,"First Savings Financial Group, Inc.",Nasdaq
4427,0001435617,PWDY,"Powerdyne International, Inc.",OTC
4428,0001436126,MG,"Mistras Group, Inc.",NYSE
4429,0001436208,LEGH,Legacy Housing Corp,Nasdaq
4430,0001436229,BTCS,Btcs Inc.,Nasdaq
4431,0001436425,HBCP,"Home Bancorp, Inc.",Nasdaq
4432,0001436778,SAXPF,Sampo Oyj,OTC
4433,0001436778,SAXPY,Sampo Oyj,OTC
4434,0001436786,OUKPF,Outotec Oyj,OTC
4435,0001436786,OUKPY,Outotec Oyj,OTC
4436,0001437071,IVR,Invesco Mortgage Capital Inc.,NYSE
4437,0001437071,IVR-PC,Invesco Mortgage Capital Inc.,NYSE
4438,0001437107,WBD,"Warner Bros. Discovery, Inc.",Nasdaq
4439,0001437153,CUYTF,Colruyt Sa,OTC
4440,0001437153,CUYTY,Colruyt Sa,OTC
4441,0001437226,MHH,"Mastech Digital, Inc.",NYSE
4442,0001437283,RPMT,"Rego Payment Architectures, Inc.",OTC
4443,0001437402,ARDX,"Ardelyx, Inc.",Nasdaq
4444,0001437424,POET,Poet Technologies Inc.,Nasdaq
4445,0001437470,MYTHF,Mytilineos Holdings S.A.,OTC
4446,0001437470,MYTHY,Mytilineos Holdings S.A.,OTC
4447,0001437479,ENBP,Enb Financial Corp,OTC
4448,0001437517,CLOQ,"Cyberloq Technologies, Inc.",OTC
4449,0001437578,BFAM,Bright Horizons Family Solutions Inc.,NYSE
4450,0001437750,TRXA,T-Rex Acquisition Corp.,OTC
4451,0001437774,BZZUF,Buzzi Unicem S.P.A.,OTC
4452,0001437774,BZZUY,Buzzi Unicem S.P.A.,OTC
4453,0001437925,GMGI,"Golden Matrix Group, Inc.",Nasdaq
4454,0001437958,CCB,Coastal Financial Corp,Nasdaq
4455,0001438133,TNDM,Tandem Diabetes Care Inc,Nasdaq
4456,0001438231,DMRC,Digimarc Corp,Nasdaq
4457,0001438423,MRAM,Everspin Technologies Inc.,Nasdaq
4458,0001438461,ELRE,Yinfu Gold Corp.,OTC
4459,0001438533,TVTX,"Travere Therapeutics, Inc.",Nasdaq
4460,0001438569,GIFLF,Grifols Sa,OTC
4461,0001438569,GIFOF,Grifols Sa,OTC
4462,0001438569,GIKLY,Grifols Sa,OTC
4463,0001438569,GRFS,Grifols Sa,Nasdaq
4464,0001438654,RDEIF,Red Electrica Corporacion Sa/Adr,OTC
4465,0001438654,RDEIY,Red Electrica Corporacion Sa/Adr,OTC
4466,0001438656,IDEXF,Industria De Diseno Textil Inditex Sa / Adr,OTC
4467,0001438656,IDEXY,Industria De Diseno Textil Inditex Sa / Adr,OTC
4468,0001438893,GNT,"Gamco Natural Resources, Gold & Income Trust",NYSE
4469,0001438893,GNT-PA,"Gamco Natural Resources, Gold & Income Trust",NYSE
4470,0001438943,RNGE,"Range Impact, Inc.",OTC
4471,0001439095,MRC,Mrc Global Inc.,NYSE
4472,0001439124,EBR,Brazilian Electric Power Co,NYSE
4473,0001439124,EBR-B,Brazilian Electric Power Co,NYSE
4474,0001439222,AGIO,"Agios Pharmaceuticals, Inc.",Nasdaq
4475,0001439264,MVNC,Marvion Inc.,OTC
4476,0001439288,ZWS,Zurn Elkay Water Solutions Corp,NYSE
4477,0001439725,BDSX,Biodesix Inc,Nasdaq
4478,0001440130,UUGRY,United Utilities Group Plc,OTC
4479,0001440130,UUGWF,United Utilities Group Plc,OTC
4480,0001440799,MMEX,Mmex Resources Corp,OTC
4481,0001440972,LAR,Lithium Argentina Ag,NYSE
4482,0001441236,CLW,Clearwater Paper Corp,NYSE
4483,0001441683,APPN,Appian Corp,Nasdaq
4484,0001441816,MDB,"Mongodb, Inc.",Nasdaq
4485,0001442145,VRSK,"Verisk Analytics, Inc.",Nasdaq
4486,0001442236,QRHC,Quest Resource Holding Corp,Nasdaq
4487,0001442492,LRDC,"Laredo Oil, Inc.",OTC
4488,0001442620,RCON,"Recon Technology, Ltd",Nasdaq
4489,0001442651,SHECF,"Shin-Etsu Chemical Co., Ltd.",OTC
4490,0001442651,SHECY,"Shin-Etsu Chemical Co., Ltd.",OTC
4491,0001442653,ROHCF,"Rohm Co., Ltd.",OTC
4492,0001442653,ROHCY,"Rohm Co., Ltd.",OTC
4493,0001442836,MRSN,"Mersana Therapeutics, Inc.",Nasdaq
4494,0001442853,IGEX,"Indo Global Exchange(S) Pte, Ltd.",OTC
4495,0001442999,ABTI,Alterola Biotech Inc.,OTC
4496,0001443611,SING,Singlepoint Inc.,OTC
4497,0001443646,BAH,Booz Allen Hamilton Holding Corp,NYSE
4498,0001443669,PRLB,Proto Labs Inc,NYSE
4499,0001443863,BICX,Biocorrx Inc.,OTC
4500,0001444192,GRCE,"Grace Therapeutics, Inc.",Nasdaq
4501,0001444403,CGAC,Code Green Apparel Corp,OTC
4502,0001444406,EC,Ecopetrol S.A.,NYSE
4503,0001444839,BRVO,Bravo Multinational Inc.,OTC
4504,0001444874,TETAA,"Teton Advisors, Inc.",OTC
4505,0001444874,TETAB,"Teton Advisors, Inc.",OTC
4506,0001445283,KANT,"Kineta, Inc./De",OTC
4507,0001445305,WK,Workiva Inc,NYSE
4508,0001445465,PPRUF,Kering,OTC
4509,0001445465,PPRUY,Kering,OTC
4510,0001445467,AVPMF,Avrupa Minerals Ltd.,OTC
4511,0001445654,NZEOF,New Zealand Oil & Gas Ltd/Adr,OTC
4512,0001445654,NZEOY,New Zealand Oil & Gas Ltd/Adr,OTC
4513,0001445815,BIXT,"Bioxytran, Inc",OTC
4514,0001445930,KB,Kb Financial Group Inc.,NYSE
4515,0001445942,TMRC,Texas Mineral Resources Corp.,OTC
4516,0001446159,POAI,Predictive Oncology Inc.,Nasdaq
4517,0001446250,BAMXF,Bayerische Motoren Werke Ag/Adr,OTC
4518,0001446250,BMWKY,Bayerische Motoren Werke Ag/Adr,OTC
4519,0001446250,BYMOF,Bayerische Motoren Werke Ag/Adr,OTC
4520,0001446437,YAHOF,Yahoo! Japan Corp,OTC
4521,0001446437,YAHOY,Yahoo! Japan Corp,OTC
4522,0001446444,TKHVY,Turk Hava Yollari A.O.,OTC
4523,0001446519,DKILF,Daikin Industries Ltd,OTC
4524,0001446519,DKILY,Daikin Industries Ltd,OTC
4525,0001446596,FANUF,Fanuc Ltd,OTC
4526,0001446596,FANUY,Fanuc Ltd,OTC
4527,0001446598,DNZOF,Denso Corp,OTC
4528,0001446598,DNZOY,Denso Corp,OTC
4529,0001446656,KIKOF,Kikkoman Corp,OTC
4530,0001446656,KIKOY,Kikkoman Corp,OTC
4531,0001446705,NTDTY,Ntt Data Corp,OTC
4532,0001446705,NTTDF,Ntt Data Corp,OTC
4533,0001446847,IRWD,Ironwood Pharmaceuticals Inc,Nasdaq
4534,0001447028,ABUS,Arbutus Biopharma Corp,Nasdaq
4535,0001447100,YAMHF,"Yamaha Motor Co., Ltd.",OTC
4536,0001447100,YMHAY,"Yamaha Motor Co., Ltd.",OTC
4537,0001447126,KAIKY,Kawasaki Kisen Kaisha Ltd,OTC
4538,0001447126,KAKKF,Kawasaki Kisen Kaisha Ltd,OTC
4539,0001447137,BKGFF,Berkeley Group Holdings Plc,OTC
4540,0001447137,BKGFY,Berkeley Group Holdings Plc,OTC
4541,0001447362,CSTL,Castle Biosciences Inc,Nasdaq
4542,0001447380,MFON,Mobivity Holdings Corp.,OTC
4543,0001447669,TWLO,Twilio Inc,NYSE
4544,0001448397,SHIP,Seanergy Maritime Holdings Corp.,Nasdaq
4545,0001448431,OPRX,Optimizerx Corp,Nasdaq
4546,0001448597,AUGG,Augusta Gold Corp.,OTC
4547,0001448611,CDGLF,Comfortdelgro Corp Ltd,OTC
4548,0001448611,CDGLY,Comfortdelgro Corp Ltd,OTC
4549,0001448705,BASA,"Basanite, Inc.",OTC
4550,0001448893,ESNT,Essent Group Ltd.,NYSE
4551,0001448978,SMBMF,Sembcorp Marine Ltd.,OTC
4552,0001448978,SMBMY,Sembcorp Marine Ltd.,OTC
4553,0001449349,RDGL,Vivos Inc,OTC
4554,0001449566,WLMIF,Wilmar International Ltd,OTC
4555,0001449566,WLMIY,Wilmar International Ltd,OTC
4556,0001449664,NWSGY,Ctf Services Ltd,OTC
4557,0001449664,NWSZF,Ctf Services Ltd,OTC
4558,0001449792,PPSI,"Pioneer Power Solutions, Inc.",Nasdaq
4559,0001449794,EMYB,"Embassy Bancorp, Inc.",OTC
4560,0001450123,JBSAY,Jbs S.A.,OTC
4561,0001450346,POAHF,Porsche Automobil Holding Se / Adr,OTC
4562,0001450346,POAHY,Porsche Automobil Holding Se / Adr,OTC
4563,0001450445,NUW,Nuveen Amt-Free Municipal Value Fund,NYSE
4564,0001450468,MRAAF,"Murata Manufacturing Co., Ltd./Adr",OTC
4565,0001450468,MRAAY,"Murata Manufacturing Co., Ltd./Adr",OTC
4566,0001450704,VIVK,"Vivakor, Inc.",Nasdaq
4567,0001450922,SIVR,Abrdn Silver Etf Trust,NYSE
4568,0001450923,SGOL,Abrdn Gold Etf Trust,NYSE
4569,0001451448,GMBL,"Esports Entertainment Group, Inc.",OTC
4570,0001451448,GMBLP,"Esports Entertainment Group, Inc.",OTC
4571,0001451448,GMBLZ,"Esports Entertainment Group, Inc.",OTC
4572,0001451505,RIG,Transocean Ltd.,NYSE
4573,0001451809,SITM,Sitime Corp,Nasdaq
4574,0001452011,TNBI,Tanke Biosciences Corp,OTC
4575,0001452477,SEVN,Seven Hills Realty Trust,Nasdaq
4576,0001452583,CBMJ,"Conservative Broadcast Media & Publishing, Inc.",OTC
4577,0001452804,RMHI,"Retrieve Medical Holdings, Inc.",OTC
4578,0001452857,SPLP,Steel Partners Holdings L.P.,NYSE
4579,0001452857,SPLP-PA,Steel Partners Holdings L.P.,NYSE
4580,0001452936,PCOK,"Pacific Oak Strategic Opportunity Reit, Inc.",OTC
4581,0001453015,BLDP,Ballard Power Systems Inc.,Nasdaq
4582,0001453593,XTNT,"Xtant Medical Holdings, Inc.",NYSE
4583,0001453687,RNAC,"Cartesian Therapeutics, Inc.",Nasdaq
4584,0001454144,ERELY,Eregli Demir Ve Celik Fabrikalari Tas/Adr,OTC
4585,0001454480,SHZNF,Shenzhen Expressway Co. / Adr,OTC
4586,0001454480,SHZNY,Shenzhen Expressway Co. / Adr,OTC
4587,0001454741,EOT,Eaton Vance National Municipal Opportunities Trust,NYSE
4588,0001454742,GMER,"Good Gaming, Inc.",OTC
4589,0001454789,ATXS,"Astria Therapeutics, Inc.",Nasdaq
4590,0001454938,OB,Outbrain Inc.,Nasdaq
4591,0001455365,CGTX,Cognition Therapeutics Inc,Nasdaq
4592,0001455633,PEGRF,Pennon Group Plc / Adr,OTC
4593,0001455633,PEGRY,Pennon Group Plc / Adr,OTC
4594,0001455684,TPIC,"Tpi Composites, Inc",Nasdaq
4595,0001455863,COLD,Americold Realty Trust,NYSE
4596,0001456189,LEAT,Leatt Corp,OTC
4597,0001456346,FNV,Franco Nevada Corp,NYSE
4598,0001456772,OPI,Office Properties Income Trust,Nasdaq
4599,0001456772,OPINL,Office Properties Income Trust,Nasdaq
4600,0001458023,FKST,"Flowerkist Skin Care & Cosmetics, Inc.",OTC
4601,0001458057,ORMNF,Orex Minerals Inc,OTC
4602,0001458631,HALB,Halberd Corp,OTC
4603,0001459188,CHEV,Charging Robotics Inc.,OTC
4604,0001459200,ALRM,"Alarm.Com Holdings, Inc.",Nasdaq
4605,0001459839,SIBN,"Si-Bone, Inc.",Nasdaq
4606,0001459862,PALL,Abrdn Palladium Etf Trust,NYSE
4607,0001460235,PPLT,Abrdn Platinum Etf Trust,NYSE
4608,0001460329,FLNT,"Fluent, Inc.",Nasdaq
4609,0001460602,ORGS,Orgenesis Inc.,OTC
4610,0001460702,QLGN,"Qualigen Therapeutics, Inc.",Nasdaq
4611,0001461708,GSPI,"Green Star Products, Inc.",OTC
4612,0001462056,BLZE,"Backblaze, Inc.",Nasdaq
4613,0001462120,LOB,"Live Oak Bancshares, Inc.",NYSE
4614,0001462223,NIXX,"Nixxy, Inc.",Nasdaq
4615,0001462223,NIXXW,"Nixxy, Inc.",Nasdaq
4616,0001462418,ASPS,Altisource Portfolio Solutions S.A.,Nasdaq
4617,0001462586,IGI,Western Asset Investment Grade Opportunity Trust Inc.,NYSE
4618,0001463000,GRUSF,Grown Rogue International Inc.,OTC
4619,0001463101,ENPH,"Enphase Energy, Inc.",Nasdaq
4620,0001463208,TLSS,"Transportation & Logistics Systems, Inc.",OTC
4621,0001463361,UBX,"Unity Biotechnology, Inc.",Nasdaq
4622,0001463833,IDWM,"Idw Media Holdings, Inc.",OTC
4623,0001463972,VUZI,Vuzix Corp,Nasdaq
4624,0001463978,BKUCF,Blue Sky Uranium Corp.,OTC
4625,0001464165,BETRF,Betterlife Pharma Inc.,OTC
4626,0001464343,ATLC,Atlanticus Holdings Corp,Nasdaq
4627,0001464343,ATLCL,Atlanticus Holdings Corp,Nasdaq
4628,0001464343,ATLCP,Atlanticus Holdings Corp,Nasdaq
4629,0001464343,ATLCZ,Atlanticus Holdings Corp,Nasdaq
4630,0001464423,PMT,Pennymac Mortgage Investment Trust,NYSE
4631,0001464423,PMT-PA,Pennymac Mortgage Investment Trust,NYSE
4632,0001464423,PMT-PB,Pennymac Mortgage Investment Trust,NYSE
4633,0001464423,PMT-PC,Pennymac Mortgage Investment Trust,NYSE
4634,0001464423,PMTU,Pennymac Mortgage Investment Trust,NYSE
4635,0001464423,PMTV,Pennymac Mortgage Investment Trust,NYSE
4636,0001464591,GPRK,Geopark Ltd,NYSE
4637,0001464790,RILY,"B. Riley Financial, Inc.",Nasdaq
4638,0001464790,RILYG,"B. Riley Financial, Inc.",Nasdaq
4639,0001464790,RILYK,"B. Riley Financial, Inc.",Nasdaq
4640,0001464790,RILYL,"B. Riley Financial, Inc.",Nasdaq
4641,0001464790,RILYN,"B. Riley Financial, Inc.",Nasdaq
4642,0001464790,RILYP,"B. Riley Financial, Inc.",Nasdaq
4643,0001464790,RILYT,"B. Riley Financial, Inc.",Nasdaq
4644,0001464790,RILYZ,"B. Riley Financial, Inc.",Nasdaq
4645,0001464865,ASII,"Accredited Solutions, Inc.",OTC
4646,0001465128,STWD,"Starwood Property Trust, Inc.",NYSE
4647,0001465470,SHMP,Naturalshrimp Inc,OTC
4648,0001465740,TWO,Two Harbors Investment Corp.,NYSE
4649,0001465740,TWO-PA,Two Harbors Investment Corp.,NYSE
4650,0001465740,TWO-PB,Two Harbors Investment Corp.,NYSE
4651,0001465740,TWO-PC,Two Harbors Investment Corp.,NYSE
4652,0001466026,MSBI,"Midland States Bancorp, Inc.",Nasdaq
4653,0001466026,MSBIP,"Midland States Bancorp, Inc.",Nasdaq
4654,0001466085,IRT,"Independence Realty Trust, Inc.",NYSE
4655,0001466258,TT,Trane Technologies Plc,NYSE
4656,0001466593,OTTR,Otter Tail Corp,Nasdaq
4657,0001467373,ACN,Accenture Plc,NYSE
4658,0001467623,DBX,"Dropbox, Inc.",Nasdaq
4659,0001467631,XCAPX,Acap Strategic Fund,None
4660,0001467760,ARI,"Apollo Commercial Real Estate Finance, Inc.",NYSE
4661,0001467761,MINM,"Fiee, Inc.",OTC
4662,0001467808,CORBF,Global Cord Blood Corp,OTC
4663,0001467845,KUSA,"Kashin, Inc.",OTC
4664,0001467858,GM,General Motors Co,NYSE
4665,0001468091,VEON,Veon Ltd.,Nasdaq
4666,0001468174,H,Hyatt Hotels Corp,NYSE
4667,0001468327,RENT,"Rent The Runway, Inc.",Nasdaq
4668,0001468328,ADUS,Addus Homecare Corp,Nasdaq
4669,0001468492,HSCS,Heartsciences Inc.,Nasdaq
4670,0001468492,HSCSW,Heartsciences Inc.,Nasdaq
4671,0001468522,FER,Ferrovial Se,Nasdaq
4672,0001468608,VDMCY,Vodacom Group Ltd / Adr,OTC
4673,0001468608,VODAF,Vodacom Group Ltd / Adr,OTC
4674,0001468748,KOD,Kodiak Sciences Inc.,Nasdaq
4675,0001468929,NXGL,"Nexgel, Inc.",Nasdaq
4676,0001468929,NXGLW,"Nexgel, Inc.",Nasdaq
4677,0001468978,SITS,"Southern Its International, Inc.",OTC
4678,0001469367,RUN,Sunrun Inc.,Nasdaq
4679,0001469395,PAM,Pampa Energy Inc.,NYSE
4680,0001469395,PPENF,Pampa Energy Inc.,OTC
4681,0001469443,RKDA,"Arcadia Biosciences, Inc.",Nasdaq
4682,0001470129,CATG,Capstone Technologies Group Inc.,OTC
4683,0001470683,AEHL,Antelope Enterprise Holdings Ltd,Nasdaq
4684,0001471055,BSBR,Banco Santander (Brasil) S.A.,NYSE
4685,0001471265,NWBI,"Northwest Bancshares, Inc.",Nasdaq
4686,0001471420,STK,"Columbia Seligman Premium Technology Growth Fund, Inc.",NYSE
4687,0001471727,BTTR,Better Choice Co Inc.,NYSE
4688,0001471781,GTCH,Gbt Technologies Inc.,OTC
4689,0001471824,CANE,Teucrium Commodity Trust,NYSE
4690,0001471824,CORN,Teucrium Commodity Trust,NYSE
4691,0001471824,SOYB,Teucrium Commodity Trust,NYSE
4692,0001471824,TAGS,Teucrium Commodity Trust,NYSE
4693,0001471824,WEAT,Teucrium Commodity Trust,NYSE
4694,0001472012,IMNM,Immunome Inc.,Nasdaq
4695,0001472033,JTGEY,"Citibank,N.A./Adr",OTC
4696,0001472033,JTGLF,"Citibank,N.A./Adr",OTC
4697,0001472072,CCM,Concord Medical Services Holdings Ltd,NYSE
4698,0001472091,PDSB,Pds Biotechnology Corp,Nasdaq
4699,0001472215,JLS,Nuveen Mortgage & Income Fund/Ma/,NYSE
4700,0001472326,GRO,Brazil Potash Corp.,NYSE
4701,0001472341,GDO,Western Asset Global Corporate Opportunity Fund Inc.,NYSE
4702,0001472494,BNO,"United States Brent Oil Fund, Lp",NYSE
4703,0001472619,LONCF,Loncor Gold Inc.,OTC
4704,0001472787,FAF,First American Financial Corp,NYSE
4705,0001473334,NVFY,"Nova Lifestyle, Inc.",Nasdaq
4706,0001473490,GLAI,"Global Ai, Inc.",OTC
4707,0001473844,STEL,"Stellar Bancorp, Inc.",NYSE
4708,0001474098,PEB,Pebblebrook Hotel Trust,NYSE
4709,0001474098,PEB-PE,Pebblebrook Hotel Trust,NYSE
4710,0001474098,PEB-PF,Pebblebrook Hotel Trust,NYSE
4711,0001474098,PEB-PG,Pebblebrook Hotel Trust,NYSE
4712,0001474098,PEB-PH,Pebblebrook Hotel Trust,NYSE
4713,0001474167,COSM,Cosmos Health Inc.,Nasdaq
4714,0001474432,PSTG,"Pure Storage, Inc.",NYSE
4715,0001474558,KATX,"Kat Exploration, Inc.",OTC
4716,0001474627,NEGG,"Newegg Commerce, Inc.",Nasdaq
4717,0001474735,GNRC,Generac Holdings Inc.,NYSE
4718,0001474903,BGSF,"Bgsf, Inc.",NYSE
4719,0001475011,JBARF,Julius Baer Group Ltd.,OTC
4720,0001475011,JBAXY,Julius Baer Group Ltd.,OTC
4721,0001475115,EB,"Eventbrite, Inc.",NYSE
4722,0001475260,CNVEF,Cenovus Energy Inc.,OTC
4723,0001475260,CVE,Cenovus Energy Inc.,NYSE
4724,0001475260,CVE-WT,Cenovus Energy Inc.,NYSE
4725,0001475430,JSHG,Joshua Gold Resources Inc,OTC
4726,0001475841,NBHC,National Bank Holdings Corp,NYSE
4727,0001475922,PRI,"Primerica, Inc.",NYSE
4728,0001476034,MCB,Metropolitan Bank Holding Corp.,NYSE
4729,0001476045,CLDT,Chatham Lodging Trust,NYSE
4730,0001476045,CLDT-PA,Chatham Lodging Trust,NYSE
4731,0001476150,TRNO,Terreno Realty Corp,NYSE
4732,0001476204,PECO,"Phillips Edison & Company, Inc.",Nasdaq
4733,0001476573,AIRRF,Aurion Resources Ltd.,OTC
4734,0001476765,GBDC,"Golub Capital Bdc, Inc.",Nasdaq
4735,0001476840,EXFY,"Expensify, Inc.",Nasdaq
4736,0001476963,SCPX,"Scorpius Holdings, Inc.",NYSE
4737,0001477009,CANN,Trees Corp (Colorado),OTC
4738,0001477049,PHYS,Sprott Physical Gold Trust,NYSE
4739,0001477081,KGEI,Kolibri Global Energy Inc.,Nasdaq
4740,0001477246,SANW,S&W Seed Co,Nasdaq
4741,0001477294,ST,Sensata Technologies Holding Plc,NYSE
4742,0001477333,NET,"Cloudflare, Inc.",NYSE
4743,0001477449,TDOC,"Teladoc Health, Inc.",NYSE
4744,0001477641,DQ,Daqo New Energy Corp.,NYSE
4745,0001477720,ASAN,"Asana, Inc.",NYSE
4746,0001477815,SG,"Sweetgreen, Inc.",NYSE
4747,0001477845,ANVS,"Annovis Bio, Inc.",NYSE
4748,0001477960,CCTC,Catalyst Crew Technologies Corp.,OTC
4749,0001478102,DMO,Western Asset Mortgage Opportunity Fund Inc.,NYSE
4750,0001478242,IQV,Iqvia Holdings Inc.,NYSE
4751,0001478320,ADPT,Adaptive Biotechnologies Corp,Nasdaq
4752,0001478454,EBMT,"Eagle Bancorp Montana, Inc.",Nasdaq
4753,0001478888,NBB,Nuveen Taxable Municipal Income Fund,NYSE
4754,0001479094,STAG,"Stag Industrial, Inc.",NYSE
4755,0001479247,CPER,United States Commodity Index Funds Trust,NYSE
4756,0001479247,USCI,United States Commodity Index Funds Trust,NYSE
4757,0001479419,KALA,"Kala Bio, Inc.",Nasdaq
4758,0001479615,SLN,Silence Therapeutics Plc,Nasdaq
4759,0001479615,SLNCF,Silence Therapeutics Plc,OTC
4760,0001479681,NUTX,"Nutex Health, Inc.",Nasdaq
4761,0001480170,BEOB,Beo Bancorp,OTC
4762,0001480313,SMREF,Sun Summit Minerals Corp.,OTC
4763,0001481028,HYSR,"Sunhydrogen, Inc.",OTC
4764,0001481045,DSECF,Daiwa Securities Group Inc.,OTC
4765,0001481045,DSEEY,Daiwa Securities Group Inc.,OTC
4766,0001481241,PSHG,Performance Shipping Inc.,Nasdaq
4767,0001481443,TCRI,"Techcom, Inc.",OTC
4768,0001481504,XERI,"Xeriant, Inc.",OTC
4769,0001481513,JKS,"Jinkosolar Holding Co., Ltd.",NYSE
4770,0001481582,RYI,Ryerson Holding Corp,NYSE
4771,0001481792,QUAD,"Quad/Graphics, Inc.",NYSE
4772,0001482430,KBSR,"Kbs Real Estate Investment Trust Iii, Inc.",OTC
4773,0001482436,AGXPF,Silver X Mining Corp.,OTC
4774,0001482512,HPP,"Hudson Pacific Properties, Inc.",NYSE
4775,0001482512,HPP-PC,"Hudson Pacific Properties, Inc.",NYSE
4776,0001482541,CEAD,Cea Industries Inc.,Nasdaq
4777,0001482541,CEADW,Cea Industries Inc.,Nasdaq
4778,0001482554,HFUS,"Hartford Creative Group, Inc.",OTC
4779,0001482981,COCO,"Vita Coco Company, Inc.",Nasdaq
4780,0001483386,GLTR,Abrdn Precious Metals Basket Etf Trust,NYSE
4781,0001483646,BEGI,"Blackstar Enterprise Group, Inc.",OTC
4782,0001483934,STNG,Scorpio Tankers Inc.,NYSE
4783,0001483994,HTHT,H World Group Ltd,Nasdaq
4784,0001483994,HWLDF,H World Group Ltd,OTC
4785,0001484515,CARCY,China Resources Cement Holdings Limited/Adr/,OTC
4786,0001484515,CJRCF,China Resources Cement Holdings Limited/Adr/,OTC
4787,0001484565,SLNO,Soleno Therapeutics Inc,Nasdaq
4788,0001484612,OM,"Outset Medical, Inc.",Nasdaq
4789,0001484674,ATMH,"All Things Mobile Analytic, Inc.",OTC
4790,0001484769,FUBO,Fubotv Inc. /Fl,NYSE
4791,0001484778,TDUP,Thredup Inc.,Nasdaq
4792,0001485003,CARM,Carisma Therapeutics Inc.,Nasdaq
4793,0001485074,FRZT,"Freeze Tag, Inc.",OTC
4794,0001486159,CHRD,Chord Energy Corp,Nasdaq
4795,0001486159,WLLBW,Chord Energy Corp,OTC
4796,0001486298,BSL,Blackstone Senior Floating Rate 2027 Term Fund,NYSE
4797,0001486452,MASN,"Maison Luxe, Inc.",OTC
4798,0001486749,HYPMY,Hypermarcas S.A.,OTC
4799,0001486957,BWXT,"Bwx Technologies, Inc.",NYSE
4800,0001487091,QWTR,"Quest Water Global, Inc.",OTC
4801,0001487139,SKLTF,Seek Ltd,OTC
4802,0001487139,SKLTY,Seek Ltd,OTC
4803,0001487197,BRFH,Barfresh Food Group Inc.,Nasdaq
4804,0001487198,ASPU,"Aspen Group, Inc.",OTC
4805,0001487428,HRZN,Horizon Technology Finance Corp,Nasdaq
4806,0001487428,HTFB,Horizon Technology Finance Corp,NYSE
4807,0001487428,HTFC,Horizon Technology Finance Corp,NYSE
4808,0001487610,NHS,Neuberger Berman High Yield Strategies Fund Inc.,NYSE
4809,0001487712,AL,Air Lease Corp,NYSE
4810,0001487718,BLTH,"American Battery Materials, Inc.",OTC
4811,0001487798,ECTM,Eca Marcellus Trust I,OTC
4812,0001487839,LKCOF,Luokung Technology Corp.,OTC
4813,0001487918,OFS,Ofs Capital Corp,Nasdaq
4814,0001487918,OFSSH,Ofs Capital Corp,Nasdaq
4815,0001487952,VPG,"Vishay Precision Group, Inc.",NYSE
4816,0001488039,ATOS,"Atossa Therapeutics, Inc.",Nasdaq
4817,0001488139,AMRC,"Ameresco, Inc.",NYSE
4818,0001488813,CUBB,"Customers Bancorp, Inc.",NYSE
4819,0001488813,CUBI,"Customers Bancorp, Inc.",NYSE
4820,0001488813,CUBI-PE,"Customers Bancorp, Inc.",NYSE
4821,0001488813,CUBI-PF,"Customers Bancorp, Inc.",NYSE
4822,0001488917,ELMD,"Electromed, Inc.",NYSE
4823,0001489079,ADOOY,Adaro Energy Pt/Adr/,OTC
4824,0001489079,PADEF,Adaro Energy Pt/Adr/,OTC
4825,0001489096,THR,"Thermon Group Holdings, Inc.",NYSE
4826,0001489300,ZLME,Zhanling International Ltd,OTC
4827,0001489393,LYB,Lyondellbasell Industries N.V.,NYSE
4828,0001489874,GGROU,Golden Growers Cooperative,OTC
4829,0001490078,FRSPF,First Phosphate Corp.,OTC
4830,0001490161,SOWG,Sow Good Inc.,Nasdaq
4831,0001490281,GRPN,"Groupon, Inc.",Nasdaq
4832,0001490349,PFX,Phenixfin Corp,Nasdaq
4833,0001490349,PFXNZ,Phenixfin Corp,Nasdaq
4834,0001490596,GVXXF,Goviex Uranium Inc.,OTC
4835,0001490873,ESSI,"Eco Science Solutions, Inc.",OTC
4836,0001490906,CFFN,"Capitol Federal Financial, Inc.",Nasdaq
4837,0001490978,SDGR,"Schrodinger, Inc.",Nasdaq
4838,0001491419,LVO,"Liveone, Inc.",Nasdaq
4839,0001491434,SEOVF,Sernova Corp.,OTC
4840,0001492165,PFBC,Preferred Bank,Nasdaq
4841,0001492298,SBRA,"Sabra Health Care Reit, Inc.",Nasdaq
4842,0001492422,APLS,"Apellis Pharmaceuticals, Inc.",Nasdaq
4843,0001492448,MAJI,Grn Holding Corp,OTC
4844,0001492617,FWFW,"Flywheel Advanced Technology, Inc.",OTC
4845,0001492674,TTOO,"T2 Biosystems, Inc.",OTC
4846,0001492691,KNX,Knight-Swift Transportation Holdings Inc.,NYSE
4847,0001493130,MAPPF,Prostar Holdings Inc. /Bc,OTC
4848,0001493137,LCTC,"Lifeloc Technologies, Inc",OTC
4849,0001493225,NFBK,"Northfield Bancorp, Inc.",Nasdaq
4850,0001493594,MTSI,"Macom Technology Solutions Holdings, Inc.",Nasdaq
4851,0001493683,BBN,Blackrock Taxable Municipal Bond Trust,NYSE
4852,0001493712,STME,Stimcell Energetics Inc.,OTC
4853,0001493761,TBCH,Turtle Beach Corp,Nasdaq
4854,0001494259,CARG,"Cargurus, Inc.",Nasdaq
4855,0001494413,TWOH,Two Hands Corp,OTC
4856,0001494558,AMBO,Ambow Education Holding Ltd.,NYSE
4857,0001494582,BOC,Boston Omaha Corp,NYSE
4858,0001494650,OPTN,"Optinose, Inc.",Nasdaq
4859,0001494728,PSLV,Sprott Physical Silver Trust,NYSE
4860,0001494891,SRTS,"Sensus Healthcare, Inc.",Nasdaq
4861,0001494904,GBLI,"Global Indemnity Group, Llc",NYSE
4862,0001495153,MMYT,Makemytrip Ltd,Nasdaq
4863,0001495222,OXLC,Oxford Lane Capital Corp.,Nasdaq
4864,0001495222,OXLCG,Oxford Lane Capital Corp.,Nasdaq
4865,0001495222,OXLCI,Oxford Lane Capital Corp.,Nasdaq
4866,0001495222,OXLCL,Oxford Lane Capital Corp.,Nasdaq
4867,0001495222,OXLCN,Oxford Lane Capital Corp.,Nasdaq
4868,0001495222,OXLCO,Oxford Lane Capital Corp.,Nasdaq
4869,0001495222,OXLCP,Oxford Lane Capital Corp.,Nasdaq
4870,0001495222,OXLCZ,Oxford Lane Capital Corp.,Nasdaq
4871,0001495231,IZEA,"Izea Worldwide, Inc.",Nasdaq
4872,0001495240,LAND,Gladstone Land Corp,Nasdaq
4873,0001495240,LANDM,Gladstone Land Corp,Nasdaq
4874,0001495240,LANDO,Gladstone Land Corp,Nasdaq
4875,0001495240,LANDP,Gladstone Land Corp,Nasdaq
4876,0001495320,VRA,"Vera Bradley, Inc.",Nasdaq
4877,0001495584,SVVC,"Firsthand Technology Value Fund, Inc.",OTC
4878,0001495648,BDCC,Blackwell 3D Construction Corp.,OTC
4879,0001495651,UURAF,Ucore Rare Metals Inc.,OTC
4880,0001495825,GBAB,Guggenheim Taxable Municipal Bond & Investment Grade Debt Trust,NYSE
4881,0001495932,EXPI,"Exp World Holdings, Inc.",Nasdaq
4882,0001496099,NMFC,New Mountain Finance Corp,Nasdaq
4883,0001496099,NMFCZ,New Mountain Finance Corp,Nasdaq
4884,0001496254,LTAFX,Alternative Strategies Income Fund,None
4885,0001496254,LTCFX,Alternative Strategies Income Fund,None
4886,0001496292,IHD,Voya Emerging Markets High Dividend Equity Fund,NYSE
4887,0001496323,IGMS,"Igm Biosciences, Inc.",Nasdaq
4888,0001496383,ILUS,Ilustrato Pictures International Inc.,OTC
4889,0001496443,PAYS,"Paysign, Inc.",Nasdaq
4890,0001496454,CHTH,"Cnl Healthcare Properties, Inc.",OTC
4891,0001496690,BCRD,"Blueone Card, Inc.",OTC
4892,0001496749,HEQ,John Hancock Diversified Income Fund,NYSE
4893,0001496919,MRRTY,Marfrig Global Foods S.A.,OTC
4894,0001497130,VNTH,"Nano Mobile Healthcare, Inc.",OTC
4895,0001497186,HYI,Western Asset High Yield Defined Opportunity Fund Inc.,NYSE
4896,0001497230,SMCE,"Smc Entertainment, Inc.",OTC
4897,0001497253,ONVO,"Vivosim Labs, Inc.",Nasdaq
4898,0001497253,VIVS,"Vivosim Labs, Inc.",Nasdaq
4899,0001497645,INN,"Summit Hotel Properties, Inc.",NYSE
4900,0001497645,INN-PE,"Summit Hotel Properties, Inc.",NYSE
4901,0001497645,INN-PF,"Summit Hotel Properties, Inc.",NYSE
4902,0001497770,WD,"Walker & Dunlop, Inc.",NYSE
4903,0001498148,AITX,Artificial Intelligence Technology Solutions Inc.,OTC
4904,0001498372,IWAL,Iwallet Corp,OTC
4905,0001498382,HURA,"Tuhura Biosciences, Inc./Nv",Nasdaq
4906,0001498403,BLRX,Biolinerx Ltd.,Nasdaq
4907,0001498547,CMRF,"Cim Real Estate Finance Trust, Inc.",OTC
4908,0001498612,PSF,"Cohen & Steers Select Preferred & Income Fund, Inc.",NYSE
4909,0001499275,SANP,Santo Mining Corp.,OTC
4910,0001499422,RBB,Rbb Bancorp,Nasdaq
4911,0001499494,DXF,Eason Technology Ltd,NYSE
4912,0001499505,AGRO,Adecoagro S.A.,NYSE
4913,0001499543,NOAH,Noah Holdings Ltd,NYSE
4914,0001499620,TAL,Tal Education Group,NYSE
4915,0001499780,GLBS,Globus Maritime Ltd,Nasdaq
4916,0001499832,TSQ,"Townsquare Media, Inc.",NYSE
4917,0001499849,LND,Brasilagro - Brazilian Agricultural Real Estate Co,NYSE
4918,0001499961,MULN,Mullen Automotive Inc.,Nasdaq
4919,0001500198,NMTC,Neuroone Medical Technologies Corp,Nasdaq
4920,0001500217,AAT,"American Assets Trust, Inc.",NYSE
4921,0001500305,SPGX,Sustainable Projects Group Inc.,OTC
4922,0001500375,HFBL,"Home Federal Bancorp, Inc. Of Louisiana",Nasdaq
4923,0001500435,GPRO,"Gopro, Inc.",Nasdaq
4924,0001500620,BGAVF,Bravada Gold Corp,OTC
4925,0001500881,EU,Encore Energy Corp.,Nasdaq
4926,0001501072,RIV,"Rivernorth Opportunities Fund, Inc.",NYSE
4927,0001501072,RIV-PA,"Rivernorth Opportunities Fund, Inc.",NYSE
4928,0001501078,OFED,Oconee Federal Financial Corp.,OTC
4929,0001501103,EDF,Virtus Stone Harbor Emerging Markets Income Fund,NYSE
4930,0001501570,VBTX,"Veritex Holdings, Inc.",Nasdaq
4931,0001501585,HII,"Huntington Ingalls Industries, Inc.",NYSE
4932,0001501697,XFOR,"X4 Pharmaceuticals, Inc",Nasdaq
4933,0001501729,FSEN,Fs Specialty Lending Fund,OTC
4934,0001501756,ADVM,"Adverum Biotechnologies, Inc.",Nasdaq
4935,0001501796,AURA,"Aura Biosciences, Inc.",Nasdaq
4936,0001501989,CTMX,"Cytomx Therapeutics, Inc.",Nasdaq
4937,0001502152,GSTC,Globestar Therapeutics Corp,OTC
4938,0001502292,CNFR,"Conifer Holdings, Inc.",Nasdaq
4939,0001502292,CNFRZ,"Conifer Holdings, Inc.",Nasdaq
4940,0001502377,CTGO,"Contango Ore, Inc.",NYSE
4941,0001502557,KPEA,Kun Peng International Ltd.,OTC
4942,0001502758,NULGF,Nulegacy Gold Corp,OTC
4943,0001502966,FUNI,"Hypha Labs, Inc.",OTC
4944,0001503154,CMGMF,Chemring Group Plc/Adr,OTC
4945,0001503154,CMGMY,Chemring Group Plc/Adr,OTC
4946,0001503274,QTRX,Quanterix Corp,Nasdaq
4947,0001503290,ACP,Abrdn Income Credit Strategies Fund,NYSE
4948,0001503290,ACP-PA,Abrdn Income Credit Strategies Fund,NYSE
4949,0001503584,CMRE,Costamare Inc.,NYSE
4950,0001503584,CMRE-PB,Costamare Inc.,NYSE
4951,0001503584,CMRE-PC,Costamare Inc.,NYSE
4952,0001503584,CMRE-PD,Costamare Inc.,NYSE
4953,0001503658,LVDW,Liquidvalue Development Inc.,OTC
4954,0001503707,NHHS,"Northstar Healthcare Income, Inc.",OTC
4955,0001503802,KPTI,Karyopharm Therapeutics Inc.,Nasdaq
4956,0001504008,BKU,"Bankunited, Inc.",NYSE
4957,0001504122,PBNNF,Pt Bank Negara Indonesia (Persero) Tbk/Adr,OTC
4958,0001504122,PTBRY,Pt Bank Negara Indonesia (Persero) Tbk/Adr,OTC
4959,0001504234,BGX,Blackstone Long-Short Credit Income Fund,NYSE
4960,0001504379,CSTE,Caesarstone Ltd.,Nasdaq
4961,0001504461,NGL,Ngl Energy Partners Lp,NYSE
4962,0001504461,NGL-PB,Ngl Energy Partners Lp,NYSE
4963,0001504461,NGL-PC,Ngl Energy Partners Lp,NYSE
4964,0001504545,BWG,Brandywineglobal-Global Income Opportunities Fund Inc,NYSE
4965,0001504619,PFLT,Pennantpark Floating Rate Capital Ltd.,NYSE
4966,0001504678,LOOP,"Loop Industries, Inc.",Nasdaq
4967,0001504764,AVAL,Grupo Aval Acciones Y Valores S.A.,NYSE
4968,0001504776,WRBY,Warby Parker Inc.,NYSE
4969,0001505065,BRSYF,Brainsway Ltd.,OTC
4970,0001505065,BWAY,Brainsway Ltd.,Nasdaq
4971,0001505155,UPLD,"Upland Software, Inc.",Nasdaq
4972,0001505413,VOC,Voc Energy Trust,NYSE
4973,0001505497,BRTX,"Biorestorative Therapies, Inc.",Nasdaq
4974,0001505512,RGLS,Regulus Therapeutics Inc.,Nasdaq
4975,0001505732,BWFG,"Bankwell Financial Group, Inc.",Nasdaq
4976,0001505880,PNDRY,Pandora A/S / Adr,OTC
4977,0001505880,PNDZF,Pandora A/S / Adr,OTC
4978,0001505952,DOMO,"Domo, Inc.",Nasdaq
4979,0001506184,IMMP,Immutep Ltd,Nasdaq
4980,0001506251,CTXR,"Citius Pharmaceuticals, Inc.",Nasdaq
4981,0001506289,BCX,Blackrock Resources & Commodities Strategy Trust,NYSE
4982,0001506293,PINS,"Pinterest, Inc.",NYSE
4983,0001506307,EP-PC,"Kinder Morgan, Inc.",NYSE
4984,0001506307,KMI,"Kinder Morgan, Inc.",NYSE
4985,0001506488,NXG,Nxg Nextgen Infrastructure Income Fund,NYSE
4986,0001506492,NUWE,"Nuwellis, Inc.",Nasdaq
4987,0001506492,NUWEW,"Nuwellis, Inc.",OTC
4988,0001506721,BAFBF,Balfour Beatty Plc/Adr,OTC
4989,0001506721,BLFBY,Balfour Beatty Plc/Adr,OTC
4990,0001506929,VRDR,"Verde Resources, Inc.",OTC
4991,0001506983,GCTK,"Glucotrack, Inc.",Nasdaq
4992,0001507079,FND,"Floor & Decor Holdings, Inc.",NYSE
4993,0001507605,MARA,"Mara Holdings, Inc.",Nasdaq
4994,0001507957,IPWR,Ideal Power Inc.,Nasdaq
4995,0001508348,ACAN,"Americann, Inc.",OTC
4996,0001508475,VNET,"Vnet Group, Inc.",Nasdaq
4997,0001508478,ARCO,Arcos Dorados Holdings Inc.,NYSE
4998,0001508655,TSLX,"Sixth Street Specialty Lending, Inc.",NYSE
4999,0001508786,SLTN,"Silverton Energy, Inc.",OTC
5000,0001509223,MTBLY,"Moatable, Inc.",OTC
5001,0001509261,RZLT,"Rezolute, Inc.",Nasdaq
5002,0001509397,LOMLF,Lion One Metals Ltd.,OTC
5003,0001509470,SSSS,Suro Capital Corp.,Nasdaq
5004,0001509470,SSSSL,Suro Capital Corp.,Nasdaq
5005,0001509589,CIVI,"Civitas Resources, Inc.",NYSE
5006,0001509589,CIVII,"Civitas Resources, Inc.",OTC
5007,0001509646,FENG,Phoenix New Media Ltd,NYSE
5008,0001509705,NZERF,New Zealand Energy Corp.,OTC
5009,0001509745,LPTX,"Leap Therapeutics, Inc.",Nasdaq
5010,0001509957,CANB,Can B Corp,OTC
5011,0001509991,KOS,Kosmos Energy Ltd.,NYSE
5012,0001510295,MPC,Marathon Petroleum Corp,NYSE
5013,0001510524,GYST,"Graystone Company, Inc.",OTC
5014,0001510593,XNET,Xunlei Ltd,Nasdaq
5015,0001510599,PDI,Pimco Dynamic Income Fund,NYSE
5016,0001510964,CVSI,"Cv Sciences, Inc.",OTC
5017,0001511337,RLJ,Rlj Lodging Trust,NYSE
5018,0001511337,RLJ-PA,Rlj Lodging Trust,NYSE
5019,0001511737,UI,Ubiquiti Inc.,NYSE
5020,0001511820,STEK,Stemtech Corp,OTC
5021,0001512228,NB,Niocorp Developments Ltd,Nasdaq
5022,0001512228,NIOBW,Niocorp Developments Ltd,Nasdaq
5023,0001512499,LIND,"Lindblad Expeditions Holdings, Inc.",Nasdaq
5024,0001512673,BSQKZ,"Block, Inc.",OTC
5025,0001512673,XYZ,"Block, Inc.",NYSE
5026,0001512717,THTX,Theratechnologies Inc.,Nasdaq
5027,0001512762,CHRS,"Coherus Biosciences, Inc.",Nasdaq
5028,0001512886,NTRR,Neutra Corp.,OTC
5029,0001512920,SII,Sprott Inc.,NYSE
5030,0001512922,PETV,"Petvivo Holdings, Inc.",OTC
5031,0001512922,PETVW,"Petvivo Holdings, Inc.",OTC
5032,0001512931,MRCC,Monroe Capital Corp,Nasdaq
5033,0001513363,FDUS,Fidus Investment Corp,Nasdaq
5034,0001513525,ADIL,"Adial Pharmaceuticals, Inc.",Nasdaq
5035,0001513761,NCLH,Norwegian Cruise Line Holdings Ltd.,NYSE
5036,0001513845,NBIS,Nebius Group N.V.,Nasdaq
5037,0001514056,TESI,Titan Environmental Solutions Inc.,OTC
5038,0001514183,SILO,"Silo Pharma, Inc.",Nasdaq
5039,0001514281,MITN,"Ag Mortgage Investment Trust, Inc.",NYSE
5040,0001514281,MITP,"Ag Mortgage Investment Trust, Inc.",NYSE
5041,0001514281,MITT,"Ag Mortgage Investment Trust, Inc.",NYSE
5042,0001514281,MITT-PA,"Ag Mortgage Investment Trust, Inc.",NYSE
5043,0001514281,MITT-PB,"Ag Mortgage Investment Trust, Inc.",NYSE
5044,0001514281,MITT-PC,"Ag Mortgage Investment Trust, Inc.",NYSE
5045,0001514416,BAND,Bandwidth Inc.,Nasdaq
5046,0001514443,AGSS,"Ameriguard Security Services, Inc.",OTC
5047,0001514490,RGT,"Royce Global Trust, Inc.",NYSE
5048,0001514597,FURY,Fury Gold Mines Ltd,NYSE
5049,0001514705,SXC,"Suncoke Energy, Inc.",NYSE
5050,0001514743,IROQ,"If Bancorp, Inc.",Nasdaq
5051,0001514946,AXIM,"Axim Biotechnologies, Inc.",OTC
5052,0001514991,AMCX,Amc Networks Inc.,Nasdaq
5053,0001515001,VCMIX,Versus Capital Real Estate Fund Llc,None
5054,0001515114,GWIN,"Glorywin Entertainment Group, Inc.",OTC
5055,0001515139,WAST,Waste Energy Corp.,OTC
5056,0001515156,ARQ,"Arq, Inc.",Nasdaq
5057,0001515317,MAGE,Magellan Copper & Gold Corp,OTC
5058,0001515324,ARDC,"Ares Dynamic Credit Allocation Fund, Inc.",NYSE
5059,0001515671,DPG,Duff & Phelps Utility & Infrastructure Fund Inc.,NYSE
5060,0001515673,RARE,Ultragenyx Pharmaceutical Inc.,Nasdaq
5061,0001515816,PLYM,"Plymouth Industrial Reit, Inc.",NYSE
5062,0001515940,KIO,Kkr Income Opportunities Fund,NYSE
5063,0001516323,BCKIF,Babcock International Group Plc/Adr,OTC
5064,0001516323,BCKIY,Babcock International Group Plc/Adr,OTC
5065,0001516513,DOCS,"Doximity, Inc.",NYSE
5066,0001516551,SKYE,"Skye Bioscience, Inc.",Nasdaq
5067,0001516899,YTRA,"Yatra Online, Inc.",Nasdaq
5068,0001516912,OBK,"Origin Bancorp, Inc.",NYSE
5069,0001517022,AKBA,"Akebia Therapeutics, Inc.",Nasdaq
5070,0001517175,CHEF,"Chefs' Warehouse, Inc.",Nasdaq
5071,0001517228,COMM,"Commscope Holding Company, Inc.",Nasdaq
5072,0001517231,SSMXF,Sysmex Corporation/Adr,OTC
5073,0001517231,SSMXY,Sysmex Corporation/Adr,OTC
5074,0001517302,APAM,Artisan Partners Asset Management Inc.,NYSE
5075,0001517375,SPT,"Sprout Social, Inc.",Nasdaq
5076,0001517389,JFIL,"Jubilant Flame International, Ltd",OTC
5077,0001517396,SSYS,Stratasys Ltd.,Nasdaq
5078,0001517399,SUPV,Grupo Supervielle S.A.,NYSE
5079,0001517413,FSLY,"Fastly, Inc.",NYSE
5080,0001517496,BTCM,Bit Mining Ltd,NYSE
5081,0001517518,EMO,Clearbridge Energy Midstream Opportunity Fund Inc.,NYSE
5082,0001517681,PPCB,"Propanc Biopharma, Inc.",OTC
5083,0001517767,CCIA,Carlyle Credit Income Fund,NYSE
5084,0001517767,CCIF,Carlyle Credit Income Fund,NYSE
5085,0001518336,DREM,Dream Homes & Development Corp.,OTC
5086,0001518461,AMPG,"Amplitech Group, Inc.",Nasdaq
5087,0001518461,AMPGW,"Amplitech Group, Inc.",Nasdaq
5088,0001518542,SPXSF,Spirax-Sarco Engineering Plc/Adr,OTC
5089,0001518542,SPXSY,Spirax-Sarco Engineering Plc/Adr,OTC
5090,0001518557,MMD,Nyli Mackay Definedterm Muni Opportunities Fund,NYSE
5091,0001518621,ORC,"Orchid Island Capital, Inc.",NYSE
5092,0001518715,HMST,"Homestreet, Inc.",Nasdaq
5093,0001519061,TSE,Trinseo Plc,NYSE
5094,0001519401,RM,Regional Management Corp.,NYSE
5095,0001519449,SKWD,"Skyward Specialty Insurance Group, Inc.",Nasdaq
5096,0001519457,NMREF,Namibia Critical Metals Inc.,OTC
5097,0001519469,ANLDF,Anfield Energy Inc.,OTC
5098,0001519472,SMXT,"Solarmax Technology, Inc.",Nasdaq
5099,0001519751,FBIN,"Fortune Brands Innovations, Inc.",NYSE
5100,0001520006,MTDR,Matador Resources Co,NYSE
5101,0001520048,PVL,Permianville Royalty Trust,NYSE
5102,0001520118,INTV,"Integrated Ventures, Inc.",OTC
5103,0001520262,ALKS,Alkermes Plc.,Nasdaq
5104,0001520358,MAMA,"Mama'S Creations, Inc.",Nasdaq
5105,0001520504,CTTRF,"Controladora Vuela Compania De Aviacion, S.A.B. De C.V.",OTC
5106,0001520504,VLRS,"Controladora Vuela Compania De Aviacion, S.A.B. De C.V.",NYSE
5107,0001520697,ACHC,"Acadia Healthcare Company, Inc.",Nasdaq
5108,0001521036,LNTH,"Lantheus Holdings, Inc.",Nasdaq
5109,0001521332,APTV,Aptiv Plc,NYSE
5110,0001521404,BGH,Barings Global Short Duration High Yield Fund,NYSE
5111,0001521951,FBIZ,"First Business Financial Services, Inc.",Nasdaq
5112,0001522222,CLSH,"Cls Holdings Usa, Inc.",OTC
5113,0001522540,MQ,"Marqeta, Inc.",Nasdaq
5114,0001522727,USAC,"Usa Compression Partners, Lp",NYSE
5115,0001522767,MRMD,Marimed Inc.,OTC
5116,0001522860,AFIB,"Acutus Medical, Inc.",OTC
5117,0001523289,DMA,Destra Multi-Alternative Fund,NYSE
5118,0001523836,LITB,"Lightinthebox Holding Co., Ltd.",NYSE
5119,0001524025,TLYS,"Tilly'S, Inc.",NYSE
5120,0001524358,VAC,Marriott Vacations Worldwide Corp,NYSE
5121,0001524472,XYL,Xylem Inc.,NYSE
5122,0001524684,GLCNF,Glencore Plc/Adr,OTC
5123,0001524684,GLNCY,Glencore Plc/Adr,OTC
5124,0001524769,CHKR,Chesapeake Granite Wash Trust,OTC
5125,0001525201,DBL,Doubleline Opportunistic Credit Fund,NYSE
5126,0001525221,VTOL,Bristow Group Inc.,NYSE
5127,0001525306,FSTJ,First America Resources Corp,OTC
5128,0001525769,PLAY,"Dave & Buster'S Entertainment, Inc.",Nasdaq
5129,0001526113,GNL,"Global Net Lease, Inc.",NYSE
5130,0001526113,GNL-PA,"Global Net Lease, Inc.",NYSE
5131,0001526113,GNL-PB,"Global Net Lease, Inc.",NYSE
5132,0001526113,GNL-PD,"Global Net Lease, Inc.",NYSE
5133,0001526113,GNL-PE,"Global Net Lease, Inc.",NYSE
5134,0001526119,VSTM,"Verastem, Inc.",Nasdaq
5135,0001526125,GDHLF,Gds Holdings Ltd,OTC
5136,0001526125,GDS,Gds Holdings Ltd,Nasdaq
5137,0001526243,PPTA,Perpetua Resources Corp.,Nasdaq
5138,0001526520,TRIP,"Tripadvisor, Inc.",Nasdaq
5139,0001527166,CG,Carlyle Group Inc.,Nasdaq
5140,0001527166,CGABL,Carlyle Group Inc.,Nasdaq
5141,0001527352,NXL,"Nexalin Technology, Inc.",Nasdaq
5142,0001527352,NXLIW,"Nexalin Technology, Inc.",Nasdaq
5143,0001527383,BKGM,Bankguam Holding Co,OTC
5144,0001527469,ATH-PA,Athene Holding Ltd.,NYSE
5145,0001527469,ATH-PB,Athene Holding Ltd.,NYSE
5146,0001527469,ATH-PC,Athene Holding Ltd.,NYSE
5147,0001527469,ATH-PD,Athene Holding Ltd.,NYSE
5148,0001527469,ATH-PE,Athene Holding Ltd.,NYSE
5149,0001527469,ATHS,Athene Holding Ltd.,NYSE
5150,0001527541,WHLR,"Wheeler Real Estate Investment Trust, Inc.",Nasdaq
5151,0001527541,WHLRD,"Wheeler Real Estate Investment Trust, Inc.",Nasdaq
5152,0001527541,WHLRL,"Wheeler Real Estate Investment Trust, Inc.",Nasdaq
5153,0001527541,WHLRP,"Wheeler Real Estate Investment Trust, Inc.",Nasdaq
5154,0001527590,RC,Ready Capital Corp,NYSE
5155,0001527590,RC-PC,Ready Capital Corp,NYSE
5156,0001527590,RC-PE,Ready Capital Corp,NYSE
5157,0001527590,RCB,Ready Capital Corp,NYSE
5158,0001527590,RCC,Ready Capital Corp,NYSE
5159,0001527590,RCD,Ready Capital Corp,NYSE
5160,0001527599,SYBX,"Synlogic, Inc.",Nasdaq
5161,0001527613,IMG,Cimg Inc.,Nasdaq
5162,0001527636,ATHM,Autohome Inc.,NYSE
5163,0001527702,IQST,Iqstel Inc,OTC
5164,0001527728,RENB,Renovaro Inc.,Nasdaq
5165,0001527753,PSNL,"Personalis, Inc.",Nasdaq
5166,0001527762,MFH,Mercurity Fintech Holding Inc.,Nasdaq
5167,0001528115,ANNX,"Annexon, Inc.",Nasdaq
5168,0001528129,VTLE,"Vital Energy, Inc.",NYSE
5169,0001528172,ENDV,"Endonovo Therapeutics, Inc.",OTC
5170,0001528188,WNFT,Worldwide Nft Inc.,OTC
5171,0001528287,NPCE,Neuropace Inc,Nasdaq
5172,0001528356,GNE,Genie Energy Ltd.,NYSE
5173,0001528396,GWRE,"Guidewire Software, Inc.",NYSE
5174,0001528437,BTT,Blackrock Municipal 2030 Target Term Trust,NYSE
5175,0001528811,VGI,Virtus Global Multi-Sector Income Fund,NYSE
5176,0001528849,RH,Rh,NYSE
5177,0001528985,INRE,"Inland Real Estate Income Trust, Inc.",OTC
5178,0001528988,BUI,"Blackrock Utilities, Infrastructure & Power Opportunities Trust",NYSE
5179,0001529113,XTIA,"Xti Aerospace, Inc.",Nasdaq
5180,0001529192,VIPS,Vipshop Holdings Ltd,NYSE
5181,0001529274,ALKT,"Alkami Technology, Inc.",Nasdaq
5182,0001529377,ACRE,Ares Commercial Real Estate Corp,NYSE
5183,0001529628,SND,"Smart Sand, Inc.",Nasdaq
5184,0001529864,ENVA,"Enova International, Inc.",NYSE
5185,0001530163,SAML,"Samsara Luggage, Inc.",OTC
5186,0001530185,ATVK,"Ameritek Ventures, Inc.",OTC
5187,0001530238,JOYY,Joyy Inc.,Nasdaq
5188,0001530249,FSBW,"Fs Bancorp, Inc.",Nasdaq
5189,0001530425,ARRT,"Artisan Consumer Goods, Inc.",OTC
5190,0001530721,CPRI,Capri Holdings Ltd,NYSE
5191,0001530746,KAYS,"Kaya Holdings, Inc.",OTC
5192,0001530766,BSGM,"Biosig Technologies, Inc.",Nasdaq
5193,0001530804,TROX,Tronox Holdings Plc,NYSE
5194,0001530950,POST,"Post Holdings, Inc.",NYSE
5195,0001530979,HNST,"Honest Company, Inc.",Nasdaq
5196,0001531031,ESQ,"Esquire Financial Holdings, Inc.",Nasdaq
5197,0001531152,BJ,"Bj'S Wholesale Club Holdings, Inc.",NYSE
5198,0001531177,SGHT,"Sight Sciences, Inc.",Nasdaq
5199,0001531740,TMBBY,Tmb Bank Public Co Limited/Adr,OTC
5200,0001532286,NINE,"Nine Energy Service, Inc.",NYSE
5201,0001532383,VNJA,Vanjia Corp,OTC
5202,0001532390,WTER,Alkaline Water Co Inc,OTC
5203,0001532595,SINC,Sincerity Applied Materials Holdings Corp.,OTC
5204,0001532619,PW,Power Reit,NYSE
5205,0001532619,PW-PA,Power Reit,NYSE
5206,0001532961,NVEE,"Nv5 Global, Inc.",Nasdaq
5207,0001533030,CRYM,"Cryomass Technologies, Inc.",OTC
5208,0001533040,PHIO,Phio Pharmaceuticals Corp.,Nasdaq
5209,0001533232,BEP,Brookfield Renewable Partners L.P.,NYSE
5210,0001533232,BEP-PA,Brookfield Renewable Partners L.P.,NYSE
5211,0001533232,BEPH,Brookfield Renewable Partners L.P.,NYSE
5212,0001533232,BEPI,Brookfield Renewable Partners L.P.,NYSE
5213,0001533232,BEPJ,Brookfield Renewable Partners L.P.,NYSE
5214,0001533232,BRENF,Brookfield Renewable Partners L.P.,OTC
5215,0001533357,DTII,Defense Technologies International Corp.,OTC
5216,0001533615,GMRE,Global Medical Reit Inc.,NYSE
5217,0001533615,GMRE-PA,Global Medical Reit Inc.,NYSE
5218,0001533743,PCSA,"Processa Pharmaceuticals, Inc.",Nasdaq
5219,0001533924,AMPY,Amplify Energy Corp.,NYSE
5220,0001533998,DRIO,Dariohealth Corp.,Nasdaq
5221,0001534043,FUPBY,Fuchs Petrolub Se/Adr,OTC
5222,0001534043,FUPEF,Fuchs Petrolub Se/Adr,OTC
5223,0001534043,FUPEY,Fuchs Petrolub Se/Adr,OTC
5224,0001534043,FUPPF,Fuchs Petrolub Se/Adr,OTC
5225,0001534120,AVTX,"Avalo Therapeutics, Inc.",Nasdaq
5226,0001534133,CALC,"Calcimedica, Inc.",Nasdaq
5227,0001534154,AUID,Authid Inc.,Nasdaq
5228,0001534248,CMMB,Chemomab Therapeutics Ltd.,Nasdaq
5229,0001534254,CICB,Cion Investment Corp,NYSE
5230,0001534254,CION,Cion Investment Corp,NYSE
5231,0001534281,MBUMF,"Mabuchi Motor Co., Ltd./Adr",OTC
5232,0001534281,MBUMY,"Mabuchi Motor Co., Ltd./Adr",OTC
5233,0001534504,PBF,Pbf Energy Inc.,NYSE
5234,0001534525,XBIO,"Xenetic Biosciences, Inc.",Nasdaq
5235,0001534675,TGLS,Tecnoglass Inc.,NYSE
5236,0001534701,PSX,Phillips 66,NYSE
5237,0001534708,BLNE,"Beeline Holdings, Inc.",Nasdaq
5238,0001534880,ISD,"Pgim High Yield Bond Fund, Inc.",NYSE
5239,0001534969,SERA,"Sera Prognostics, Inc.",Nasdaq
5240,0001535527,CRWD,"Crowdstrike Holdings, Inc.",Nasdaq
5241,0001535628,CAIXY,Caixabank/Adr,OTC
5242,0001535628,CIXPF,Caixabank/Adr,OTC
5243,0001535778,MSIF,"Msc Income Fund, Inc.",NYSE
5244,0001535929,VOYA,"Voya Financial, Inc.",NYSE
5245,0001535929,VOYA-PB,"Voya Financial, Inc.",NYSE
5246,0001535955,LPCN,Lipocine Inc.,Nasdaq
5247,0001536196,CANF,Can-Fite Biopharma Ltd.,NYSE
5248,0001536394,USLG,"U.S. Lighting Group, Inc.",OTC
5249,0001537054,GOGO,Gogo Inc.,Nasdaq
5250,0001537137,SLI,Standard Lithium Ltd.,NYSE
5251,0001537435,TGEN,Tecogen Inc.,OTC
5252,0001537561,ARTH,"Arch Therapeutics, Inc.",OTC
5253,0001537561,ARTHQ,"Arch Therapeutics, Inc.",None
5254,0001538118,YKLTF,"Yakult Honsha Co., Ltd/Adr",OTC
5255,0001538118,YKLTY,"Yakult Honsha Co., Ltd/Adr",OTC
5256,0001538217,SRAX,"Srax, Inc.",OTC
5257,0001538263,HTB,"Hometrust Bancshares, Inc.",NYSE
5258,0001538379,IBTA,"Ibotta, Inc.",NYSE
5259,0001538495,ETST,"Earth Science Tech, Inc.",OTC
5260,0001538495,UNOV,"Earth Science Tech, Inc.",CBOE
5261,0001538716,OPRT,Oportun Financial Corp,Nasdaq
5262,0001538847,GLDG,Goldmining Inc.,NYSE
5263,0001538849,CAPL,Crossamerica Partners Lp,NYSE
5264,0001539029,CLSD,"Clearside Biomedical, Inc.",Nasdaq
5265,0001539190,SPPP,Sprott Physical Platinum & Palladium Trust,NYSE
5266,0001539337,JRI,Nuveen Real Asset Income & Growth Fund,NYSE
5267,0001539638,TFIN,"Triumph Financial, Inc.",Nasdaq
5268,0001539638,TFINP,"Triumph Financial, Inc.",Nasdaq
5269,0001539838,FANG,"Diamondback Energy, Inc.",Nasdaq
5270,0001539850,STCB,"Starco Brands, Inc.",OTC
5271,0001540013,QIPT,Quipt Home Medical Corp.,Nasdaq
5272,0001540159,EDSA,"Edesa Biotech, Inc.",Nasdaq
5273,0001540684,ATLX,Atlas Lithium Corp,Nasdaq
5274,0001541119,SFBC,"Sound Financial Bancorp, Inc.",Nasdaq
5275,0001541157,AKTX,Akari Therapeutics Plc,Nasdaq
5276,0001541190,SYHBF,Skyharbour Resources Ltd,OTC
5277,0001541309,CRSLF,Carsales.Com Limited/Adr,OTC
5278,0001541309,CSXXY,Carsales.Com Limited/Adr,OTC
5279,0001541401,ESRT,"Empire State Realty Trust, Inc.",NYSE
5280,0001542028,DOLLD,Dolly Varden Silver Corp,OTC
5281,0001542028,DOLLF,Dolly Varden Silver Corp,OTC
5282,0001542028,DVS,Dolly Varden Silver Corp,NYSE
5283,0001543151,UBER,"Uber Technologies, Inc",NYSE
5284,0001543418,TMQ,Trilogy Metals Inc.,NYSE
5285,0001543623,UCLE,Us Nuclear Corp.,OTC
5286,0001543637,NUMD,"Nu-Med Plus, Inc.",OTC
5287,0001543652,FFLO,"Free Flow Usa, Inc.",OTC
5288,0001543726,NHNKF,Nihon Kohden Corporation/Adr,OTC
5289,0001543726,NHNKY,Nihon Kohden Corporation/Adr,OTC
5290,0001544088,DSRNY,Diasorin Spa/Adr,OTC
5291,0001544206,CGBD,"Carlyle Secured Lending, Inc.",Nasdaq
5292,0001544206,CGBDL,"Carlyle Secured Lending, Inc.",Nasdaq
5293,0001544227,TPST,"Tempest Therapeutics, Inc.",Nasdaq
5294,0001544400,NFTN,Nfiniti Inc.,OTC
5295,0001544522,FRSH,Freshworks Inc.,Nasdaq
5296,0001545224,SILEF,Silver Elephant Mining Corp.,OTC
5297,0001545654,ALEX,"Alexander & Baldwin, Inc.",NYSE
5298,0001545772,BPYPM,Brookfield Property Partners L.P.,Nasdaq
5299,0001545772,BPYPN,Brookfield Property Partners L.P.,Nasdaq
5300,0001545772,BPYPO,Brookfield Property Partners L.P.,Nasdaq
5301,0001545772,BPYPP,Brookfield Property Partners L.P.,Nasdaq
5302,0001545851,VRN,Veren Inc.,NYSE
5303,0001546066,PBA,Pembina Pipeline Corp,NYSE
5304,0001546066,PBNAF,Pembina Pipeline Corp,OTC
5305,0001546066,PMBPF,Pembina Pipeline Corp,OTC
5306,0001546066,PMMBF,Pembina Pipeline Corp,OTC
5307,0001546066,PPLAF,Pembina Pipeline Corp,OTC
5308,0001546066,PPLOF,Pembina Pipeline Corp,OTC
5309,0001546080,BLJZY,Berli Jucker Public Co Limited/Adr,OTC
5310,0001546296,IPDN,"Professional Diversity Network, Inc.",Nasdaq
5311,0001546354,DFRYF,Dufry Ag/Adr,OTC
5312,0001546354,DUFRY,Dufry Ag/Adr,OTC
5313,0001546383,JXG,Jx Luxventure Group Inc.,Nasdaq
5314,0001546417,BLMN,"Bloomin' Brands, Inc.",Nasdaq
5315,0001546429,BGB,Blackstone Strategic Credit 2027 Term Fund,NYSE
5316,0001546538,BTGRF,Bts Group Holdings Public Co Limited/Adr,OTC
5317,0001546538,BTLWF,Bts Group Holdings Public Co Limited/Adr,OTC
5318,0001546538,BTSGY,Bts Group Holdings Public Co Limited/Adr,OTC
5319,0001546652,OUNZ,Vaneck Merk Gold Etf,NYSE
5320,0001546853,SKKY,"Skkynet Cloud Systems, Inc.",OTC
5321,0001547459,NGVC,"Natural Grocers By Vitamin Cottage, Inc.",NYSE
5322,0001547546,LFT,"Lument Finance Trust, Inc.",NYSE
5323,0001547546,LFT-PA,"Lument Finance Trust, Inc.",NYSE
5324,0001547705,BLFR,Bluefire Equipment Corp,OTC
5325,0001547873,PTCAY,Pt Chandra Asri Petrochemical Tbk/Adr,OTC
5326,0001547873,PTPIF,Pt Chandra Asri Petrochemical Tbk/Adr,OTC
5327,0001547903,NMIH,"Nmi Holdings, Inc.",Nasdaq
5328,0001547994,JPI,Nuveen Preferred Securities & Income Opportunities Fund,NYSE
5329,0001548717,LDP,"Cohen & Steers Ltd Duration Preferred & Income Fund, Inc.",NYSE
5330,0001549084,EKSO,"Ekso Bionics Holdings, Inc.",Nasdaq
5331,0001549107,MANU,Manchester United Plc,NYSE
5332,0001549145,BIOF,"Blue Biofuels, Inc.",OTC
5333,0001549346,SSTK,"Shutterstock, Inc.",NYSE
5334,0001549595,NRIX,"Nurix Therapeutics, Inc.",Nasdaq
5335,0001549631,QURT,"Quarta-Rad, Inc.",OTC
5336,0001549802,JD,"Jd.Com, Inc.",Nasdaq
5337,0001549802,JDCMF,"Jd.Com, Inc.",OTC
5338,0001549966,SAMG,Silvercrest Asset Management Group Inc.,Nasdaq
5339,0001550453,TRIC,Trilinc Global Impact Fund Llc,OTC
5340,0001550453,TRLC,Trilinc Global Impact Fund Llc,OTC
5341,0001550695,PHLT,Performant Healthcare Inc,Nasdaq
5342,0001550913,MKZR,"Mackenzie Realty Capital, Inc.",Nasdaq
5343,0001551047,TIPLX,Bluerock Total Income (Plus) Real Estate Fund,None
5344,0001551152,ABBV,Abbvie Inc.,NYSE
5345,0001551182,ETN,Eaton Corp Plc,NYSE
5346,0001551206,HGLD,Patagonia Gold Corp.,OTC
5347,0001551306,PGNY,"Progyny, Inc.",Nasdaq
5348,0001551901,SCM,Stellus Capital Investment Corp,NYSE
5349,0001552000,MPLX,Mplx Lp,NYSE
5350,0001552000,MPLXP,Mplx Lp,OTC
5351,0001552033,TRU,Transunion,NYSE
5352,0001552189,PLSH,"Panacea Life Sciences Holdings, Inc.",OTC
5353,0001552198,WHF,"Whitehorse Finance, Inc.",Nasdaq
5354,0001552198,WHFCL,"Whitehorse Finance, Inc.",Nasdaq
5355,0001552275,SUN,Sunoco Lp,NYSE
5356,0001552670,TAOP,Taoping Inc.,Nasdaq
5357,0001552797,DKL,"Delek Logistics Partners, Lp",NYSE
5358,0001552800,TTSH,"Tile Shop Holdings, Inc.",Nasdaq
5359,0001553079,ESBA,"Empire State Realty Op, L.P.",NYSE
5360,0001553079,FISK,"Empire State Realty Op, L.P.",NYSE
5361,0001553079,OGCP,"Empire State Realty Op, L.P.",NYSE
5362,0001553264,APSI,Aqua Power Systems Inc.,OTC
5363,0001553643,RLMD,"Relmada Therapeutics, Inc.",Nasdaq
5364,0001553788,SBEV,"Splash Beverage Group, Inc.",NYSE
5365,0001553788,SBEV-WT,"Splash Beverage Group, Inc.",NYSE
5366,0001553846,RDHL,Redhill Biopharma Ltd.,Nasdaq
5367,0001554625,PRIF-PD,"Priority Income Fund, Inc.",NYSE
5368,0001554625,PRIF-PF,"Priority Income Fund, Inc.",NYSE
5369,0001554625,PRIF-PI,"Priority Income Fund, Inc.",NYSE
5370,0001554625,PRIF-PJ,"Priority Income Fund, Inc.",NYSE
5371,0001554625,PRIF-PK,"Priority Income Fund, Inc.",NYSE
5372,0001554625,PRIF-PL,"Priority Income Fund, Inc.",NYSE
5373,0001554697,GHY,"Pgim Global High Yield Fund, Inc.",NYSE
5374,0001554818,AUUD,Auddia Inc.,Nasdaq
5375,0001554818,AUUDW,Auddia Inc.,Nasdaq
5376,0001554859,SMLR,"Semler Scientific, Inc.",Nasdaq
5377,0001555017,SKYI,"Sky Century Investment, Inc.",OTC
5378,0001555279,MASS,908 Devices Inc.,Nasdaq
5379,0001555280,ZTS,Zoetis Inc.,NYSE
5380,0001555812,CPAXF,Siam Makro Public Co Limited/Adr,OTC
5381,0001555812,CPXTF,Siam Makro Public Co Limited/Adr,OTC
5382,0001555980,FPRGF,Falco Resources Ltd.,OTC
5383,0001556263,SYRS,"Syros Pharmaceuticals, Inc.",OTC
5384,0001556593,RITM,Rithm Capital Corp.,NYSE
5385,0001556593,RITM-PA,Rithm Capital Corp.,NYSE
5386,0001556593,RITM-PB,Rithm Capital Corp.,NYSE
5387,0001556593,RITM-PC,Rithm Capital Corp.,NYSE
5388,0001556593,RITM-PD,Rithm Capital Corp.,NYSE
5389,0001556727,FNWB,First Northwest Bancorp,Nasdaq
5390,0001556739,THRY,"Thryv Holdings, Inc.",Nasdaq
5391,0001556801,MYCB,"My City Builders, Inc.",OTC
5392,0001556898,THPTF,"Techpoint, Inc.",OTC
5393,0001557376,ZEOX,"Zeo Scientifix, Inc.",OTC
5394,0001557523,PGZ,Principal Real Estate Income Fund,NYSE
5395,0001557746,ACRS,"Aclaris Therapeutics, Inc.",Nasdaq
5396,0001557798,CIIT,"Tianci International, Inc.",Nasdaq
5397,0001557860,GLOB,Globant S.A.,NYSE
5398,0001558569,ISPC,Ispecimen Inc.,Nasdaq
5399,0001558740,WNLV,Winvest Group Ltd,OTC
5400,0001558924,PKKFF,Tenet Fintech Group Inc.,OTC
5401,0001559053,PRTA,Prothena Corp Public Ltd Co,Nasdaq
5402,0001559157,SSOK,"Sunstock, Inc.",OTC
5403,0001559432,TXO,"Txo Partners, L.P.",NYSE
5404,0001559444,FAURY,Forvia Se/Adr,OTC
5405,0001559444,FURCF,Forvia Se/Adr,OTC
5406,0001559720,ABNB,"Airbnb, Inc.",Nasdaq
5407,0001559865,EVTC,"Evertec, Inc.",NYSE
5408,0001559991,DFP,Flaherty & Crumrine Dynamic Preferred & Income Fund Inc,NYSE
5409,0001560143,WYTC,Wytec International Inc,OTC
5410,0001560258,ECOR,"Electrocore, Inc.",Nasdaq
5411,0001560293,TNON,"Tenon Medical, Inc.",Nasdaq
5412,0001560293,TNONW,"Tenon Medical, Inc.",Nasdaq
5413,0001560327,RPD,"Rapid7, Inc.",Nasdaq
5414,0001560385,FWONA,Liberty Media Corp,Nasdaq
5415,0001560385,FWONB,Liberty Media Corp,OTC
5416,0001560385,FWONK,Liberty Media Corp,Nasdaq
5417,0001560385,LLYVA,Liberty Media Corp,Nasdaq
5418,0001560385,LLYVB,Liberty Media Corp,OTC
5419,0001560385,LLYVK,Liberty Media Corp,Nasdaq
5420,0001560672,EARN,Ellington Credit Co,NYSE
5421,0001560968,SMSEY,Samsonite International Sa/Adr,OTC
5422,0001560968,SMSOF,Samsonite International Sa/Adr,OTC
5423,0001561032,HLTC,"National Healthcare Properties, Inc.",OTC
5424,0001561032,NHPAP,"National Healthcare Properties, Inc.",Nasdaq
5425,0001561032,NHPBP,"National Healthcare Properties, Inc.",Nasdaq
5426,0001561550,DDOG,"Datadog, Inc.",Nasdaq
5427,0001561680,TPH,"Tri Pointe Homes, Inc.",NYSE
5428,0001561894,HASI,"Ha Sustainable Infrastructure Capital, Inc.",NYSE
5429,0001561921,TELA,"Tela Bio, Inc.",Nasdaq
5430,0001562051,NML,Neuberger Berman Energy Infrastructure & Income Fund Inc.,NYSE
5431,0001562088,DUOL,"Duolingo, Inc.",Nasdaq
5432,0001562151,CWGL,"Crimson Wine Group, Ltd",OTC
5433,0001562401,AMH,American Homes 4 Rent,NYSE
5434,0001562401,AMH-PG,American Homes 4 Rent,NYSE
5435,0001562401,AMH-PH,American Homes 4 Rent,NYSE
5436,0001562463,INBK,First Internet Bancorp,Nasdaq
5437,0001562463,INBKZ,First Internet Bancorp,Nasdaq
5438,0001562476,TMHC,Taylor Morrison Home Corp,NYSE
5439,0001562528,FBRT,"Franklin Bsp Realty Trust, Inc.",NYSE
5440,0001562528,FBRT-PE,"Franklin Bsp Realty Trust, Inc.",NYSE
5441,0001562733,SNYR,Synergy Chc Corp.,Nasdaq
5442,0001562818,BIT,Blackrock Multi-Sector Income Trust,NYSE
5443,0001563190,COMP,"Compass, Inc.",NYSE
5444,0001563298,EAWD,Energy & Water Development Corp,OTC
5445,0001563411,CSTM,Constellium Se,NYSE
5446,0001563568,EVTV,"Envirotech Vehicles, Inc.",Nasdaq
5447,0001563577,GRTX,"Galera Therapeutics, Inc.",OTC
5448,0001563665,HRGN,"Harvard Apparatus Regenerative Technology, Inc.",OTC
5449,0001563696,ETX,Eaton Vance Municipal Income 2028 Term Trust,NYSE
5450,0001563880,TRVI,"Trevi Therapeutics, Inc.",Nasdaq
5451,0001564180,KNOP,Knot Offshore Partners Lp,NYSE
5452,0001564408,SNAP,Snap Inc,NYSE
5453,0001564538,GRP-UN,Granite Real Estate Investment Trust,NYSE
5454,0001564708,NWS,News Corp,Nasdaq
5455,0001564708,NWSA,News Corp,Nasdaq
5456,0001564824,ALLK,Allakos Inc.,Nasdaq
5457,0001564902,PRKS,United Parks & Resorts Inc.,NYSE
5458,0001565025,ABEV,Ambev S.A.,NYSE
5459,0001565146,GULTU,Gulf Coast Ultra Deep Royalty Trust,OTC
5460,0001565228,VISL,"Vislink Technologies, Inc.",OTC
5461,0001565381,DMB,"Bny Mellon Municipal Bond Infrastructure Fund, Inc.",NYSE
5462,0001565687,INTA,"Intapp, Inc.",Nasdaq
5463,0001566044,VYNE,Vyne Therapeutics Inc.,Nasdaq
5464,0001566388,DSL,Doubleline Income Solutions Fund,NYSE
5465,0001566610,VERB,"Verb Technology Company, Inc.",Nasdaq
5466,0001566826,LGMK,"Logicmark, Inc.",Nasdaq
5467,0001567094,CNH,Cnh Industrial N.V.,NYSE
5468,0001567172,JGSHF,"Jg Summit Holdings, Inc./Adr",OTC
5469,0001567172,JGSMY,"Jg Summit Holdings, Inc./Adr",OTC
5470,0001567264,INTS,"Intensity Therapeutics, Inc.",Nasdaq
5471,0001567526,IHICF,Ihi Corporation/Adr,OTC
5472,0001567526,IHICY,Ihi Corporation/Adr,OTC
5473,0001567529,KMDA,Kamada Ltd,Nasdaq
5474,0001567569,FPF,First Trust Intermediate Duration Preferred & Income Fund,NYSE
5475,0001567683,CWEN,"Clearway Energy, Inc.",NYSE
5476,0001567683,CWEN-A,"Clearway Energy, Inc.",NYSE
5477,0001567900,BLBX,Blackboxstocks Inc.,Nasdaq
5478,0001567925,SILA,"Sila Realty Trust, Inc.",NYSE
5479,0001568100,PD,"Pagerduty, Inc.",NYSE
5480,0001568194,FSCO,Fs Credit Opportunities Corp.,NYSE
5481,0001568385,BMTM,"Bright Mountain Media, Inc.",OTC
5482,0001568628,BQST,Bioquest Corp,OTC
5483,0001568651,OSCR,"Oscar Health, Inc.",NYSE
5484,0001568969,APYP,"Appyea, Inc",OTC
5485,0001569187,AHH,"Armada Hoffler Properties, Inc.",NYSE
5486,0001569187,AHH-PA,"Armada Hoffler Properties, Inc.",NYSE
5487,0001569340,CLCS,"Cell Source, Inc.",OTC
5488,0001569345,CXM,"Sprinklr, Inc.",NYSE
5489,0001569650,OZK,Bank Ozk,Nasdaq
5490,0001569650,OZKAP,Bank Ozk,Nasdaq
5491,0001569994,WSBF,"Waterstone Financial, Inc.",Nasdaq
5492,0001570132,ANVI,"Anvi Global Holdings, Inc.",OTC
5493,0001570562,EOLS,"Evolus, Inc.",Nasdaq
5494,0001570585,LBTYA,Liberty Global Ltd.,Nasdaq
5495,0001570585,LBTYB,Liberty Global Ltd.,Nasdaq
5496,0001570585,LBTYK,Liberty Global Ltd.,Nasdaq
5497,0001570827,VCTR,"Victory Capital Holdings, Inc.",Nasdaq
5498,0001570843,GEBRF,Greenbriar Sustainable Living Inc.,OTC
5499,0001570937,ATAO,Altair International Corp.,OTC
5500,0001571123,SAIC,Science Applications International Corp,Nasdaq
5501,0001571283,REXR,"Rexford Industrial Realty, Inc.",NYSE
5502,0001571283,REXR-PB,"Rexford Industrial Realty, Inc.",NYSE
5503,0001571283,REXR-PC,"Rexford Industrial Realty, Inc.",NYSE
5504,0001571329,LRFC,Logan Ridge Finance Corp.,Nasdaq
5505,0001571776,CHMI,Cherry Hill Mortgage Investment Corp,NYSE
5506,0001571776,CHMI-PA,Cherry Hill Mortgage Investment Corp,NYSE
5507,0001571776,CHMI-PB,Cherry Hill Mortgage Investment Corp,NYSE
5508,0001571934,SNPX,"Synaptogenix, Inc.",Nasdaq
5509,0001571949,ICE,"Intercontinental Exchange, Inc.",NYSE
5510,0001571996,DELL,Dell Technologies Inc.,NYSE
5511,0001572334,VABK,Virginia National Bankshares Corp,Nasdaq
5512,0001572386,GWTI,Greenway Technologies Inc,OTC
5513,0001572616,GUTS,"Fractyl Health, Inc.",Nasdaq
5514,0001572694,GSBD,"Goldman Sachs Bdc, Inc.",NYSE
5515,0001573221,REAL,"Therealreal, Inc.",Nasdaq
5516,0001573516,MUSA,Murphy Usa Inc.,NYSE
5517,0001574085,BHR,Braemar Hotels & Resorts Inc.,NYSE
5518,0001574085,BHR-PB,Braemar Hotels & Resorts Inc.,NYSE
5519,0001574085,BHR-PD,Braemar Hotels & Resorts Inc.,NYSE
5520,0001574094,RNXT,"Renovorx, Inc.",Nasdaq
5521,0001574197,FPH,"Five Point Holdings, Llc",NYSE
5522,0001574232,ADXN,Addex Therapeutics Ltd.,Nasdaq
5523,0001574235,PULM,"Pulmatrix, Inc.",Nasdaq
5524,0001574565,EVGN,Evogene Ltd.,Nasdaq
5525,0001574676,NGHI,"Galenfeha, Inc.",OTC
5526,0001575142,BDPT,"Bioadaptives, Inc.",OTC
5527,0001575295,ALID,Allied Corp.,OTC
5528,0001575311,DTLAP,Brookfield Dtla Fund Office Trust Investor Inc.,OTC
5529,0001575515,SFM,"Sprouts Farmers Market, Inc.",Nasdaq
5530,0001575659,RTSL,"Rapid Therapeutic Science Laboratories, Inc.",OTC
5531,0001575793,WATT,Energous Corp,Nasdaq
5532,0001575828,XPRO,Expro Group Holdings N.V.,NYSE
5533,0001575858,PUBC,Purebase Corp,OTC
5534,0001575965,GLPI,"Gaming & Leisure Properties, Inc.",Nasdaq
5535,0001576018,SPNT,Siriuspoint Ltd,NYSE
5536,0001576018,SPNT-PB,Siriuspoint Ltd,NYSE
5537,0001576018,SSPFF,Siriuspoint Ltd,OTC
5538,0001576197,SENR,"Strategic Environmental & Energy Resources, Inc.",OTC
5539,0001576280,GH,"Guardant Health, Inc.",Nasdaq
5540,0001576427,CRTO,Criteo S.A.,Nasdaq
5541,0001576789,WIX,Wix.Com Ltd.,Nasdaq
5542,0001576873,ABAT,American Battery Technology Co,Nasdaq
5543,0001576885,ABOS,"Acumen Pharmaceuticals, Inc.",Nasdaq
5544,0001576940,CCS,"Century Communities, Inc.",NYSE
5545,0001576942,SFIX,"Stitch Fix, Inc.",Nasdaq
5546,0001577134,TFSA,"Terra Income Fund 6, Llc",NYSE
5547,0001577351,XYLB,"Xy Labs, Inc.",OTC
5548,0001577437,ASC,Ardmore Shipping Corp,NYSE
5549,0001577445,ODYS,Odysight.Ai Inc.,Nasdaq
5550,0001577526,AI,"C3.Ai, Inc.",NYSE
5551,0001577552,BABA,Alibaba Group Holding Ltd,NYSE
5552,0001577552,BABAF,Alibaba Group Holding Ltd,OTC
5553,0001577552,BBAAY,Alibaba Group Holding Ltd,OTC
5554,0001577670,LADR,Ladder Capital Corp,NYSE
5555,0001577916,PINC,"Premier, Inc.",Nasdaq
5556,0001578348,ICMB,"Investcorp Credit Management Bdc, Inc.",Nasdaq
5557,0001578453,DLNG,Dynagas Lng Partners Lp,NYSE
5558,0001578453,DLNG-PA,Dynagas Lng Partners Lp,NYSE
5559,0001578453,DLNG-PB,Dynagas Lng Partners Lp,NYSE
5560,0001578732,MMI,"Marcus & Millichap, Inc.",NYSE
5561,0001578987,BANX,Arrowmark Financial Corp.,Nasdaq
5562,0001579091,CART,Maplebear Inc.,Nasdaq
5563,0001579157,VNCE,Vince Holding Corp.,NYSE
5564,0001579214,EEX,"Emerald Holding, Inc.",NYSE
5565,0001579241,ALLE,Allegion Plc,NYSE
5566,0001579298,BURL,"Burlington Stores, Inc.",NYSE
5567,0001579428,AXSM,"Axsome Therapeutics, Inc.",Nasdaq
5568,0001579684,GCI,"Gannett Co., Inc.",NYSE
5569,0001579733,VITL,"Vital Farms, Inc.",Nasdaq
5570,0001579877,OUT,Outfront Media Inc.,NYSE
5571,0001580063,BIORQ,"Biora Therapeutics, Inc.",OTC
5572,0001580110,LBCMF,Libero Copper & Gold Corp,OTC
5573,0001580149,BIVI,Biovie Inc.,Nasdaq
5574,0001580262,RTON,"Right On Brands, Inc.",OTC
5575,0001580345,TPVG,Triplepoint Venture Growth Bdc Corp.,NYSE
5576,0001580490,IONI,I-On Digital Corp.,OTC
5577,0001580560,FLYW,Flywire Corp,Nasdaq
5578,0001580670,LGIH,"Lgi Homes, Inc.",Nasdaq
5579,0001580808,ATEN,"A10 Networks, Inc.",NYSE
5580,0001580864,VRM,"Vroom, Inc.",Nasdaq
5581,0001580905,IBP,"Installed Building Products, Inc.",NYSE
5582,0001581005,SRRIX,Stone Ridge Trust Ii,None
5583,0001581068,BRX,Brixmor Property Group Inc.,NYSE
5584,0001581091,RMAX,"Re/Max Holdings, Inc.",NYSE
5585,0001581178,EPRX,Eupraxia Pharmaceuticals Inc.,Nasdaq
5586,0001581280,TWST,Twist Bioscience Corp,Nasdaq
5587,0001581285,BCUCF,Brunello Cucinelli S.P.A./Adr,OTC
5588,0001581285,BCUCY,Brunello Cucinelli S.P.A./Adr,OTC
5589,0001581760,LIF,"Life360, Inc.",Nasdaq
5590,0001581760,LIFX,"Life360, Inc.",OTC
5591,0001581804,NVGS,Navigator Holdings Ltd.,NYSE
5592,0001581990,PAGP,Plains Gp Holdings Lp,Nasdaq
5593,0001582313,XENE,Xenon Pharmaceuticals Inc.,Nasdaq
5594,0001582554,MTNB,"Matinas Biopharma Holdings, Inc.",NYSE
5595,0001582581,VJTTY,Voxeljet Ag,OTC
5596,0001582961,DOCN,"Digitalocean Holdings, Inc.",NYSE
5597,0001582982,CCLD,"Carecloud, Inc.",Nasdaq
5598,0001582982,CCLDO,"Carecloud, Inc.",Nasdaq
5599,0001583107,TBPH,"Theravance Biopharma, Inc.",Nasdaq
5600,0001583648,PVLA,"Palvella Therapeutics, Inc.",Nasdaq
5601,0001583708,S,"Sentinelone, Inc.",NYSE
5602,0001583771,CTRVP,"Hepion Pharmaceuticals, Inc.",OTC
5603,0001583771,HEPA,"Hepion Pharmaceuticals, Inc.",Nasdaq
5604,0001584207,OMF,"Onemain Holdings, Inc.",NYSE
5605,0001584371,ICCM,Icecure Medical Ltd.,Nasdaq
5606,0001584480,LAAB,"Startech Labs, Inc.",OTC
5607,0001584509,ARMK,Aramark,NYSE
5608,0001584547,GP,Greenpower Motor Co Inc.,Nasdaq
5609,0001584549,VFF,"Village Farms International, Inc.",Nasdaq
5610,0001584618,ACRL,"Atacama Resources International, Inc.",OTC
5611,0001584693,HITC,Healthcare Integrated Technologies Inc.,OTC
5612,0001584693,SSGC,Healthcare Integrated Technologies Inc.,OTC
5613,0001584754,AKTSQ,"Akoustis Technologies, Inc.",OTC
5614,0001584831,OXBR,Oxbridge Re Holdings Ltd,Nasdaq
5615,0001584831,OXBRW,Oxbridge Re Holdings Ltd,Nasdaq
5616,0001585364,PRGO,Perrigo Co Plc,NYSE
5617,0001585380,INKW,"Greene Concepts, Inc",OTC
5618,0001585389,SMA,"Smartstop Self Storage Reit, Inc.",NYSE
5619,0001585389,SSST,"Smartstop Self Storage Reit, Inc.",OTC
5620,0001585389,STSFF,"Smartstop Self Storage Reit, Inc.",OTC
5621,0001585521,ZM,"Zoom Communications, Inc.",Nasdaq
5622,0001585608,JAGX,"Jaguar Health, Inc.",Nasdaq
5623,0001585689,HLT,Hilton Worldwide Holdings Inc.,NYSE
5624,0001585855,GGZ,Gabelli Global Small & Mid Cap Value Trust,NYSE
5625,0001586454,PMHG,Prime Meridian Holding Co,OTC
5626,0001586495,LTES,Leet Technology Inc.,OTC
5627,0001586554,CBDY,Target Group Inc.,OTC
5628,0001587523,KN,Knowles Corp,NYSE
5629,0001587732,OGS,"One Gas, Inc.",NYSE
5630,0001587987,NEWT,"Newtekone, Inc.",Nasdaq
5631,0001587987,NEWTG,"Newtekone, Inc.",Nasdaq
5632,0001587987,NEWTH,"Newtekone, Inc.",Nasdaq
5633,0001587987,NEWTI,"Newtekone, Inc.",Nasdaq
5634,0001587987,NEWTZ,"Newtekone, Inc.",Nasdaq
5635,0001588014,ADMQ,"Adm Endeavors, Inc.",OTC
5636,0001588084,TANH,Tantech Holdings Ltd,Nasdaq
5637,0001588272,NXPT,"Nexpoint Capital, Inc.",OTC
5638,0001588489,GBTC,Grayscale Bitcoin Trust Etf,NYSE
5639,0001588823,TFII,Tfi International Inc.,NYSE
5640,0001588837,LMRMF,Lomiko Metals Inc.,OTC
5641,0001588978,PRCT,Procept Biorobotics Corp,Nasdaq
5642,0001589061,GYRO,"Gyrodyne, Llc",Nasdaq
5643,0001589149,GWAV,"Greenwave Technology Solutions, Inc.",Nasdaq
5644,0001589150,RGBP,Regen Biopharma Inc,OTC
5645,0001589150,RGBPP,Regen Biopharma Inc,OTC
5646,0001589526,BLBD,Blue Bird Corp,Nasdaq
5647,0001590364,FTAI,Ftai Aviation Ltd.,Nasdaq
5648,0001590364,FTAIM,Ftai Aviation Ltd.,Nasdaq
5649,0001590364,FTAIN,Ftai Aviation Ltd.,Nasdaq
5650,0001590418,FCUV,Focus Universal Inc.,Nasdaq
5651,0001590496,AKOM,Aerkomm Inc.,None
5652,0001590560,QURE,Uniqure N.V.,Nasdaq
5653,0001590584,CVEO,Civeo Corp,NYSE
5654,0001590714,ESI,Element Solutions Inc,NYSE
5655,0001590715,AREC,American Resources Corp,Nasdaq
5656,0001590717,CTRE,"Caretrust Reit, Inc.",NYSE
5657,0001590750,VRDN,"Viridian Therapeutics, Inc.\De",Nasdaq
5658,0001590877,RGNX,Regenxbio Inc.,Nasdaq
5659,0001590895,CZR,"Caesars Entertainment, Inc.",Nasdaq
5660,0001590955,PAYC,"Paycom Software, Inc.",NYSE
5661,0001590976,MBUU,"Malibu Boats, Inc.",Nasdaq
5662,0001591588,AMRK,"A-Mark Precious Metals, Inc.",Nasdaq
5663,0001591670,FPI,Farmland Partners Inc.,NYSE
5664,0001591698,PCTY,Paylocity Holding Corp,Nasdaq
5665,0001591890,FGF,Fundamental Global Inc.,Nasdaq
5666,0001591890,FGFPP,Fundamental Global Inc.,Nasdaq
5667,0001591913,IPSI,"Innovative Payment Solutions, Inc.",OTC
5668,0001591956,ANY,Sphere 3D Corp.,Nasdaq
5669,0001592386,VIRT,"Virtu Financial, Inc.",Nasdaq
5670,0001592438,ROYMF,Royal Mail Plc/Adr,OTC
5671,0001592438,ROYMY,Royal Mail Plc/Adr,OTC
5672,0001592560,VSA,Tctm Kids It Education Inc.,Nasdaq
5673,0001593001,NGTF,"Nightfood Holdings, Inc.",OTC
5674,0001593184,BRGX,"Bioregenx, Inc.",OTC
5675,0001593222,CIO,"City Office Reit, Inc.",NYSE
5676,0001593222,CIO-PA,"City Office Reit, Inc.",NYSE
5677,0001593275,HG,"Hamilton Insurance Group, Ltd.",NYSE
5678,0001593538,JSM,Navient Corp,Nasdaq
5679,0001593538,NAVI,Navient Corp,Nasdaq
5680,0001593548,AGS,"Playags, Inc.",NYSE
5681,0001593549,NUGN,"Livento Group, Inc.",OTC
5682,0001593773,AMJT,Amj Global Technology,None
5683,0001593899,AVIR,"Atea Pharmaceuticals, Inc.",Nasdaq
5684,0001593984,MDWD,Mediwound Ltd.,Nasdaq
5685,0001594204,RBTK,Zhen Ding Resources Inc.,OTC
5686,0001594805,SHOP,Shopify Inc.,Nasdaq
5687,0001594968,VEST,"Vestiage, Inc.",OTC
5688,0001595097,CRBP,"Corbus Pharmaceuticals Holdings, Inc.",Nasdaq
5689,0001595248,GNPX,"Genprex, Inc.",Nasdaq
5690,0001595353,GLMD,Galmed Pharmaceuticals Ltd.,Nasdaq
5691,0001595527,NYC,American Strategic Investment Co.,NYSE
5692,0001595761,WB,Weibo Corp,Nasdaq
5693,0001595974,MGNI,"Magnite, Inc.",Nasdaq
5694,0001596532,ANET,"Arista Networks, Inc.",NYSE
5695,0001596812,ENLV,Enlivex Therapeutics Ltd.,Nasdaq
5696,0001596856,LEJUY,Leju Holdings Ltd,OTC
5697,0001596961,RMBL,"Rumbleon, Inc.",Nasdaq
5698,0001596967,MC,Moelis & Co,NYSE
5699,0001596993,LPG,Dorian Lpg Ltd.,NYSE
5700,0001597033,SABR,Sabre Corp,Nasdaq
5701,0001597095,TOUR,Tuniu Corp,Nasdaq
5702,0001597264,BPMC,Blueprint Medicines Corp,Nasdaq
5703,0001597553,SAGE,"Sage Therapeutics, Inc.",Nasdaq
5704,0001597672,RYAM,Rayonier Advanced Materials Inc.,NYSE
5705,0001597835,CMCM,Cheetah Mobile Inc.,NYSE
5706,0001597846,GRNQ,Greenpro Capital Corp.,Nasdaq
5707,0001597892,JRSS,Jrsis Health Care Corp,OTC
5708,0001598110,CYBR,Cyberark Software Ltd.,Nasdaq
5709,0001598428,MTUS,Metallus Inc.,NYSE
5710,0001598599,IPHA,Innate Pharma Sa,Nasdaq
5711,0001598599,IPHYF,Innate Pharma Sa,OTC
5712,0001598646,NERV,"Minerva Neurosciences, Inc.",Nasdaq
5713,0001598655,GLOP-PA,Gaslog Partners Lp,NYSE
5714,0001598655,GLOP-PB,Gaslog Partners Lp,NYSE
5715,0001598655,GLOP-PC,Gaslog Partners Lp,NYSE
5716,0001598665,HRTG,"Heritage Insurance Holdings, Inc.",NYSE
5717,0001598981,SKYX,Skyx Platforms Corp.,Nasdaq
5718,0001599117,MNTR,"Mentor Capital, Inc.",OTC
5719,0001599298,SMMT,Summit Therapeutics Inc.,Nasdaq
5720,0001599407,EFSH,1847 Holdings Llc,None
5721,0001599617,DNOW,Dnow Inc.,NYSE
5722,0001599901,RNA,"Avidity Biosciences, Inc.",Nasdaq
5723,0001600033,ELF,"E.L.F. Beauty, Inc.",NYSE
5724,0001600438,GMS,Gms Inc.,NYSE
5725,0001600520,JPXGY,"Japan Exchange Group, Inc./Adr",OTC
5726,0001600520,OSCUF,"Japan Exchange Group, Inc./Adr",OTC
5727,0001600620,AUPH,Aurinia Pharmaceuticals Inc.,Nasdaq
5728,0001600626,PKST,Peakstone Realty Trust,NYSE
5729,0001600641,DIBS,"1Stdibs.Com, Inc.",Nasdaq
5730,0001600983,KSCP,"Knightscope, Inc.",Nasdaq
5731,0001601046,KEYS,"Keysight Technologies, Inc.",NYSE
5732,0001601485,ELTX,"Elicio Therapeutics, Inc.",Nasdaq
5733,0001601548,VVX,"V2X, Inc.",NYSE
5734,0001601712,SYF,Synchrony Financial,NYSE
5735,0001601712,SYF-PA,Synchrony Financial,NYSE
5736,0001601712,SYF-PB,Synchrony Financial,NYSE
5737,0001601830,RXRX,"Recursion Pharmaceuticals, Inc.",Nasdaq
5738,0001601936,CYTOF,Altamira Therapeutics Ltd.,OTC
5739,0001602065,VNOM,"Viper Energy, Inc.",Nasdaq
5740,0001602409,FNGR,"Fingermotion, Inc.",Nasdaq
5741,0001602584,CCD,Calamos Dynamic Convertible & Income Fund,Nasdaq
5742,0001602658,ISTR,Investar Holding Corp,Nasdaq
5743,0001602842,MOGO,Mogo Inc.,Nasdaq
5744,0001603016,HMLPF,Hoegh Lng Partners Lp,OTC
5745,0001603145,XIFR,"Xplr Infrastructure, Lp",NYSE
5746,0001603345,AGTX,Agentix Corp.,OTC
5747,0001603454,CELC,Celcuity Inc.,Nasdaq
5748,0001603652,ULY,Urgent.Ly Inc.,Nasdaq
5749,0001603793,NRIS,"Norris Industries, Inc.",OTC
5750,0001603923,WFRD,Weatherford International Plc,Nasdaq
5751,0001603978,AQB,Aquabounty Technologies Inc,Nasdaq
5752,0001603993,NISN,"Nisun International Enterprise Development Group Co., Ltd",Nasdaq
5753,0001604028,WMS,"Advanced Drainage Systems, Inc.",NYSE
5754,0001604174,ECC,Eagle Point Credit Co Inc.,NYSE
5755,0001604174,ECC-PD,Eagle Point Credit Co Inc.,NYSE
5756,0001604174,ECCC,Eagle Point Credit Co Inc.,NYSE
5757,0001604174,ECCF,Eagle Point Credit Co Inc.,NYSE
5758,0001604174,ECCU,Eagle Point Credit Co Inc.,NYSE
5759,0001604174,ECCV,Eagle Point Credit Co Inc.,NYSE
5760,0001604174,ECCW,Eagle Point Credit Co Inc.,NYSE
5761,0001604174,ECCX,Eagle Point Credit Co Inc.,NYSE
5762,0001604191,ENTO,"Entero Therapeutics, Inc.",Nasdaq
5763,0001604464,ATRA,"Atara Biotherapeutics, Inc.",Nasdaq
5764,0001604481,CMBT,Cmb.Tech Nv,NYSE
5765,0001604522,THQ,Abrdn Healthcare Opportunities Fund,NYSE
5766,0001604665,WLKP,Westlake Chemical Partners Lp,NYSE
5767,0001604778,QRVO,"Qorvo, Inc.",Nasdaq
5768,0001604821,NTRA,"Natera, Inc.",Nasdaq
5769,0001604868,GRWG,Growgeneration Corp.,Nasdaq
5770,0001604950,SCPH,Scpharmaceuticals Inc.,Nasdaq
5771,0001605057,VMNT,"Vemanti Group, Inc.",OTC
5772,0001605301,CBFV,"Cb Financial Services, Inc.",Nasdaq
5773,0001605331,ABQQ,Ab International Group Corp.,OTC
5774,0001605481,NGLD,Nevada Canyon Gold Corp.,OTC
5775,0001605484,STLA,Stellantis N.V.,NYSE
5776,0001605607,PGRE,"Paramount Group, Inc.",NYSE
5777,0001605888,ATLN,Atlantic International Corp.,Nasdaq
5778,0001605888,SQLLW,Atlantic International Corp.,OTC
5779,0001606163,LMB,"Limbach Holdings, Inc.",Nasdaq
5780,0001606268,VIASP,"Via Renewables, Inc.",Nasdaq
5781,0001606366,LOCO,"El Pollo Loco Holdings, Inc.",Nasdaq
5782,0001606498,AVNS,"Avanos Medical, Inc.",NYSE
5783,0001606745,LTRPA,"Liberty Tripadvisor Holdings, Inc.",OTC
5784,0001606745,LTRPB,"Liberty Tripadvisor Holdings, Inc.",OTC
5785,0001606757,KE,"Kimball Electronics, Inc.",Nasdaq
5786,0001606909,PANL,Pangaea Logistics Solutions Ltd.,Nasdaq
5787,0001607004,MRNJ,"Metatron Apps, Inc.",OTC
5788,0001607678,VKTX,"Viking Therapeutics, Inc.",Nasdaq
5789,0001607939,UDMY,"Udemy, Inc.",Nasdaq
5790,0001607962,LFWD,Lifeward Ltd.,Nasdaq
5791,0001607997,NMS,Nuveen Minnesota Quality Municipal Income Fund,NYSE
5792,0001608016,PSOIX,Palmer Square Opportunistic Income Fund,None
5793,0001608092,KITL,Kisses From Italy Inc.,OTC
5794,0001608390,AFMD,Affimed N.V.,Nasdaq
5795,0001608741,QQQX,Nuveen Nasdaq 100 Dynamic Overwrite Fund,Nasdaq
5796,0001608742,DIAX,Nuveen Dow 30Sm Dynamic Overwrite Fund,NYSE
5797,0001609065,PBHC,"Pathfinder Bancorp, Inc.",Nasdaq
5798,0001609139,INND,"Innerscope Hearing Technologies, Inc.",OTC
5799,0001609151,WEAV,"Weave Communications, Inc.",NYSE
5800,0001609253,CRC,California Resources Corp,NYSE
5801,0001609258,PTCO,Petrogas Co,OTC
5802,0001609550,INSP,"Inspire Medical Systems, Inc.",NYSE
5803,0001609711,GDDY,Godaddy Inc.,NYSE
5804,0001609804,OEC,Orion S.A.,NYSE
5805,0001609809,MCRB,"Seres Therapeutics, Inc.",Nasdaq
5806,0001610250,BOOT,"Boot Barn Holdings, Inc.",NYSE
5807,0001610520,UBS,Ubs Group Ag,NYSE
5808,0001610590,CHEK,Check-Cap Ltd,Nasdaq
5809,0001610601,MOMO,Hello Group Inc.,Nasdaq
5810,0001610618,CDTX,"Cidara Therapeutics, Inc.",Nasdaq
5811,0001610682,USDP,Usd Partners Lp,OTC
5812,0001610718,ODRS,"Outdoor Specialty Products, Inc.",OTC
5813,0001610820,BCTX,Briacell Therapeutics Corp.,Nasdaq
5814,0001610820,BCTXW,Briacell Therapeutics Corp.,Nasdaq
5815,0001610820,BCTXZ,Briacell Therapeutics Corp.,Nasdaq
5816,0001610853,HSDT,"Helius Medical Technologies, Inc.",Nasdaq
5817,0001610853,HSDTW,"Helius Medical Technologies, Inc.",OTC
5818,0001610940,BDRY,Amplify Commodity Trust,NYSE
5819,0001610940,BWET,Amplify Commodity Trust,NYSE
5820,0001611005,KEN,Kenon Holdings Ltd.,NYSE
5821,0001611052,PCOR,"Procore Technologies, Inc.",NYSE
5822,0001611547,UE,Urban Edge Properties,NYSE
5823,0001611647,FRPT,"Freshpet, Inc.",Nasdaq
5824,0001611746,SPRC,Scisparc Ltd.,Nasdaq
5825,0001611747,SCNI,Scinai Immunotherapeutics Ltd.,Nasdaq
5826,0001611842,PYPD,Polypid Ltd.,Nasdaq
5827,0001611983,LBRDA,Liberty Broadband Corp,Nasdaq
5828,0001611983,LBRDB,Liberty Broadband Corp,OTC
5829,0001611983,LBRDK,Liberty Broadband Corp,Nasdaq
5830,0001611983,LBRDP,Liberty Broadband Corp,Nasdaq
5831,0001612042,ASND,Ascendis Pharma A/S,Nasdaq
5832,0001612630,JYNT,Joint Corp,Nasdaq
5833,0001612720,NEXT,Nextdecade Corp.,Nasdaq
5834,0001612940,PRQR,Proqr Therapeutics N.V.,Nasdaq
5835,0001613103,MDT,Medtronic Plc,NYSE
5836,0001613780,DBVT,Dbv Technologies S.A.,Nasdaq
5837,0001613895,BMXC,"Bemax, Inc.",OTC
5838,0001613979,ZPHYF,Zephyr Minerals Ltd.,OTC
5839,0001614178,YEXT,"Yext, Inc.",NYSE
5840,0001614744,PPBT,Purple Biotech Ltd.,Nasdaq
5841,0001614806,RPT,Rithm Property Trust Inc.,NYSE
5842,0001614806,RPT-PC,Rithm Property Trust Inc.,NYSE
5843,0001615063,INSE,"Inspired Entertainment, Inc.",Nasdaq
5844,0001615165,VERI,"Veritone, Inc.",Nasdaq
5845,0001615219,SLRX,"Salarius Pharmaceuticals, Inc.",Nasdaq
5846,0001615903,IFS,Intercorp Financial Services Inc.,NYSE
5847,0001615905,JGH,Nuveen Global High Income Fund,NYSE
5848,0001616000,XHR,"Xenia Hotels & Resorts, Inc.",NYSE
5849,0001616156,WEWA,"Wewards, Inc.",OTC
5850,0001616262,RMCF,"Rocky Mountain Chocolate Factory, Inc.",Nasdaq
5851,0001616291,JPPYY,Jupai Holdings Ltd,OTC
5852,0001616533,PENG,"Penguin Solutions, Inc.",Nasdaq
5853,0001616543,SENS,"Senseonics Holdings, Inc.",NYSE
5854,0001616678,BST,Blackrock Science & Technology Trust,NYSE
5855,0001616707,W,Wayfair Inc.,NYSE
5856,0001616736,GGBY,Alpha Investment Inc.,OTC
5857,0001616862,AXTA,Axalta Coating Systems Ltd.,NYSE
5858,0001617242,KRNY,Kearny Financial Corp.,Nasdaq
5859,0001617406,PK,Park Hotels & Resorts Inc.,NYSE
5860,0001617553,ZIP,"Ziprecruiter, Inc.",NYSE
5861,0001617640,Z,"Zillow Group, Inc.",Nasdaq
5862,0001617640,ZG,"Zillow Group, Inc.",Nasdaq
5863,0001617765,LNDZF,Evome Medical Technologies Inc.,OTC
5864,0001617867,AMIX,"Autonomix Medical, Inc.",Nasdaq
5865,0001618181,GLDM,World Gold Trust,NYSE
5866,0001618500,XYLO,Xylo Technologies Ltd,Nasdaq
5867,0001618563,NSA,National Storage Affiliates Trust,NYSE
5868,0001618563,NSA-PA,National Storage Affiliates Trust,NYSE
5869,0001618563,NSA-PB,National Storage Affiliates Trust,NYSE
5870,0001618673,PFGC,Performance Food Group Co,NYSE
5871,0001618732,NTNX,"Nutanix, Inc.",Nasdaq
5872,0001618755,RSTRF,Restaurant Brands International Limited Partnership,OTC
5873,0001618756,QSR,Restaurant Brands International Inc.,NYSE
5874,0001618835,EVFM,"Evofem Biosciences, Inc.",OTC
5875,0001618921,WBA,"Walgreens Boots Alliance, Inc.",Nasdaq
5876,0001619096,SNTW,Summit Networks Inc.,OTC
5877,0001619174,BHLD,Blockhold Capital Corp,OTC
5878,0001619227,CLOW,"Cloudweb, Inc.",OTC
5879,0001619312,LTSV,"Lightstone Value Plus Reit Iv, Inc.",OTC
5880,0001619544,JFU,9F Inc.,Nasdaq
5881,0001619762,IGT,International Game Technology Plc,NYSE
5882,0001619856,CRBU,"Caribou Biosciences, Inc.",Nasdaq
5883,0001620179,XELA,"Exela Technologies, Inc.",OTC
5884,0001620179,XELAP,"Exela Technologies, Inc.",OTC
5885,0001620280,UNIT,Uniti Group Inc.,Nasdaq
5886,0001620393,NXRT,"Nexpoint Residential Trust, Inc.",NYSE
5887,0001620459,JRVR,"James River Group Holdings, Ltd.",Nasdaq
5888,0001620463,ATHA,"Athira Pharma, Inc.",Nasdaq
5889,0001620533,SHAK,Shake Shack Inc.,NYSE
5890,0001620737,OGI,Organigram Global Inc.,Nasdaq
5891,0001620749,PHCI,Panamera Holdings Corp,OTC
5892,0001621221,ARTL,"Artelo Biosciences, Inc.",Nasdaq
5893,0001621221,ATLEW,"Artelo Biosciences, Inc.",OTC
5894,0001621227,ADAP,Adaptimmune Therapeutics Plc,Nasdaq
5895,0001621434,BSM,"Black Stone Minerals, L.P.",NYSE
5896,0001621434,BSMLP,"Black Stone Minerals, L.P.",OTC
5897,0001621672,SLE,"Super League Enterprise, Inc.",Nasdaq
5898,0001621832,AQMS,"Aqua Metals, Inc.",Nasdaq
5899,0001621906,WSTRF,Western Uranium & Vanadium Corp.,OTC
5900,0001622148,HGLB,Highland Global Allocation Fund,NYSE
5901,0001622194,DEA,"Easterly Government Properties, Inc.",NYSE
5902,0001622229,COGT,"Cogent Biosciences, Inc.",Nasdaq
5903,0001622244,OWPC,"One World Products, Inc.",OTC
5904,0001622345,POLA,"Polar Power, Inc.",Nasdaq
5905,0001622536,TLN,Talen Energy Corp,Nasdaq
5906,0001622879,SHWZ,"Medicine Man Technologies, Inc.",OTC
5907,0001623526,STOK,"Stoke Therapeutics, Inc.",Nasdaq
5908,0001623925,AM,Antero Midstream Corp,NYSE
5909,0001624322,BFST,"Business First Bancshares, Inc.",Nasdaq
5910,0001624326,PAVM,Pavmed Inc.,Nasdaq
5911,0001624326,PAVMZ,Pavmed Inc.,Nasdaq
5912,0001624512,BOXL,Boxlight Corp,Nasdaq
5913,0001624517,YCRM,Yuenglings Ice Cream Corp,OTC
5914,0001624794,CSWI,"Csw Industrials, Inc.",Nasdaq
5915,0001625101,PLSE,"Pulse Biosciences, Inc.",Nasdaq
5916,0001625278,NRDS,"Nerdwallet, Inc.",Nasdaq
5917,0001625288,NXEN,"Nexien Biopharma, Inc.",OTC
5918,0001625297,INDV,Indivior Plc,Nasdaq
5919,0001625414,BZUN,Baozun Inc.,Nasdaq
5920,0001625641,LAW,"Cs Disco, Inc.",NYSE
5921,0001625791,KRNT,Kornit Digital Ltd.,Nasdaq
5922,0001626115,PJT,Pjt Partners Inc.,NYSE
5923,0001626450,BIGC,"Bigcommerce Holdings, Inc.",Nasdaq
5924,0001626644,ODYY,"Odyssey Health, Inc.",OTC
5925,0001626878,XBIT,Xbiotech Inc.,Nasdaq
5926,0001626971,CRVS,"Corvus Pharmaceuticals, Inc.",Nasdaq
5927,0001627223,CC,Chemours Co,NYSE
5928,0001627272,OR,Osisko Gold Royalties Ltd,NYSE
5929,0001627281,CLLS,Cellectis S.A.,Nasdaq
5930,0001627282,CWD,Calibercos Inc.,Nasdaq
5931,0001627469,PTZH,"Photozou Holdings, Inc.",OTC
5932,0001627475,UPWK,"Upwork, Inc",Nasdaq
5933,0001627606,DTEAF,Davidstea Inc.,OTC
5934,0001628040,RCIAX,Alternative Credit Income Fund,None
5935,0001628063,SRG,Seritage Growth Properties,NYSE
5936,0001628063,SRG-PA,Seritage Growth Properties,NYSE
5937,0001628171,RVMD,"Revolution Medicines, Inc.",Nasdaq
5938,0001628171,RVMDW,"Revolution Medicines, Inc.",Nasdaq
5939,0001628369,CWK,Cushman & Wakefield Plc,NYSE
5940,0001628808,PROF,Profound Medical Corp.,Nasdaq
5941,0001628908,EVH,"Evolent Health, Inc.",NYSE
5942,0001629019,MBIN,Merchants Bancorp,Nasdaq
5943,0001629019,MBINL,Merchants Bancorp,Nasdaq
5944,0001629019,MBINM,Merchants Bancorp,Nasdaq
5945,0001629019,MBINN,Merchants Bancorp,Nasdaq
5946,0001629210,PZG,Paramount Gold Nevada Corp.,NYSE
5947,0001629632,EGTYD,Eguana Technologies Inc.,OTC
5948,0001629632,EGTYF,Eguana Technologies Inc.,OTC
5949,0001630113,BTCY,Biotricity Inc.,OTC
5950,0001630176,HYEX,Healthy Extracts Inc.,OTC
5951,0001630212,ALBT,Avalon Globocare Corp.,Nasdaq
5952,0001630472,TRTX,"Tpg Re Finance Trust, Inc.",NYSE
5953,0001630472,TRTX-PC,"Tpg Re Finance Trust, Inc.",NYSE
5954,0001630627,TMCI,"Treace Medical Concepts, Inc.",Nasdaq
5955,0001630805,BW,"Babcock & Wilcox Enterprises, Inc.",NYSE
5956,0001630805,BW-PA,"Babcock & Wilcox Enterprises, Inc.",NYSE
5957,0001630805,BWNB,"Babcock & Wilcox Enterprises, Inc.",NYSE
5958,0001630805,BWSN,"Babcock & Wilcox Enterprises, Inc.",NYSE
5959,0001631282,DTSS,Datasea Inc.,Nasdaq
5960,0001631487,CLGN,Collplant Biotechnologies Ltd,Nasdaq
5961,0001631569,CHCT,Community Healthcare Trust Inc,NYSE
5962,0001631574,WVE,Wave Life Sciences Ltd.,Nasdaq
5963,0001631596,KREF,Kkr Real Estate Finance Trust Inc.,NYSE
5964,0001631596,KREF-PA,Kkr Real Estate Finance Trust Inc.,NYSE
5965,0001631761,YRD,Yiren Digital Ltd.,NYSE
5966,0001632121,BLNC,"Balance Labs, Inc.",OTC
5967,0001632127,CABO,"Cable One, Inc.",NYSE
5968,0001632790,ENR,"Energizer Holdings, Inc.",NYSE
5969,0001632970,AHR,"American Healthcare Reit, Inc.",NYSE
5970,0001633273,TLIF,"Tocca Life Holdings, Inc.",OTC
5971,0001633336,CCAP,"Crescent Capital Bdc, Inc.",Nasdaq
5972,0001633336,FCRX,"Crescent Capital Bdc, Inc.",NYSE
5973,0001633369,CAST,"Freecast, Inc.",OTC
5974,0001633917,PYPL,"Paypal Holdings, Inc.",Nasdaq
5975,0001633931,BLD,Topbuild Corp,NYSE
5976,0001633932,EPIX,Essa Pharma Inc.,Nasdaq
5977,0001633978,LITE,Lumentum Holdings Inc.,Nasdaq
5978,0001634117,BNED,"Barnes & Noble Education, Inc.",NYSE
5979,0001634293,EXDW,"Exceed World, Inc.",OTC
5980,0001634394,RSCI,"Redwood Scientific Technologies, Inc.",OTC
5981,0001635077,ACON,"Aclarion, Inc.",Nasdaq
5982,0001635077,ACONW,"Aclarion, Inc.",Nasdaq
5983,0001635088,ROIV,Roivant Sciences Ltd.,Nasdaq
5984,0001635282,RMNI,"Rimini Street, Inc.",Nasdaq
5985,0001635327,FLUT,Flutter Entertainment Plc,NYSE
5986,0001635729,EQTRF,Altamira Gold Corp.,OTC
5987,0001635977,THW,Abrdn World Healthcare Fund,NYSE
5988,0001636051,FUST,Fuse Group Holding Inc.,OTC
5989,0001636222,WING,Wingstop Inc.,Nasdaq
5990,0001636282,SYRE,"Spyre Therapeutics, Inc.",Nasdaq
5991,0001636289,ACV,Virtus Diversified Income & Convertible Fund,NYSE
5992,0001636422,HCAT,"Health Catalyst, Inc.",Nasdaq
5993,0001636519,MSGS,Madison Square Garden Sports Corp.,NYSE
5994,0001636639,FIHL,Fidelis Insurance Holdings Ltd,NYSE
5995,0001636651,OVID,Ovid Therapeutics Inc.,Nasdaq
5996,0001637147,ZSPC,"Zspace, Inc.",Nasdaq
5997,0001637207,PLNT,"Planet Fitness, Inc.",NYSE
5998,0001637459,KHC,Kraft Heinz Co,Nasdaq
5999,0001637715,OKUR,"Onkure Therapeutics, Inc.",Nasdaq
6000,0001637810,FSV,Firstservice Corp,Nasdaq
6001,0001637866,DGWR,"Deep Green Waste & Recycling, Inc.",OTC
6002,0001637873,ACVA,Acv Auctions Inc.,NYSE
6003,0001638097,ENTX,Entera Bio Ltd.,Nasdaq
6004,0001638287,MTVA,Metavia Inc.,Nasdaq
6005,0001638290,MCFT,"Mastercraft Boat Holdings, Inc.",Nasdaq
6006,0001638826,TTAN,"Servicetitan, Inc.",Nasdaq
6007,0001638833,SGRY,"Surgery Partners, Inc.",Nasdaq
6008,0001638911,DUKR,Duke Robotics Corp.,OTC
6009,0001639142,AETHF,Aether Global Innovations Corp.,OTC
6010,0001639300,OLLI,"Ollie'S Bargain Outlet Holdings, Inc.",Nasdaq
6011,0001639438,CAVA,"Cava Group, Inc.",NYSE
6012,0001639691,LIVN,Livanova Plc,Nasdaq
6013,0001639825,PTON,"Peloton Interactive, Inc.",Nasdaq
6014,0001639877,GSM,Ferroglobe Plc,Nasdaq
6015,0001639920,SPOT,Spotify Technology S.A.,NYSE
6016,0001640043,PXS,Pyxis Tankers Inc.,Nasdaq
6017,0001640043,PXSAW,Pyxis Tankers Inc.,Nasdaq
6018,0001640147,SNOW,Snowflake Inc.,NYSE
6019,0001640251,WINSF,Wins Finance Holdings Inc.,OTC
6020,0001640266,VYGR,"Voyager Therapeutics, Inc.",Nasdaq
6021,0001640384,LMFA,"Lm Funding America, Inc.",Nasdaq
6022,0001640428,EVER,"Everquote, Inc.",Nasdaq
6023,0001641229,FFMGF,First Mining Gold Corp.,OTC
6024,0001641281,BOLT,"Bolt Biotherapeutics, Inc.",Nasdaq
6025,0001641398,GDC,Gd Culture Group Ltd,Nasdaq
6026,0001641489,VTVT,Vtv Therapeutics Inc.,Nasdaq
6027,0001641601,RVRF,River Financial Corp,OTC
6028,0001641614,PMTS,Cpi Card Group Inc.,Nasdaq
6029,0001641631,XAIR,"Beyond Air, Inc.",Nasdaq
6030,0001642122,AC,"Associated Capital Group, Inc.",NYSE
6031,0001642159,SIGY,"Sigyn Therapeutics, Inc.",OTC
6032,0001642178,AGNPF,Algernon Pharmaceuticals Inc.,OTC
6033,0001642365,ALTB,Alpine Auto Brokers Inc.,OTC
6034,0001642380,OCX,Oncocyte Corp,Nasdaq
6035,0001642896,IOT,Samsara Inc.,NYSE
6036,0001643154,ITHUF,"Ianthus Capital Holdings, Inc.",OTC
6037,0001643301,AVRW,"Avenir Wellness Solutions, Inc.",OTC
6038,0001643303,NNDM,Nano Dimension Ltd.,Nasdaq
6039,0001643615,MEG,"Montrose Environmental Group, Inc.",NYSE
6040,0001643715,LISMF,Lithium South Development Corp,OTC
6041,0001643721,LBUY,"Leafbuyer Technologies, Inc.",OTC
6042,0001643918,BDRX,Biodexa Pharmaceuticals Plc,Nasdaq
6043,0001643953,PRPL,"Purple Innovation, Inc.",Nasdaq
6044,0001643988,LPTV,"Loop Media, Inc.",OTC
6045,0001644378,RMR,Rmr Group Inc.,Nasdaq
6046,0001644488,SHRG,Sharing Services Global Corp,OTC
6047,0001644771,RSF,"Rivernorth Capital & Income Fund, Inc.",NYSE
6048,0001644903,YCBD,"Cbdmd, Inc.",NYSE
6049,0001644903,YCBD-PA,"Cbdmd, Inc.",NYSE
6050,0001644963,ATXI,"Avenue Therapeutics, Inc.",OTC
6051,0001645113,NVCR,Novocure Ltd,Nasdaq
6052,0001645155,WBSR,Webstar Technology Group Inc.,OTC
6053,0001645460,CUE,"Cue Biopharma, Inc.",Nasdaq
6054,0001645469,MNPR,Monopar Therapeutics,Nasdaq
6055,0001645590,HPE,Hewlett Packard Enterprise Co,NYSE
6056,0001645590,HPE-PC,Hewlett Packard Enterprise Co,NYSE
6057,0001645666,KZR,"Kezar Life Sciences, Inc.",Nasdaq
6058,0001645873,MDV,"Modiv Industrial, Inc.",NYSE
6059,0001645873,MDV-PA,"Modiv Industrial, Inc.",NYSE
6060,0001646188,ONDS,Ondas Holdings Inc.,Nasdaq
6061,0001646972,ACI,"Albertsons Companies, Inc.",NYSE
6062,0001647088,WSC,Willscot Holdings Corp,Nasdaq
6063,0001647639,UPST,"Upstart Holdings, Inc.",Nasdaq
6064,0001647822,SVMB,"Jingbo Technology, Inc.",OTC
6065,0001648087,AREB,American Rebel Holdings Inc,Nasdaq
6066,0001648087,AREBW,American Rebel Holdings Inc,Nasdaq
6067,0001648257,HCM,Hutchmed (China) Ltd,Nasdaq
6068,0001648257,HMDCF,Hutchmed (China) Ltd,OTC
6069,0001648416,RACE,Ferrari N.V.,NYSE
6070,0001648636,TRLEF,Trillion Energy International Inc.,OTC
6071,0001648960,DATS,"Datchat, Inc.",Nasdaq
6072,0001648960,DATSW,"Datchat, Inc.",Nasdaq
6073,0001649009,SYTA,Siyata Mobile Inc.,Nasdaq
6074,0001649009,SYTAW,Siyata Mobile Inc.,Nasdaq
6075,0001649094,PCVX,"Vaxcyte, Inc.",Nasdaq
6076,0001649096,CLPR,Clipper Realty Inc.,NYSE
6077,0001649313,BWLP,Bw Lpg Ltd,NYSE
6078,0001649739,BAFN,Bayfirst Financial Corp.,Nasdaq
6079,0001649744,DLTH,Duluth Holdings Inc.,Nasdaq
6080,0001649749,FBK,Fb Financial Corp,NYSE
6081,0001649752,NMG,Nouveau Monde Graphite Inc.,NYSE
6082,0001649904,RYTM,"Rhythm Pharmaceuticals, Inc.",Nasdaq
6083,0001649989,OTLK,"Outlook Therapeutics, Inc.",Nasdaq
6084,0001650101,ATXG,Addentax Group Corp.,Nasdaq
6085,0001650107,CCEP,Coca-Cola Europacific Partners Plc,Nasdaq
6086,0001650132,FCPT,"Four Corners Property Trust, Inc.",NYSE
6087,0001650164,TOST,"Toast, Inc.",NYSE
6088,0001650287,QYOUF,Qyou Media Inc.,OTC
6089,0001650372,TEAM,Atlassian Corp,Nasdaq
6090,0001650575,BRQSF,"Borqs Technologies, Inc.",OTC
6091,0001650648,FDMT,"4D Molecular Therapeutics, Inc.",Nasdaq
6092,0001650664,EDIT,"Editas Medicine, Inc.",Nasdaq
6093,0001650696,LSF,"Laird Superfood, Inc.",NYSE
6094,0001650729,SITE,"Siteone Landscape Supply, Inc.",NYSE
6095,0001651308,BEIGF,"Beigene, Ltd.",OTC
6096,0001651308,ONC,"Beigene, Ltd.",Nasdaq
6097,0001651311,MRUS,Merus N.V.,Nasdaq
6098,0001651407,CKPT,"Checkpoint Therapeutics, Inc.",Nasdaq
6099,0001651562,COUR,"Coursera, Inc.",NYSE
6100,0001651625,ACIU,Ac Immune Sa,Nasdaq
6101,0001651717,NOMD,Nomad Foods Ltd,NYSE
6102,0001651721,GIPR,"Generation Income Properties, Inc.",Nasdaq
6103,0001651721,GIPRW,"Generation Income Properties, Inc.",Nasdaq
6104,0001651932,XITO,"Xenous Holdings, Inc.",OTC
6105,0001651992,ASFT,"Appsoft Technologies, Inc.",OTC
6106,0001652044,GOOG,Alphabet Inc.,Nasdaq
6107,0001652044,GOOGL,Alphabet Inc.,Nasdaq
6108,0001652130,NTLA,"Intellia Therapeutics, Inc.",Nasdaq
6109,0001652535,ICHR,"Ichor Holdings, Ltd.",Nasdaq
6110,0001652539,SNRG,Susglobal Energy Corp.,OTC
6111,0001652561,DQWS,Dswiss Inc,OTC
6112,0001652935,ACTU,"Actuate Therapeutics, Inc.",Nasdaq
6113,0001653087,ALEC,"Alector, Inc.",Nasdaq
6114,0001653242,NTB,Bank Of N.T. Butterfield & Son Ltd,NYSE
6115,0001653384,RWAY,Runway Growth Finance Corp.,Nasdaq
6116,0001653384,RWAYL,Runway Growth Finance Corp.,Nasdaq
6117,0001653384,RWAYZ,Runway Growth Finance Corp.,Nasdaq
6118,0001653477,NGVT,Ingevity Corp,NYSE
6119,0001653482,GTLB,Gitlab Inc.,Nasdaq
6120,0001653558,PRTH,"Priority Technology Holdings, Inc.",Nasdaq
6121,0001653558,PRTHU,"Priority Technology Holdings, Inc.",OTC
6122,0001653606,EHVVF,"Ehave, Inc.",OTC
6123,0001653653,RRR,"Red Rock Resorts, Inc.",Nasdaq
6124,0001653909,BIRD,"Allbirds, Inc.",Nasdaq
6125,0001654126,ZIM,Zim Integrated Shipping Services Ltd.,NYSE
6126,0001654595,MDRR,"Medalist Diversified Reit, Inc.",Nasdaq
6127,0001654672,PNPL,"Pineapple, Inc.",OTC
6128,0001654795,BBU,Brookfield Business Partners L.P.,NYSE
6129,0001655050,BCSF,"Bain Capital Specialty Finance, Inc.",NYSE
6130,0001655099,RA,Brookfield Real Assets Income Fund Inc.,NYSE
6131,0001655210,BYND,"Beyond Meat, Inc.",Nasdaq
6132,0001655759,ARVN,"Arvinas, Inc.",Nasdaq
6133,0001655888,OBDC,Blue Owl Capital Corp,NYSE
6134,0001655891,TRMD,Torm Plc,Nasdaq
6135,0001655923,ACOG,Alpha Cognition Inc.,Nasdaq
6136,0001656081,DAVA,Endava Plc,NYSE
6137,0001656472,CRON,Cronos Group Inc.,Nasdaq
6138,0001657045,CHMX,Next-Chemx Corporation.,OTC
6139,0001657214,ILAL,International Land Alliance Inc.,OTC
6140,0001657312,VRNA,Verona Pharma Plc,Nasdaq
6141,0001657573,XMTR,"Xometry, Inc.",Nasdaq
6142,0001657642,SLBK,"Skyline Bankshares, Inc.",OTC
6143,0001657788,KRP,"Kimbell Royalty Partners, Lp",NYSE
6144,0001657853,HTZ,"Hertz Global Holdings, Inc",Nasdaq
6145,0001657853,HTZWW,"Hertz Global Holdings, Inc",Nasdaq
6146,0001658247,CRNX,"Crinetics Pharmaceuticals, Inc.",Nasdaq
6147,0001658551,AMLX,"Amylyx Pharmaceuticals, Inc.",Nasdaq
6148,0001658566,PR,Permian Resources Corp,NYSE
6149,0001658645,LENDX,Stone Ridge Trust V,None
6150,0001658678,BSEM,Biostem Technologies,OTC
6151,0001659166,FTV,Fortive Corp,NYSE
6152,0001659323,ITRM,Iterum Therapeutics Plc,Nasdaq
6153,0001659494,COE,51Talk Online Education Group,NYSE
6154,0001659617,MBRX,"Moleculin Biotech, Inc.",Nasdaq
6155,0001659939,ENIC,Enel Chile S.A.,NYSE
6156,0001660046,IMRN,Immuron Ltd,Nasdaq
6157,0001660134,OKTA,"Okta, Inc.",Nasdaq
6158,0001660280,TENB,"Tenable Holdings, Inc.",Nasdaq
6159,0001660334,VRCA,Verrica Pharmaceuticals Inc.,Nasdaq
6160,0001660734,TRTN-PA,Triton International Ltd,NYSE
6161,0001660734,TRTN-PB,Triton International Ltd,NYSE
6162,0001660734,TRTN-PC,Triton International Ltd,NYSE
6163,0001660734,TRTN-PD,Triton International Ltd,NYSE
6164,0001660734,TRTN-PE,Triton International Ltd,NYSE
6165,0001660734,TRTN-PF,Triton International Ltd,NYSE
6166,0001661053,NVNBW,Envveno Medical Corp,OTC
6167,0001661053,NVNO,Envveno Medical Corp,Nasdaq
6168,0001661059,NXTC,"Nextcure, Inc.",Nasdaq
6169,0001661166,LGCP,Legion Capital Corp,OTC
6170,0001661181,ORGO,Organogenesis Holdings Inc.,Nasdaq
6171,0001661600,SATT,Sativus Tech Corp.,OTC
6172,0001661998,QTTB,Q32 Bio Inc.,Nasdaq
6173,0001662579,CCCC,"C4 Therapeutics, Inc.",Nasdaq
6174,0001662684,KULR,"Kulr Technology Group, Inc.",NYSE
6175,0001662774,QNCX,"Quince Therapeutics, Inc.",Nasdaq
6176,0001662972,BSTT,"Blackstone Real Estate Income Trust, Inc.",OTC
6177,0001662991,SEZL,Sezzle Inc.,Nasdaq
6178,0001663038,QTZM,Quantumzyme Corp.,OTC
6179,0001663712,NRSAX,Nexpoint Real Estate Strategies Fund,None
6180,0001664703,BE,Bloom Energy Corp,NYSE
6181,0001664710,KROS,"Keros Therapeutics, Inc.",Nasdaq
6182,0001665300,PHUN,"Phunware, Inc.",Nasdaq
6183,0001665918,USFD,Us Foods Holding Corp.,NYSE
6184,0001665988,BVS,Bioventus Inc.,Nasdaq
6185,0001666071,CDLX,"Cardlytics, Inc.",Nasdaq
6186,0001666134,BL,"Blackline, Inc.",Nasdaq
6187,0001666138,ATKR,Atkore Inc.,NYSE
6188,0001666175,FORFF,Fortis Inc.,OTC
6189,0001666175,FRTSF,Fortis Inc.,OTC
6190,0001666175,FTPSF,Fortis Inc.,OTC
6191,0001666175,FTRSF,Fortis Inc.,OTC
6192,0001666175,FTS,Fortis Inc.,NYSE
6193,0001666291,CMTG,"Claros Mortgage Trust, Inc.",NYSE
6194,0001666700,DD,"Dupont De Nemours, Inc.",NYSE
6195,0001667011,AIP,"Arteris, Inc.",Nasdaq
6196,0001667313,ZDGE,"Zedge, Inc.",NYSE
6197,0001668010,DBGI,"Digital Brands Group, Inc.",OTC
6198,0001668243,URGN,Urogen Pharma Ltd.,Nasdaq
6199,0001668340,BCTF,"Bancorp 34, Inc.",OTC
6200,0001668397,MEDP,"Medpace Holdings, Inc.",Nasdaq
6201,0001668438,IMTE,Integrated Media Technology Ltd,Nasdaq
6202,0001668717,BUD,Anheuser-Busch Inbev Sa/Nv,NYSE
6203,0001668717,BUDFF,Anheuser-Busch Inbev Sa/Nv,OTC
6204,0001669162,KNSL,"Kinsale Capital Group, Inc.",NYSE
6205,0001669779,CWH,"Camping World Holdings, Inc.",NYSE
6206,0001669811,DFIN,"Donnelley Financial Solutions, Inc.",NYSE
6207,0001670076,ULCC,"Frontier Group Holdings, Inc.",Nasdaq
6208,0001670541,ADNT,Adient Plc,NYSE
6209,0001670592,YETI,"Yeti Holdings, Inc.",NYSE
6210,0001671132,SONG,Music Licensing Inc.,OTC
6211,0001671284,NEUE,"Neuehealth, Inc.",NYSE
6212,0001671502,QNRX,"Quoin Pharmaceuticals, Ltd.",Nasdaq
6213,0001671584,APVO,Aptevo Therapeutics Inc.,Nasdaq
6214,0001671858,SPRY,"Ars Pharmaceuticals, Inc.",Nasdaq
6215,0001671927,IMCR,Immunocore Holdings Plc,Nasdaq
6216,0001671933,TTD,"Trade Desk, Inc.",Nasdaq
6217,0001672013,GOLF,Acushnet Holdings Corp.,NYSE
6218,0001672571,AAQL,Antiaging Quantum Living Inc.,OTC
6219,0001672572,LNBY,Landbay Inc,OTC
6220,0001672619,ELVN,"Enliven Therapeutics, Inc.",Nasdaq
6221,0001672619,IMRA,"Enliven Therapeutics, Inc.",NYSE
6222,0001672688,ABSI,Absci Corp,Nasdaq
6223,0001672886,ZHYBF,Zhong Yuan Bio-Technology Holdings Ltd,OTC
6224,0001672909,CPHC,Canterbury Park Holding Corp,Nasdaq
6225,0001673358,YUMC,"Yum China Holdings, Inc.",NYSE
6226,0001673475,GPOX,"Gpo Plus, Inc.",OTC
6227,0001673481,LTRY,Lottery.Com Inc.,Nasdaq
6228,0001673481,LTRYW,Lottery.Com Inc.,Nasdaq
6229,0001673504,AGLY,Atlantis Glory Inc.,OTC
6230,0001673743,HNGE,"Hinge Health, Inc.",None
6231,0001673772,RAPT,"Rapt Therapeutics, Inc.",Nasdaq
6232,0001673985,ASIX,Advansix Inc.,NYSE
6233,0001674101,VRT,Vertiv Holdings Co,NYSE
6234,0001674168,HGV,Hilton Grand Vacations Inc.,NYSE
6235,0001674227,WORX,Scworx Corp.,Nasdaq
6236,0001674335,JELD,"Jeld-Wen Holding, Inc.",NYSE
6237,0001674356,TPTA,"Terra Property Trust, Inc.",NYSE
6238,0001674416,CRSP,Crispr Therapeutics Ag,Nasdaq
6239,0001674440,YYAI,Connexa Sports Technologies Inc.,Nasdaq
6240,0001674632,BBNX,"Beta Bionics, Inc.",Nasdaq
6241,0001674862,ASH,Ashland Inc.,NYSE
6242,0001674910,VVV,Valvoline Inc,NYSE
6243,0001674930,FLGT,"Fulgent Genetics, Inc.",Nasdaq
6244,0001675033,GECC,Great Elm Capital Corp.,Nasdaq
6245,0001675033,GECCH,Great Elm Capital Corp.,Nasdaq
6246,0001675033,GECCI,Great Elm Capital Corp.,Nasdaq
6247,0001675033,GECCO,Great Elm Capital Corp.,Nasdaq
6248,0001675033,GECCZ,Great Elm Capital Corp.,Nasdaq
6249,0001675149,AA,Alcoa Corp,NYSE
6250,0001675644,FVCB,"Fvcbankcorp, Inc.",Nasdaq
6251,0001676047,NTRB,Nutriband Inc.,Nasdaq
6252,0001676047,NTRBW,Nutriband Inc.,Nasdaq
6253,0001676163,SSII,"Ss Innovations International, Inc.",Nasdaq
6254,0001676238,BRZE,"Braze, Inc.",Nasdaq
6255,0001676725,IDYA,"Ideaya Biosciences, Inc.",Nasdaq
6256,0001677077,ALZN,"Alzamend Neuro, Inc.",Nasdaq
6257,0001677250,ZTO,Zto Express (Cayman) Inc.,NYSE
6258,0001677250,ZTOEF,Zto Express (Cayman) Inc.,OTC
6259,0001677576,IIPR,Innovative Industrial Properties Inc,NYSE
6260,0001677576,IIPR-PA,Innovative Industrial Properties Inc,NYSE
6261,0001677615,XPTFX,Federated Hermes Project & Trade Finance Tender Fund,None
6262,0001677703,CNDT,Conduent Inc,Nasdaq
6263,0001677897,UPYY,Upay,OTC
6264,0001677940,BYSI,Beyondspring Inc.,Nasdaq
6265,0001678105,CAHO,Caro Holdings Inc.,OTC
6266,0001678124,CADCX,Cion Ares Diversified Credit Fund,None
6267,0001678130,OPP,"Rivernorth/Doubleline Strategic Opportunity Fund, Inc.",NYSE
6268,0001678130,OPP-PA,"Rivernorth/Doubleline Strategic Opportunity Fund, Inc.",NYSE
6269,0001678130,OPP-PB,"Rivernorth/Doubleline Strategic Opportunity Fund, Inc.",NYSE
6270,0001678130,OPP-PC,"Rivernorth/Doubleline Strategic Opportunity Fund, Inc.",NYSE
6271,0001678660,PRLD,Prelude Therapeutics Inc,Nasdaq
6272,0001679049,INSW,"International Seaways, Inc.",NYSE
6273,0001679268,TUSK,"Mammoth Energy Services, Inc.",Nasdaq
6274,0001679273,LW,"Lamb Weston Holdings, Inc.",NYSE
6275,0001679628,JUNS,"Jupiter Neurosciences, Inc.",Nasdaq
6276,0001679688,DBRG,"Digitalbridge Group, Inc.",NYSE
6277,0001679688,DBRG-PH,"Digitalbridge Group, Inc.",NYSE
6278,0001679688,DBRG-PI,"Digitalbridge Group, Inc.",NYSE
6279,0001679688,DBRG-PJ,"Digitalbridge Group, Inc.",NYSE
6280,0001679788,COIN,"Coinbase Global, Inc.",Nasdaq
6281,0001679817,OZSC,"Ozop Energy Solutions, Inc.",OTC
6282,0001680048,MBIO,"Mustang Bio, Inc.",Nasdaq
6283,0001680056,ORLA,Orla Mining Ltd.,NYSE
6284,0001680062,ACMR,"Acm Research, Inc.",Nasdaq
6285,0001680132,CSUI,Cannabis Suisse Corp.,OTC
6286,0001680139,HLYK,Healthlynked Corp,OTC
6287,0001680247,PUMP,Propetro Holding Corp.,NYSE
6288,0001680367,STTK,"Shattuck Labs, Inc.",Nasdaq
6289,0001680378,SNES,"Senestech, Inc.",Nasdaq
6290,0001680581,FULC,"Fulcrum Therapeutics, Inc.",Nasdaq
6291,0001680637,NRRWF,Nuran Wireless Inc.,OTC
6292,0001680689,NRHI,"Natural Resource Holdings, Inc.",OTC
6293,0001680873,HFFG,Hf Foods Group Inc.,Nasdaq
6294,0001680935,HHEGF,Huahui Education Group Ltd,OTC
6295,0001681087,TECX,"Tectonic Therapeutic, Inc.",Nasdaq
6296,0001681206,NODK,"Ni Holdings, Inc.",Nasdaq
6297,0001681348,VVPR,Vivopower International Plc,Nasdaq
6298,0001681459,FTI,Technipfmc Plc,NYSE
6299,0001681556,GXXM,"Gex Management, Inc.",OTC
6300,0001681622,VREX,Varex Imaging Corp,Nasdaq
6301,0001681682,NDRA,Endra Life Sciences Inc.,Nasdaq
6302,0001681717,VFLEX,First Trust Alternative Opportunities Fund,None
6303,0001682056,SVRSF,Silver Storm Mining Ltd.,OTC
6304,0001682149,DVLT,Datavault Ai Inc.,Nasdaq
6305,0001682220,SACH,Sachem Capital Corp.,NYSE
6306,0001682220,SACH-PA,Sachem Capital Corp.,NYSE
6307,0001682220,SCCC,Sachem Capital Corp.,NYSE
6308,0001682220,SCCD,Sachem Capital Corp.,NYSE
6309,0001682220,SCCE,Sachem Capital Corp.,NYSE
6310,0001682220,SCCF,Sachem Capital Corp.,NYSE
6311,0001682220,SCCG,Sachem Capital Corp.,NYSE
6312,0001682241,MATH,Metalpha Technology Holding Ltd,Nasdaq
6313,0001682265,ONAR,Onar Holding Corp,OTC
6314,0001682639,EYEN,"Eyenovia, Inc.",Nasdaq
6315,0001682745,VRRM,Verra Mobility Corp,Nasdaq
6316,0001682852,MRNA,"Moderna, Inc.",Nasdaq
6317,0001683252,TKCM,Token Communities Ltd.,OTC
6318,0001683541,ACB,Aurora Cannabis Inc,Nasdaq
6319,0001683553,SPRB,"Spruce Biosciences, Inc.",Nasdaq
6320,0001683606,CARS,Cars.Com Inc.,NYSE
6321,0001683695,IMXI,"International Money Express, Inc.",Nasdaq
6322,0001683825,TRVG,Trivago N.V.,Nasdaq
6323,0001684144,ZOMDF,Zomedica Corp.,OTC
6324,0001684425,PETZ,"Tdh Holdings, Inc.",Nasdaq
6325,0001684688,JUPGF,Atlas Critical Minerals Corp,OTC
6326,0001684693,SLGL,Sol-Gel Technologies Ltd.,Nasdaq
6327,0001685040,BHF,"Brighthouse Financial, Inc.",Nasdaq
6328,0001685040,BHFAL,"Brighthouse Financial, Inc.",Nasdaq
6329,0001685040,BHFAM,"Brighthouse Financial, Inc.",Nasdaq
6330,0001685040,BHFAN,"Brighthouse Financial, Inc.",Nasdaq
6331,0001685040,BHFAO,"Brighthouse Financial, Inc.",Nasdaq
6332,0001685040,BHFAP,"Brighthouse Financial, Inc.",Nasdaq
6333,0001686000,JGLDF,Japan Gold Corp.,OTC
6334,0001687187,METC,"Ramaco Resources, Inc.",Nasdaq
6335,0001687187,METCB,"Ramaco Resources, Inc.",Nasdaq
6336,0001687187,METCL,"Ramaco Resources, Inc.",Nasdaq
6337,0001687187,METCZ,"Ramaco Resources, Inc.",Nasdaq
6338,0001687221,REVG,"Rev Group, Inc.",NYSE
6339,0001687229,INVH,Invitation Homes Inc.,NYSE
6340,0001687277,RETO,"Reto Eco-Solutions, Inc.",Nasdaq
6341,0001687451,ZKIN,"Zk International Group Co., Ltd.",Nasdaq
6342,0001687542,FRGT,"Freight Technologies, Inc.",Nasdaq
6343,0001687898,VCRRX,Versus Capital Real Assets Fund Llc,None
6344,0001687919,FGNV,Forge Innovation Development Corp.,OTC
6345,0001687932,JILL,"J.Jill, Inc.",NYSE
6346,0001688126,CRCW,Crypto Co,OTC
6347,0001688554,PFFLX,Pimco Flexible Credit Income Fund,None
6348,0001688568,DXC,Dxc Technology Co,NYSE
6349,0001688757,ESTA,Establishment Labs Holdings Inc.,Nasdaq
6350,0001688897,FCREX,Fs Credit Income Fund,None
6351,0001689084,QRON,Qrons Inc.,OTC
6352,0001689375,TRDA,"Entrada Therapeutics, Inc.",Nasdaq
6353,0001689448,LILIF,Argentina Lithium & Energy Corp.,OTC
6354,0001689548,PRAX,"Praxis Precision Medicines, Inc.",Nasdaq
6355,0001689731,SSBK,"Southern States Bancshares, Inc.",Nasdaq
6356,0001689796,JBGS,Jbg Smith Properties,NYSE
6357,0001690012,ICR-PA,"Inpoint Commercial Real Estate Income, Inc.",NYSE
6358,0001690012,ICRP,"Inpoint Commercial Real Estate Income, Inc.",OTC
6359,0001690080,ATNF,180 Life Sciences Corp.,Nasdaq
6360,0001690080,ATNFW,180 Life Sciences Corp.,Nasdaq
6361,0001690334,SMHI,Seacor Marine Holdings Inc.,NYSE
6362,0001690437,BAR,Graniteshares Gold Trust,NYSE
6363,0001690511,GOOS,Canada Goose Holdings Inc.,NYSE
6364,0001690536,FSREI,"Fs Credit Real Estate Income Trust, Inc.",OTC
6365,0001690536,FSREM,"Fs Credit Real Estate Income Trust, Inc.",OTC
6366,0001690585,DNTH,"Dianthus Therapeutics, Inc. /De/",Nasdaq
6367,0001690639,VBNK,Versabank,Nasdaq
6368,0001690680,NMRK,"Newmark Group, Inc.",Nasdaq
6369,0001690820,CVNA,Carvana Co.,NYSE
6370,0001690842,PLTM,Graniteshares Platinum Trust,NYSE
6371,0001690981,NNGPF,Nn Group Nv/Adr,OTC
6372,0001690981,NNGRY,Nn Group Nv/Adr,OTC
6373,0001691221,FRSX,Foresight Autonomous Holdings Ltd.,Nasdaq
6374,0001691303,HCC,"Warrior Met Coal, Inc.",NYSE
6375,0001691421,LMND,"Lemonade, Inc.",NYSE
6376,0001691421,LMND-WT,"Lemonade, Inc.",NYSE
6377,0001691445,FINV,Finvolution Group,NYSE
6378,0001691493,NU,Nu Holdings Ltd.,NYSE
6379,0001691936,SNAX,"Stryve Foods, Inc.",OTC
6380,0001691936,SNAXW,"Stryve Foods, Inc.",OTC
6381,0001692063,SNDR,"Schneider National, Inc.",NYSE
6382,0001692115,SWX,"Southwest Gas Holdings, Inc.",NYSE
6383,0001692376,VEL,"Velocity Financial, Inc.",NYSE
6384,0001692412,PLYA,Playa Hotels & Resorts N.V.,Nasdaq
6385,0001692415,CODX,"Co-Diagnostics, Inc.",Nasdaq
6386,0001692427,NCSM,"Ncs Multistage Holdings, Inc.",Nasdaq
6387,0001692705,QD,Qudian Inc.,NYSE
6388,0001692787,KNTK,Kinetik Holdings Inc.,NYSE
6389,0001692819,VST,Vistra Corp.,NYSE
6390,0001693011,INZY,"Inozyme Pharma, Inc.",Nasdaq
6391,0001693256,WTTR,"Select Water Solutions, Inc.",NYSE
6392,0001693577,MNSB,"Mainstreet Bancshares, Inc.",Nasdaq
6393,0001693577,MNSBP,"Mainstreet Bancshares, Inc.",Nasdaq
6394,0001693687,GLVT,Greenlit Ventures Inc.,OTC
6395,0001694028,LBRT,Liberty Energy Inc.,NYSE
6396,0001694426,DK,"Delek Us Holdings, Inc.",NYSE
6397,0001694617,ROYL,"Royale Energy, Inc.",OTC
6398,0001695295,HYFM,"Hydrofarm Holdings Group, Inc.",Nasdaq
6399,0001695473,GCAN,"Greater Cannabis Company, Inc.",OTC
6400,0001695519,ATGAF,Altagas Ltd.,OTC
6401,0001695519,ATGFF,Altagas Ltd.,OTC
6402,0001695519,ATGPF,Altagas Ltd.,OTC
6403,0001696025,KCRD,"Kindcard, Inc.",OTC
6404,0001696195,KNIT,Kinetic Group Inc.,OTC
6405,0001696355,BEDU,Bright Scholar Education Holdings Ltd,NYSE
6406,0001696411,CCCP,Crona Corp.,OTC
6407,0001696558,JRSH,"Jerash Holdings (Us), Inc.",Nasdaq
6408,0001697500,SEI,"Solaris Energy Infrastructure, Inc.",NYSE
6409,0001697532,APLT,"Applied Therapeutics, Inc.",Nasdaq
6410,0001697818,AMBR,Amber International Holding Ltd,Nasdaq
6411,0001697851,REKR,"Rekor Systems, Inc.",Nasdaq
6412,0001697862,ARGX,Argenx Se,Nasdaq
6413,0001698022,FMFG,"Farmers & Merchants Bancshares, Inc.",OTC
6414,0001698514,NESR,National Energy Services Reunited Corp.,Nasdaq
6415,0001698514,NESRW,National Energy Services Reunited Corp.,Nasdaq
6416,0001698530,XCUR,"Exicure, Inc.",Nasdaq
6417,0001698535,NXE,Nexgen Energy Ltd.,NYSE
6418,0001698538,STSR,"Strategic Student & Senior Housing Trust, Inc.",OTC
6419,0001698990,MGY,Magnolia Oil & Gas Corp,NYSE
6420,0001698991,ACEL,"Accel Entertainment, Inc.",NYSE
6421,0001699031,GRAL,"Grail, Inc.",Nasdaq
6422,0001699039,RNGR,"Ranger Energy Services, Inc.",NYSE
6423,0001699136,WHD,"Cactus, Inc.",NYSE
6424,0001699150,IR,Ingersoll Rand Inc.,NYSE
6425,0001699382,PMVP,"Pmv Pharmaceuticals, Inc.",Nasdaq
6426,0001699709,YJGJ,Yijia Group Corp.,OTC
6427,0001699838,CFLT,"Confluent, Inc.",Nasdaq
6428,0001699880,AMLIF,American Lithium Corp.,OTC
6429,0001699906,BKRRF,Blackrock Silver Corp.,OTC
6430,0001700171,ANNSF,Aena S.A./Adr,OTC
6431,0001700171,ANYYY,Aena S.A./Adr,OTC
6432,0001700844,EVOH,Evoair Holdings Inc.,OTC
6433,0001700849,VADP,Vado Corp.,OTC
6434,0001701051,WOW,"Wideopenwest, Inc.",NYSE
6435,0001701108,SPRO,"Spero Therapeutics, Inc.",Nasdaq
6436,0001701261,FAMI,"Farmmi, Inc.",Nasdaq
6437,0001701478,AZTR,"Azitra, Inc.",NYSE
6438,0001701541,BDTX,"Black Diamond Therapeutics, Inc.",Nasdaq
6439,0001701605,BKR,Baker Hughes Co,Nasdaq
6440,0001701756,SDOT,Sadot Group Inc.,Nasdaq
6441,0001701758,LOVE,Lovesac Co,Nasdaq
6442,0001701963,VS,Versus Systems Inc.,Nasdaq
6443,0001701963,VSSYW,Versus Systems Inc.,Nasdaq
6444,0001702015,AIDG,"Ais Holdings Group, Inc.",OTC
6445,0001702123,CRDL,Cardiol Therapeutics Inc.,Nasdaq
6446,0001702318,AHG,Akso Health Group,Nasdaq
6447,0001702744,SMPL,Simply Good Foods Co,Nasdaq
6448,0001702750,BY,"Byline Bancorp, Inc.",NYSE
6449,0001702780,ATUS,"Altice Usa, Inc.",NYSE
6450,0001702924,WRAP,"Wrap Technologies, Inc.",Nasdaq
6451,0001703056,ADT,Adt Inc.,NYSE
6452,0001703057,ABCL,Abcellera Biologics Inc.,Nasdaq
6453,0001703073,VIVC,Vivic Corp.,OTC
6454,0001703079,XFLT,Xai Octagon Floating Rate & Alternative Income Trust,NYSE
6455,0001703079,XFLT-PA,Xai Octagon Floating Rate & Alternative Income Trust,NYSE
6456,0001703141,DESP,"Despegar.Com, Corp.",NYSE
6457,0001703157,SCTH,"Securetech Innovations, Inc.",OTC
6458,0001703399,SE,Sea Ltd,NYSE
6459,0001703625,BLIS,"Napc Defense, Inc.",OTC
6460,0001703644,GPMT,Granite Point Mortgage Trust Inc.,NYSE
6461,0001703644,GPMT-PA,Granite Point Mortgage Trust Inc.,NYSE
6462,0001703647,KRRO,"Korro Bio, Inc.",Nasdaq
6463,0001703956,BBCP,"Concrete Pumping Holdings, Inc.",Nasdaq
6464,0001704287,BJDX,"Bluejay Diagnostics, Inc.",Nasdaq
6465,0001704292,ZLAB,Zai Lab Ltd,Nasdaq
6466,0001704299,TEAF,Tortoise Sustainable & Social Impact Term Fund,NYSE
6467,0001704711,FNKO,"Funko, Inc.",Nasdaq
6468,0001704715,AMR,"Alpha Metallurgical Resources, Inc.",NYSE
6469,0001704720,CNNE,"Cannae Holdings, Inc.",NYSE
6470,0001704795,BANT,"Bantec, Inc.",None
6471,0001705012,FAT,"Fat Brands, Inc",Nasdaq
6472,0001705012,FATBB,"Fat Brands, Inc",Nasdaq
6473,0001705012,FATBP,"Fat Brands, Inc",Nasdaq
6474,0001705012,FATBW,"Fat Brands, Inc",Nasdaq
6475,0001705110,ANGI,Angi Inc.,Nasdaq
6476,0001705181,ETCG,Grayscale Ethereum Classic Trust (Etc),OTC
6477,0001705259,SMTSF,Sierra Metals Inc.,OTC
6478,0001705402,AGMH,"Agm Group Holdings, Inc.",Nasdaq
6479,0001705455,ZNKKY,"Zenkoku Hosho Co., Ltd./Adr",OTC
6480,0001705455,ZNKUF,"Zenkoku Hosho Co., Ltd./Adr",OTC
6481,0001705696,VICI,Vici Properties Inc.,NYSE
6482,0001705843,CBUS,"Cibus, Inc.",Nasdaq
6483,0001705873,BRY,Berry Corp (Bry),Nasdaq
6484,0001706431,VIR,"Vir Biotechnology, Inc.",Nasdaq
6485,0001706524,UGRO,"Urban-Gro, Inc.",Nasdaq
6486,0001706795,BRRLY,Barry Callebaut Ag/Adr,OTC
6487,0001706795,BYCBF,Barry Callebaut Ag/Adr,OTC
6488,0001706946,SPCE,"Virgin Galactic Holdings, Inc",NYSE
6489,0001707303,DOGZ,Dogness (International) Corp,Nasdaq
6490,0001707502,SLDB,Solid Biosciences Inc.,Nasdaq
6491,0001707753,ESTC,Elastic N.V.,NYSE
6492,0001707910,REBN,"Reborn Coffee, Inc.",Nasdaq
6493,0001707919,CENN,Cenntro Inc.,Nasdaq
6494,0001707925,LIN,Linde Plc,Nasdaq
6495,0001708035,ECVT,Ecovyst Inc.,NYSE
6496,0001708055,RBBN,Ribbon Communications Inc.,Nasdaq
6497,0001708176,HOFV,Hall Of Fame Resort & Entertainment Co,Nasdaq
6498,0001708176,HOFVW,Hall Of Fame Resort & Entertainment Co,Nasdaq
6499,0001708259,LX,Lexinfintech Holdings Ltd.,Nasdaq
6500,0001708331,VRPX,"Virpax Pharmaceuticals, Inc.",OTC
6501,0001708341,AGAE,Allied Gaming & Entertainment Inc.,Nasdaq
6502,0001708441,MYND,"Mynd.Ai, Inc.",NYSE
6503,0001708527,ELUT,Elutia Inc.,Nasdaq
6504,0001708599,SER,"Serina Therapeutics, Inc.",NYSE
6505,0001708646,AAAU,Goldman Sachs Physical Gold Etf,CBOE
6506,0001708688,IFRX,Inflarx N.V.,Nasdaq
6507,0001709048,GFS,Globalfoundries Inc.,Nasdaq
6508,0001709164,HBB,Hamilton Beach Brands Holding Co,NYSE
6509,0001709442,FSUN,Firstsun Capital Bancorp,Nasdaq
6510,0001709626,NCNA,Nucana Plc,Nasdaq
6511,0001709628,CSAI,"Cloudastructure, Inc.",Nasdaq
6512,0001709682,CTOS,"Custom Truck One Source, Inc.",NYSE
6513,0001709819,FEDU,Four Seasons Education (Cayman) Inc.,NYSE
6514,0001709941,BIOA,"Bioage Labs, Inc.",Nasdaq
6515,0001710072,EWTX,"Edgewise Therapeutics, Inc.",Nasdaq
6516,0001710155,EYE,"National Vision Holdings, Inc.",Nasdaq
6517,0001710340,ETON,"Eton Pharmaceuticals, Inc.",Nasdaq
6518,0001710350,BTBT,"Bit Digital, Inc",Nasdaq
6519,0001710366,CNR,"Core Natural Resources, Inc.",NYSE
6520,0001710482,JMSB,"John Marshall Bancorp, Inc.",Nasdaq
6521,0001710495,PNXP,Pineapple Express Cannabis Co,OTC
6522,0001710680,HFRO,Highland Opportunities & Income Fund,NYSE
6523,0001710680,HFRO-PA,Highland Opportunities & Income Fund,NYSE
6524,0001710680,HFRO-PB,Highland Opportunities & Income Fund,NYSE
6525,0001710864,MSSMY,Misumi Group Inc./Adr,OTC
6526,0001710864,MSUXF,Misumi Group Inc./Adr,OTC
6527,0001711012,AIHS,Senmiao Technology Ltd,Nasdaq
6528,0001711269,EVRG,"Evergy, Inc.",Nasdaq
6529,0001711279,KRYS,"Krystal Biotech, Inc.",Nasdaq
6530,0001711375,LOMA,Loma Negra Compania Industrial Argentina Sociedad Anonima,NYSE
6531,0001711570,UROY,Uranium Royalty Corp.,Nasdaq
6532,0001711754,INMB,"Inmune Bio, Inc.",Nasdaq
6533,0001711786,HOTH,"Hoth Therapeutics, Inc.",Nasdaq
6534,0001711933,AKYA,"Akoya Biosciences, Inc.",Nasdaq
6535,0001712178,NAAS,Naas Technology Inc.,Nasdaq
6536,0001712184,LILA,Liberty Latin America Ltd.,Nasdaq
6537,0001712184,LILAB,Liberty Latin America Ltd.,OTC
6538,0001712184,LILAK,Liberty Latin America Ltd.,Nasdaq
6539,0001712189,TH,Target Hospitality Corp.,Nasdaq
6540,0001712356,HRNNF,Hydro One Ltd,OTC
6541,0001712463,PACK,Ranpak Holdings Corp.,NYSE
6542,0001712762,BIAF,"Bioaffinity Technologies, Inc.",Nasdaq
6543,0001712762,BIAFW,"Bioaffinity Technologies, Inc.",Nasdaq
6544,0001712807,PAGS,Pagseguro Digital Ltd.,NYSE
6545,0001713210,ATPC,Agape Atp Corp,Nasdaq
6546,0001713334,MSC,Studio City International Holdings Ltd,NYSE
6547,0001713445,RDDT,"Reddit, Inc.",NYSE
6548,0001713539,KXIN,Kaixin Holdings,Nasdaq
6549,0001713683,ZS,"Zscaler, Inc.",Nasdaq
6550,0001713748,SKE,Skeena Resources Ltd,NYSE
6551,0001713863,RFL,"Rafael Holdings, Inc.",NYSE
6552,0001713863,RFL-WT,"Rafael Holdings, Inc.",NYSE
6553,0001713923,AIJTY,Jianpu Technology Inc.,OTC
6554,0001713930,NEXA,Nexa Resources S.A.,NYSE
6555,0001714174,BUR,Burford Capital Ltd,NYSE
6556,0001714562,GAME,"Gamesquare Holdings, Inc.",Nasdaq
6557,0001714899,DNLI,Denali Therapeutics Inc.,Nasdaq
6558,0001715032,WTII,"Water Technologies International,Inc.",OTC
6559,0001715433,LCHD,Leader Capital Holdings Corp.,OTC
6560,0001715497,BORR,Borr Drilling Ltd,NYSE
6561,0001715819,EMED,"Electromedical Technologies, Inc",OTC
6562,0001715925,IPA,Immunoprecise Antibodies Ltd.,Nasdaq
6563,0001716166,VVOS,"Vivos Therapeutics, Inc.",Nasdaq
6564,0001716338,PT,Pintec Technology Holdings Ltd,Nasdaq
6565,0001716621,VTAK,"Catheter Precision, Inc.",NYSE
6566,0001716770,WAFU,Wah Fu Education Group Ltd,Nasdaq
6567,0001716885,ASCIX,Angel Oak Strategic Credit Fund,None
6568,0001716947,ENSC,"Ensysce Biosciences, Inc.",Nasdaq
6569,0001716947,ENSCW,"Ensysce Biosciences, Inc.",OTC
6570,0001716951,OCCI,"Ofs Credit Company, Inc.",Nasdaq
6571,0001716951,OCCIM,"Ofs Credit Company, Inc.",Nasdaq
6572,0001716951,OCCIN,"Ofs Credit Company, Inc.",Nasdaq
6573,0001716951,OCCIO,"Ofs Credit Company, Inc.",Nasdaq
6574,0001717115,TEM,"Tempus Ai, Inc.",Nasdaq
6575,0001717161,CEPU,Central Puerto S.A.,NYSE
6576,0001717307,ILPT,Industrial Logistics Properties Trust,Nasdaq
6577,0001717393,CAAP,Corporacion America Airports S.A.,NYSE
6578,0001717457,CPZ,Calamos Long/Short Equity & Dynamic Income Trust,Nasdaq
6579,0001717547,BRSP,"Brightspire Capital, Inc.",NYSE
6580,0001718224,BTBD,"Bt Brands, Inc.",Nasdaq
6581,0001718224,BTBDW,"Bt Brands, Inc.",Nasdaq
6582,0001718227,ROAD,"Construction Partners, Inc.",Nasdaq
6583,0001718405,HYMC,Hycroft Mining Holding Corp,Nasdaq
6584,0001718405,HYMCL,Hycroft Mining Holding Corp,Nasdaq
6585,0001718405,HYMCW,Hycroft Mining Holding Corp,Nasdaq
6586,0001718500,AXIL,"Axil Brands, Inc.",NYSE
6587,0001718512,GTES,Gates Industrial Corp Plc,NYSE
6588,0001718939,IDAI,T Stamp Inc,Nasdaq
6589,0001719406,NRXP,"Nrx Pharmaceuticals, Inc.",Nasdaq
6590,0001719406,NRXPW,"Nrx Pharmaceuticals, Inc.",Nasdaq
6591,0001719714,MREO,Mereo Biopharma Group Plc,Nasdaq
6592,0001720116,RDVT,"Red Violet, Inc.",Nasdaq
6593,0001720161,CTRM,Castor Maritime Inc.,Nasdaq
6594,0001720250,KNDI,"Kandi Technologies Group, Inc.",Nasdaq
6595,0001720265,ZCSH,Grayscale Zcash Trust (Zec),OTC
6596,0001720420,IBEX,Ibex Ltd,Nasdaq
6597,0001720424,HIVE,Hive Digital Technologies Ltd.,Nasdaq
6598,0001720446,ZEPP,Zepp Health Corp,NYSE
6599,0001720580,ACET,"Adicet Bio, Inc.",Nasdaq
6600,0001720592,RPAY,Repay Holdings Corp,Nasdaq
6601,0001720635,NVT,Nvent Electric Plc,NYSE
6602,0001720893,BTAI,"Bioxcel Therapeutics, Inc.",Nasdaq
6603,0001721386,LSEA,Landsea Homes Corp,Nasdaq
6604,0001721386,LSEAW,Landsea Homes Corp,Nasdaq
6605,0001721484,LGVN,Longeveron Inc.,Nasdaq
6606,0001721741,GORV,"Lazydays Holdings, Inc.",Nasdaq
6607,0001721947,JAMF,Jamf Holding Corp.,Nasdaq
6608,0001722010,OPBK,Op Bancorp,Nasdaq
6609,0001722387,ITRG,Integra Resources Corp.,NYSE
6610,0001722482,AVTR,"Avantor, Inc.",NYSE
6611,0001722556,BGFR,Bestgofer Inc.,OTC
6612,0001722606,MTA,Metalla Royalty & Streaming Ltd.,NYSE
6613,0001722608,IQ,"Iqiyi, Inc.",Nasdaq
6614,0001722684,WH,"Wyndham Hotels & Resorts, Inc.",NYSE
6615,0001722731,FDCT,"Fdctech, Inc.",OTC
6616,0001722837,CEDAX,Bluebay Destra International Event-Driven Credit Fund,None
6617,0001722964,YMAB,"Y-Mabs Therapeutics, Inc.",Nasdaq
6618,0001722969,NXUR,"Nxu, Inc.",OTC
6619,0001723047,VAUCF,Viva Gold Corp.,OTC
6620,0001723059,BIOE,Bio Essence Corp,OTC
6621,0001723069,TLSA,Tiziana Life Sciences Ltd,Nasdaq
6622,0001723089,CHX,Championx Corp,Nasdaq
6623,0001723128,AMRX,"Amneal Pharmaceuticals, Inc.",Nasdaq
6624,0001723464,BHST,Bioharvest Sciences Inc.,Nasdaq
6625,0001723517,UCASU,Uc Asset Lp,OTC
6626,0001723596,CLBK,"Columbia Financial, Inc.",Nasdaq
6627,0001723690,BILI,Bilibili Inc.,Nasdaq
6628,0001723690,BLBLF,Bilibili Inc.,OTC
6629,0001723701,PMFAX,Pimco Flexible Municipal Income Fund,None
6630,0001723788,BITW,Bitwise 10 Crypto Index Fund,OTC
6631,0001723935,STG,Sunlands Technology Group,NYSE
6632,0001723980,SXTC,"China Sxt Pharmaceuticals, Inc.",Nasdaq
6633,0001724009,PRT,Permrock Royalty Trust,NYSE
6634,0001724521,RCUS,"Arcus Biosciences, Inc.",NYSE
6635,0001724542,CLPS,Clps Inc,Nasdaq
6636,0001724755,GHG,Greentree Hospitality Group Ltd.,NYSE
6637,0001724965,TALO,Talos Energy Inc.,NYSE
6638,0001725033,XYF,X Financial,NYSE
6639,0001725057,DAY,"Dayforce, Inc.",NYSE
6640,0001725123,CANG,Cango Inc.,NYSE
6641,0001725160,ZNTL,"Zentalis Pharmaceuticals, Inc.",Nasdaq
6642,0001725210,ETHE,Grayscale Ethereum Trust Etf,NYSE
6643,0001725255,AHCO,Adapthealth Corp.,Nasdaq
6644,0001725332,ALAR,Alarum Technologies Ltd.,Nasdaq
6645,0001725430,INBS,Intelligent Bio Solutions Inc.,Nasdaq
6646,0001725911,NBND,Netbrands Corp.,OTC
6647,0001725964,NTR,Nutrien Ltd.,NYSE
6648,0001726079,LUCN,"Lucent, Inc.",OTC
6649,0001726122,CEF,Sprott Physical Gold & Silver Trust,NYSE
6650,0001726126,EPSN,Epsilon Energy Ltd.,Nasdaq
6651,0001726173,BH,Biglari Holdings Inc.,NYSE
6652,0001726173,BH-A,Biglari Holdings Inc.,NYSE
6653,0001726445,SEER,"Seer, Inc.",Nasdaq
6654,0001726711,ADTX,"Aditxt, Inc.",Nasdaq
6655,0001726978,GSHD,"Goosehead Insurance, Inc.",Nasdaq
6656,0001727196,SRRK,Scholar Rock Holding Corp,Nasdaq
6657,0001727255,COBA,Chilean Cobalt Corp.,OTC
6658,0001727263,FTDR,"Frontdoor, Inc.",Nasdaq
6659,0001728117,GOSS,"Gossamer Bio, Inc.",Nasdaq
6660,0001728190,HUYA,Huya Inc.,NYSE
6661,0001728205,PLL,Piedmont Lithium Inc.,Nasdaq
6662,0001728205,PLLTL,Piedmont Lithium Inc.,OTC
6663,0001728328,INM,Inmed Pharmaceuticals Inc.,Nasdaq
6664,0001728688,IIIV,"I3 Verticals, Inc.",Nasdaq
6665,0001728951,EPRT,"Essential Properties Realty Trust, Inc.",NYSE
6666,0001729149,VMD,"Viemed Healthcare, Inc.",Nasdaq
6667,0001729173,UXIN,Uxin Ltd,Nasdaq
6668,0001729214,XRTX,Xortx Therapeutics Inc.,Nasdaq
6669,0001729427,CNSP,"Cns Pharmaceuticals, Inc.",Nasdaq
6670,0001729637,KARX,Karbon-X Corp.,OTC
6671,0001729678,XALCX,"Bny Mellon Alcentra Global Multi-Strategy Credit Fund, Inc.",None
6672,0001729944,BACK,"Imac Holdings, Inc.",OTC
6673,0001729997,GDLC,Grayscale Digital Large Cap Fund Llc,OTC
6674,0001730168,AVGO,Broadcom Inc.,Nasdaq
6675,0001730430,KNSA,"Kiniksa Pharmaceuticals International, Plc",Nasdaq
6676,0001730463,AUTL,Autolus Therapeutics Plc,Nasdaq
6677,0001730773,BSFC,Blue Star Foods Corp.,OTC
6678,0001730869,EBZT,"Everything Blockchain, Inc.",OTC
6679,0001730984,BCML,Baycom Corp,Nasdaq
6680,0001731289,NKLAQ,Nikola Corp,OTC
6681,0001731348,TLRY,"Tilray Brands, Inc.",Nasdaq
6682,0001731388,EDRY,Eurodry Ltd.,Nasdaq
6683,0001732078,FROPX,Flat Rock Opportunity Fund,None
6684,0001732406,LTCN,Grayscale Litecoin Trust (Ltc),OTC
6685,0001732409,BCHG,Grayscale Bitcoin Cash Trust (Bch),OTC
6686,0001733257,FNCH,"Finch Therapeutics Group, Inc.",OTC
6687,0001733294,GBIO,Generation Bio Co.,Nasdaq
6688,0001733298,QTTOY,Qutoutiao Inc.,OTC
6689,0001733868,CNF,Cnfinance Holdings Ltd.,NYSE
6690,0001733998,NWN,Northwest Natural Holding Co,NYSE
6691,0001734005,APM,Aptorum Group Ltd,Nasdaq
6692,0001734107,SOHU,Sohu.Com Ltd,Nasdaq
6693,0001734262,CTKYY,Cootek(Cayman)Inc.,OTC
6694,0001734342,AMTB,Amerant Bancorp Inc.,NYSE
6695,0001734520,ALYAF,Alithya Group Inc,OTC
6696,0001734713,BV,"Brightview Holdings, Inc.",NYSE
6697,0001734722,PATH,"Uipath, Inc.",NYSE
6698,0001734750,MOVE,Movano Inc.,Nasdaq
6699,0001734875,MSVB,"Mid-Southern Bancorp, Inc.",OTC
6700,0001735041,GTEC,Greenland Technologies Holding Corp.,Nasdaq
6701,0001735041,GTECW,Greenland Technologies Holding Corp.,OTC
6702,0001735438,MGTX,Meiragtx Holdings Plc,Nasdaq
6703,0001735556,BTOG,Bit Origin Ltd,Nasdaq
6704,0001735707,GTX,Garrett Motion Inc.,Nasdaq
6705,0001735964,CCLFX,Cliffwater Corporate Lending Fund,None
6706,0001736035,BXSL,Blackstone Secured Lending Fund,NYSE
6707,0001736243,ACXP,"Acurx Pharmaceuticals, Inc.",Nasdaq
6708,0001736297,ALAB,"Astera Labs, Inc.",Nasdaq
6709,0001736510,NICHX,Variant Alternative Income Fund,None
6710,0001736541,NIO,Nio Inc.,NYSE
6711,0001736541,NIOIF,Nio Inc.,OTC
6712,0001736730,CAMP,Camp4 Therapeutics Corp,Nasdaq
6713,0001736946,ARLO,"Arlo Technologies, Inc.",NYSE
6714,0001737193,LDSN,Luduson G Inc.,OTC
6715,0001737287,ALLO,"Allogene Therapeutics, Inc.",Nasdaq
6716,0001737339,JG,Aurora Mobile Ltd,Nasdaq
6717,0001737450,OPRA,Opera Ltd,Nasdaq
6718,0001737523,BGLC,Bionexus Gene Lab Corp,Nasdaq
6719,0001737706,SDRL,Seadrill Ltd,NYSE
6720,0001737806,PDD,Pdd Holdings Inc.,Nasdaq
6721,0001737924,NCDL,Nuveen Churchill Direct Lending Corp.,NYSE
6722,0001737927,CGC,Canopy Growth Corp,Nasdaq
6723,0001737936,CNROX,City National Rochdale Strategic Credit Fund,None
6724,0001737953,REPL,"Replimune Group, Inc.",Nasdaq
6725,0001737995,STSS,Sharps Technology Inc.,Nasdaq
6726,0001737995,STSSW,Sharps Technology Inc.,Nasdaq
6727,0001738021,CMPX,"Compass Therapeutics, Inc.",Nasdaq
6728,0001738177,CMBM,Cambium Networks Corp,Nasdaq
6729,0001738699,WKEY,Wisekey International Holding S.A.,Nasdaq
6730,0001738699,WSKEF,Wisekey International Holding S.A.,OTC
6731,0001738758,CHR,"Cheer Holding, Inc.",Nasdaq
6732,0001738827,KLXE,"Klx Energy Services Holdings, Inc.",Nasdaq
6733,0001738906,YI,"111, Inc.",Nasdaq
6734,0001739104,ELAN,Elanco Animal Health Inc,NYSE
6735,0001739174,PHGE,Biomx Inc.,NYSE
6736,0001739410,RLYB,Rallybio Corp,Nasdaq
6737,0001739445,ACA,"Arcosa, Inc.",NYSE
6738,0001739566,UTZ,"Utz Brands, Inc.",NYSE
6739,0001739940,CI,Cigna Group,NYSE
6740,0001739942,SWI,Solarwinds Corp,NYSE
6741,0001740279,INAB,"In8Bio, Inc.",Nasdaq
6742,0001740332,REZI,"Resideo Technologies, Inc.",NYSE
6743,0001740797,AVAI,Avant Technologies Inc.,OTC
6744,0001741220,CWPE,Cw Petroleum Corp,OTC
6745,0001741489,ELVG,"Elvictor Group, Inc.",OTC
6746,0001741530,QFIN,"Qifu Technology, Inc.",Nasdaq
6747,0001741534,UOKA,Mdjm Ltd,Nasdaq
6748,0001741830,KRON,"Kronos Bio, Inc.",Nasdaq
6749,0001742341,HKIT,Hitek Global Inc.,Nasdaq
6750,0001742518,MTC,"Mmtec, Inc.",Nasdaq
6751,0001742692,INMD,Inmode Ltd.,Nasdaq
6752,0001742770,VIOT,"Viomi Technology Co., Ltd",Nasdaq
6753,0001742927,RVPH,"Reviva Pharmaceuticals Holdings, Inc.",Nasdaq
6754,0001742927,RVPHW,"Reviva Pharmaceuticals Holdings, Inc.",Nasdaq
6755,0001743102,JFIN,Jiayin Group Inc.,Nasdaq
6756,0001743340,TC,Token Cat Ltd,Nasdaq
6757,0001743344,PYRGF,Pyrogenesis Canada Inc.,OTC
6758,0001743725,GDYN,"Grid Dynamics Holdings, Inc.",Nasdaq
6759,0001743745,GNLN,"Greenlane Holdings, Inc.",Nasdaq
6760,0001743759,CRSR,"Corsair Gaming, Inc.",Nasdaq
6761,0001743881,BBIO,"Bridgebio Pharma, Inc.",Nasdaq
6762,0001743905,RVSN,Rail Vision Ltd.,Nasdaq
6763,0001743905,RVSNW,Rail Vision Ltd.,Nasdaq
6764,0001743907,SNCY,"Sun Country Airlines Holdings, Inc.",Nasdaq
6765,0001743971,MOGU,Mogu Inc.,NYSE
6766,0001744489,DIS,Walt Disney Co,NYSE
6767,0001744494,ADN,"Advent Technologies Holdings, Inc.",Nasdaq
6768,0001744494,ADNWW,"Advent Technologies Holdings, Inc.",Nasdaq
6769,0001744659,AKRO,"Akero Therapeutics, Inc.",Nasdaq
6770,0001744676,TCMEF,Tencent Music Entertainment Group,OTC
6771,0001744676,TME,Tencent Music Entertainment Group,NYSE
6772,0001744781,NIU,Niu Technologies,Nasdaq
6773,0001745059,FINS,Angel Oak Financial Strategies Income Term Trust,NYSE
6774,0001745059,FINS-RI,Angel Oak Financial Strategies Income Term Trust,NYSE
6775,0001745078,VYND,"Vynleads, Inc.",OTC
6776,0001745114,MOLN,Molecular Partners Ag,Nasdaq
6777,0001745201,VIK,Viking Holdings Ltd,NYSE
6778,0001745431,STNE,Stoneco Ltd.,Nasdaq
6779,0001745916,PFSI,"Pennymac Financial Services, Inc.",NYSE
6780,0001745999,BEAM,Beam Therapeutics Inc.,Nasdaq
6781,0001746109,BFC,Bank First Corp,Nasdaq
6782,0001746119,VGES,Vanguard Green Investment Ltd,OTC
6783,0001746129,BSVN,Bank7 Corp.,Nasdaq
6784,0001746466,EQ,"Equillium, Inc.",Nasdaq
6785,0001746473,PLRX,"Pliant Therapeutics, Inc.",Nasdaq
6786,0001746618,RVLV,"Revolve Group, Inc.",NYSE
6787,0001746967,RMI,"Rivernorth Opportunistic Municipal Income Fund, Inc.",NYSE
6788,0001747068,MCBS,"Metrocity Bankshares, Inc.",Nasdaq
6789,0001747079,BALY,Bally'S Corp,NYSE
6790,0001747172,KBDC,"Kayne Anderson Bdc, Inc.",NYSE
6791,0001747661,ADD,"Color Star Technology Co., Ltd.",Nasdaq
6792,0001748137,NEOV,Neovolta Inc.,Nasdaq
6793,0001748137,NEOVW,Neovolta Inc.,Nasdaq
6794,0001748680,OWSCX,1Ws Credit Income Fund,None
6795,0001748790,AMCCF,Amcor Plc,OTC
6796,0001748790,AMCR,Amcor Plc,NYSE
6797,0001748797,DOOO,Brp Inc.,Nasdaq
6798,0001748824,AAMI,Acadian Asset Management Inc.,NYSE
6799,0001748945,HZEN,Grayscale Horizen Trust (Zen),OTC
6800,0001749723,NFE,New Fortress Energy Inc.,Nasdaq
6801,0001750106,AEI,Alset Inc.,Nasdaq
6802,0001750149,IKT,"Inhibikase Therapeutics, Inc.",Nasdaq
6803,0001750153,GOEVQ,Canoo Inc.,OTC
6804,0001750153,GOEWQ,Canoo Inc.,OTC
6805,0001750155,CWBHF,"Charlotte'S Web Holdings, Inc.",OTC
6806,0001750264,HPH,Highest Performances Holdings Inc.,Nasdaq
6807,0001750284,OLMA,"Olema Pharmaceuticals, Inc.",Nasdaq
6808,0001750593,DUO,Fangdd Network Group Ltd.,Nasdaq
6809,0001750735,MRBK,Meridian Corp,Nasdaq
6810,0001750777,HWKE,"Hawkeye Systems, Inc.",OTC
6811,0001751008,APP,Applovin Corp,Nasdaq
6812,0001751156,EIOAX,Ellington Income Opportunities Fund,None
6813,0001751707,UNXP,United Express Inc.,OTC
6814,0001751783,RBKB,"Rhinebeck Bancorp, Inc.",Nasdaq
6815,0001751788,DOW,Dow Inc.,NYSE
6816,0001751876,PAVS,Paranovus Entertainment Technology Ltd.,Nasdaq
6817,0001752372,EZOO,Ezagoo Ltd,OTC
6818,0001752828,CELU,Celularity Inc,Nasdaq
6819,0001752828,CELUW,Celularity Inc,Nasdaq
6820,0001753162,FTHM,Fathom Holdings Inc.,Nasdaq
6821,0001753368,SANG,Sangoma Technologies Corp,Nasdaq
6822,0001753373,MTWO,"M2I Global, Inc.",OTC
6823,0001753391,QSJC,"Tancheng Group Co., Ltd.",OTC
6824,0001753539,BKSY,Blacksky Technology Inc.,NYSE
6825,0001753539,BKSY-WT,Blacksky Technology Inc.,NYSE
6826,0001753673,SJ,Scienjoy Holding Corp,Nasdaq
6827,0001753681,BYLT,Elite Performance Holding Corp,None
6828,0001753712,LARAX,Lord Abbett Credit Opportunities Fund,None
6829,0001754068,KLRS,"Kalaris Therapeutics, Inc.",Nasdaq
6830,0001754170,ASLE,Aersale Corp,Nasdaq
6831,0001754195,TCNNF,Trulieve Cannabis Corp.,OTC
6832,0001754226,OBT,"Orange County Bancorp, Inc. /De/",Nasdaq
6833,0001754301,FOX,Fox Corp,Nasdaq
6834,0001754301,FOXA,Fox Corp,Nasdaq
6835,0001754323,XTKG,"X3 Holdings Co., Ltd.",Nasdaq
6836,0001754581,FUTU,Futu Holdings Ltd,Nasdaq
6837,0001754836,EIC,Eagle Point Income Co Inc.,NYSE
6838,0001754836,EICA,Eagle Point Income Co Inc.,NYSE
6839,0001754836,EICB,Eagle Point Income Co Inc.,NYSE
6840,0001754836,EICC,Eagle Point Income Co Inc.,NYSE
6841,0001755058,ZBAI,Atif Holdings Ltd,Nasdaq
6842,0001755101,ALDS,Applife Digital Solutions Inc,OTC
6843,0001755237,CYCN,"Cyclerion Therapeutics, Inc.",Nasdaq
6844,0001755672,CTVA,"Corteva, Inc.",NYSE
6845,0001755953,GRYP,"Gryphon Digital Mining, Inc.",Nasdaq
6846,0001756180,NCRA,"Nocera, Inc.",Nasdaq
6847,0001756262,TMDX,"Transmedics Group, Inc.",Nasdaq
6848,0001756390,AAWH,"Ascend Wellness Holdings, Inc.",OTC
6849,0001756404,PDSKX,Principal Real Asset Fund,None
6850,0001756404,PDSRX,Principal Real Asset Fund,None
6851,0001756594,IVA,Inventiva S.A.,Nasdaq
6852,0001756594,IVEVF,Inventiva S.A.,OTC
6853,0001756607,EQX,Equinox Gold Corp.,NYSE
6854,0001756655,ARDT,"Ardent Health Partners, Inc.",NYSE
6855,0001756699,TIGR,Up Fintech Holding Ltd,Nasdaq
6856,0001756701,LNKB,"Linkbancorp, Inc.",Nasdaq
6857,0001756704,SIRC,Solar Integrated Roofing Corp.,OTC
6858,0001756708,JMIA,Jumia Technologies Ag,NYSE
6859,0001756770,CURLF,"Curaleaf Holdings, Inc.",OTC
6860,0001756908,PDX,Pimco Dynamic Income Strategy Fund,NYSE
6861,0001757064,GNFT,Genfit S.A.,Nasdaq
6862,0001757073,NVST,Envista Holdings Corp,NYSE
6863,0001757097,CNTGF,Centogene N.V.,OTC
6864,0001757143,PAIYY,Aesthetic Medical International Holdings Group Ltd,OTC
6865,0001757499,SHPH,"Shuttle Pharmaceuticals Holdings, Inc.",Nasdaq
6866,0001757715,ATER,"Aterian, Inc.",Nasdaq
6867,0001757840,INDO,Indonesia Energy Corp Ltd,NYSE
6868,0001757898,STE,Steris Plc,NYSE
6869,0001758009,QUBT,Quantum Computing Inc.,Nasdaq
6870,0001758021,KRT,Karat Packaging Inc.,Nasdaq
6871,0001758057,LAZR,"Luminar Technologies, Inc./De",Nasdaq
6872,0001758488,OSW,Onespaworld Holdings Ltd,Nasdaq
6873,0001758530,SY,So-Young International Inc.,Nasdaq
6874,0001758699,TRSO,Transuite.Org Inc.,OTC
6875,0001758730,TW,Tradeweb Markets Inc.,Nasdaq
6876,0001758766,STEM,"Stem, Inc.",NYSE
6877,0001759124,IAUM,Ishares Gold Trust Micro,NYSE
6878,0001759136,BHAT,Blue Hat Interactive Entertainment Technology,Nasdaq
6879,0001759138,CABA,"Cabaletta Bio, Inc.",Nasdaq
6880,0001759186,COEP,"Coeptis Therapeutics Holdings, Inc.",Nasdaq
6881,0001759186,COEPW,"Coeptis Therapeutics Holdings, Inc.",Nasdaq
6882,0001759425,MIRM,"Mirum Pharmaceuticals, Inc.",Nasdaq
6883,0001759509,LYFT,"Lyft, Inc.",Nasdaq
6884,0001759546,NRDE,Nu Ride Inc.,OTC
6885,0001759614,YJ,Yunji Inc.,Nasdaq
6886,0001759631,HYLN,Hyliion Holdings Corp.,NYSE
6887,0001759655,PRVA,"Privia Health Group, Inc.",Nasdaq
6888,0001759774,PSTL,"Postal Realty Trust, Inc.",NYSE
6889,0001759783,EH,Ehang Holdings Ltd,Nasdaq
6890,0001759824,ALTG,Alta Equipment Group Inc.,NYSE
6891,0001759824,ALTG-PA,Alta Equipment Group Inc.,NYSE
6892,0001760026,RMTG,Regenerative Medical Technology Group Inc.,OTC
6893,0001760233,GIFT,"Giftify, Inc.",Nasdaq
6894,0001760542,HOOK,Hookipa Pharma Inc.,Nasdaq
6895,0001760689,MVST,"Microvast Holdings, Inc.",Nasdaq
6896,0001760689,MVSTW,"Microvast Holdings, Inc.",Nasdaq
6897,0001760854,NBTX,Nanobiotix S.A.,Nasdaq
6898,0001760903,SHOT,"Safety Shot, Inc.",Nasdaq
6899,0001760903,SHOTW,"Safety Shot, Inc.",Nasdaq
6900,0001760965,KTB,"Kontoor Brands, Inc.",NYSE
6901,0001761312,PLMR,"Palomar Holdings, Inc.",Nasdaq
6902,0001761325,GXLM,Grayscale Stellar Lumens Trust (Xlm),OTC
6903,0001761510,TLLTF,Tilt Holdings Inc.,OTC
6904,0001761612,BCYC,Bicycle Therapeutics Plc,Nasdaq
6905,0001761696,CRKN,Crown Electrokinetics Corp.,OTC
6906,0001761918,ERAS,"Erasca, Inc.",Nasdaq
6907,0001762239,KAVL,"Kaival Brands Innovations Group, Inc.",Nasdaq
6908,0001762301,FVRR,Fiverr International Ltd.,NYSE
6909,0001762303,AVHHL,"Avita Medical, Inc.",OTC
6910,0001762303,RCEL,"Avita Medical, Inc.",Nasdaq
6911,0001762400,LVCE,"Livecare, Inc.",OTC
6912,0001762417,DOYU,Douyu International Holdings Ltd,Nasdaq
6913,0001762506,VIST,"Vista Energy, S.A.B. De C.V.",NYSE
6914,0001762506,VSOGF,"Vista Energy, S.A.B. De C.V.",OTC
6915,0001762562,CPRDX,Clarion Partners Real Estate Income Fund Inc.,None
6916,0001763329,AIBT,"Aibotics, Inc.",OTC
6917,0001763415,BITB,Bitwise Bitcoin Etf,NYSE
6918,0001763660,SEAV,Seatech Ventures Corp.,OTC
6919,0001763925,CJAX,Cojax Oil & Gas Corp,OTC
6920,0001763950,LTRN,Lantern Pharma Inc.,Nasdaq
6921,0001764013,IMVT,"Immunovant, Inc.",Nasdaq
6922,0001764046,CLVT,Clarivate Plc,NYSE
6923,0001764757,DIDIY,Didi Global Inc.,OTC
6924,0001764974,TSBX,Turnstone Biologics Corp.,Nasdaq
6925,0001765651,PSPX,Pacific Sports Exchange Inc.,OTC
6926,0001765826,BZRD,"Blubuzzard, Inc.",OTC
6927,0001765850,PWM,Prestige Wealth Inc.,Nasdaq
6928,0001766140,UNCY,"Unicycive Therapeutics, Inc.",Nasdaq
6929,0001766368,MEC,"Mayville Engineering Company, Inc.",NYSE
6930,0001766400,PNTG,"Pennant Group, Inc.",Nasdaq
6931,0001766478,AOMN,"Angel Oak Mortgage Reit, Inc.",NYSE
6932,0001766478,AOMR,"Angel Oak Mortgage Reit, Inc.",NYSE
6933,0001766502,CHWY,"Chewy, Inc.",NYSE
6934,0001766526,TECTP,"Tectonic Financial, Inc.",Nasdaq
6935,0001766600,SNDL,Sndl Inc.,Nasdaq
6936,0001767042,KGS,"Kodiak Gas Services, Inc.",NYSE
6937,0001767057,OBTC,Osprey Bitcoin Trust,OTC
6938,0001767258,XPEL,"Xpel, Inc.",Nasdaq
6939,0001767582,LKNCY,Luckin Coffee Inc.,OTC
6940,0001767837,RMBI,"Richmond Mutual Bancorporation, Inc.",Nasdaq
6941,0001768224,ARCT,Arcturus Therapeutics Holdings Inc.,Nasdaq
6942,0001768259,GOTU,Gaotu Techedu Inc.,NYSE
6943,0001768267,CRNC,Cerence Inc.,Nasdaq
6944,0001768446,CLYM,"Climb Bio, Inc.",Nasdaq
6945,0001768666,BSTZ,Blackrock Science & Technology Term Trust,NYSE
6946,0001768946,BPTSY,Biophytis Sa,OTC
6947,0001769256,XHG,Xchange Tec.Inc,Nasdaq
6948,0001769484,BIOX,Bioceres Crop Solutions Corp.,Nasdaq
6949,0001769617,HONE,"Harborone Bancorp, Inc.",Nasdaq
6950,0001769624,ILLR,Triller Group Inc.,Nasdaq
6951,0001769624,ILLRW,Triller Group Inc.,Nasdaq
6952,0001769628,CRWV,"Coreweave, Inc.",Nasdaq
6953,0001769663,PBFS,"Pioneer Bancorp, Inc./Md",Nasdaq
6954,0001769697,LITM,Snow Lake Resources Ltd.,Nasdaq
6955,0001769725,ERKH,"Eureka Homestead Bancorp, Inc.",OTC
6956,0001769731,AMTD,Amtd Idea Group,NYSE
6957,0001769759,MGRM,Monogram Technologies Inc.,Nasdaq
6958,0001769768,EJH,E-Home Household Service Holdings Ltd,Nasdaq
6959,0001770088,WIMI,Wimi Hologram Cloud Inc.,Nasdaq
6960,0001770121,SANA,"Sana Biotechnology, Inc.",Nasdaq
6961,0001770236,MITQ,Moving Image Technologies Inc.,NYSE
6962,0001770450,XRX,Xerox Holdings Corp,Nasdaq
6963,0001770501,VENU,Venu Holding Corp,NYSE
6964,0001770561,CODQL,Coronado Global Resources Inc.,OTC
6965,0001770787,TXG,"10X Genomics, Inc.",Nasdaq
6966,0001771007,AFYA,Afya Ltd,Nasdaq
6967,0001771226,RMM,"Rivernorth Managed Duration Municipal Income Fund, Inc.",NYSE
6968,0001771515,GO,Grocery Outlet Holding Corp.,Nasdaq
6969,0001771706,VREOF,Vireo Growth Inc.,OTC
6970,0001771755,SWISF,Sekur Private Data Ltd.,OTC
6971,0001771885,QNTM,Quantum Biopharma Ltd.,Nasdaq
6972,0001771910,ADCT,Adc Therapeutics Sa,NYSE
6973,0001771995,APHP,American Picture House Corp,OTC
6974,0001772016,BRBR,"Bellring Brands, Inc.",NYSE
6975,0001772177,KRUS,"Kura Sushi Usa, Inc.",Nasdaq
6976,0001772253,FLNG,Flex Lng Ltd.,NYSE
6977,0001772695,NOVA,Sunnova Energy International Inc.,NYSE
6978,0001772720,SPRU,Spruce Power Holding Corp,NYSE
6979,0001772921,ONEW,Onewater Marine Inc.,Nasdaq
6980,0001773383,DT,"Dynatrace, Inc.",NYSE
6981,0001773427,SWTX,"Springworks Therapeutics, Inc.",Nasdaq
6982,0001773751,HIMS,"Hims & Hers Health, Inc.",NYSE
6983,0001774170,AIOT,"Powerfleet, Inc.",Nasdaq
6984,0001774342,NMCO,Nuveen Municipal Credit Opportunities Fund,NYSE
6985,0001774675,SKIL,Skillsoft Corp.,NYSE
6986,0001774675,SKILW,Skillsoft Corp.,OTC
6987,0001774857,AARD,"Aardvark Therapeutics, Inc.",Nasdaq
6988,0001774983,BROG,Brooge Energy Ltd,Nasdaq
6989,0001775085,CLEU,China Liberal Education Holdings Ltd,Nasdaq
6990,0001775194,UPXI,"Upexi, Inc.",Nasdaq
6991,0001775734,BENF,Beneficient,Nasdaq
6992,0001775734,BENFW,Beneficient,Nasdaq
6993,0001775898,UCL,Ucloudlink Group Inc.,Nasdaq
6994,0001776048,AMMX,Ameramex International Inc,OTC
6995,0001776067,OCG,Oriental Culture Holding Ltd,Nasdaq
6996,0001776073,CBDL,Cbd Life Sciences Inc.,OTC
6997,0001776111,MBX,"Mbx Biosciences, Inc.",Nasdaq
6998,0001776661,ADV,Advantage Solutions Inc.,Nasdaq
6999,0001776661,ADVWW,Advantage Solutions Inc.,Nasdaq
7000,0001776738,CBSTF,Cannabist Co Holdings Inc.,OTC
7001,0001776909,CURI,Curiositystream Inc.,Nasdaq
7002,0001776909,CURIW,Curiositystream Inc.,Nasdaq
7003,0001776985,BNTX,Biontech Se,Nasdaq
7004,0001777319,CISO,"Ciso Global, Inc.",Nasdaq
7005,0001777393,CHPT,"Chargepoint Holdings, Inc.",NYSE
7006,0001777765,VQSSF,Viq Solutions Inc.,OTC
7007,0001777835,PWP,Perella Weinberg Partners,Nasdaq
7008,0001777921,AVPT,"Avepoint, Inc.",Nasdaq
7009,0001777921,AVPTW,"Avepoint, Inc.",Nasdaq
7010,0001778016,IMAB,I-Mab,Nasdaq
7011,0001778114,AIO,Virtus Artificial Intelligence & Technology Opportunities Fund,NYSE
7012,0001778129,TSNDF,Terrascend Corp.,OTC
7013,0001778784,PVBC,"Provident Bancorp, Inc. /Md/",Nasdaq
7014,0001778982,HUIZ,Huize Holding Ltd,Nasdaq
7015,0001779020,DNMRQ,"Danimer Scientific, Inc.",OTC
7016,0001779020,DNMWQ,"Danimer Scientific, Inc.",OTC
7017,0001779128,BLDE,"Blade Air Mobility, Inc.",Nasdaq
7018,0001779128,BLDEW,"Blade Air Mobility, Inc.",Nasdaq
7019,0001779303,DCSX,"Direct Communication Solutions, Inc.",OTC
7020,0001779372,BEAT,"Heartbeam, Inc.",Nasdaq
7021,0001779372,BEATW,"Heartbeam, Inc.",Nasdaq
7022,0001779474,MAPS,"Wm Technology, Inc.",Nasdaq
7023,0001779474,MAPSW,"Wm Technology, Inc.",Nasdaq
7024,0001779476,KRKR,36Kr Holdings Inc.,Nasdaq
7025,0001779578,BGM,Bgm Group Ltd.,Nasdaq
7026,0001780201,LVLU,"Lulu'S Fashion Lounge Holdings, Inc.",Nasdaq
7027,0001780232,GFL,Gfl Environmental Inc.,NYSE
7028,0001780312,ASTS,"Ast Spacemobile, Inc.",Nasdaq
7029,0001780531,OCFT,"Oneconnect Financial Technology Co., Ltd.",NYSE
7030,0001780652,CAN,Canaan Inc.,Nasdaq
7031,0001780731,EPOW,"Sunrise New Energy Co., Ltd.",Nasdaq
7032,0001780785,CNEY,Cn Energy Group. Inc.,Nasdaq
7033,0001781162,MNTS,Momentus Inc.,Nasdaq
7034,0001781162,MNTSW,Momentus Inc.,Nasdaq
7035,0001781174,ACRV,"Acrivon Therapeutics, Inc.",Nasdaq
7036,0001781193,QH,Quhuo Ltd,Nasdaq
7037,0001781335,OTIS,Otis Worldwide Corp,NYSE
7038,0001781397,EEIQ,Epicquest Education Group International Ltd,Nasdaq
7039,0001781446,GAUZ,Gauzy Ltd.,Nasdaq
7040,0001781629,ANKM,"Ankam, Inc.",OTC
7041,0001781726,NPLS,Np Life Sciences Health Industry Group Inc.,OTC
7042,0001781730,TCBX,"Third Coast Bancshares, Inc.",Nasdaq
7043,0001781753,DAO,"Youdao, Inc.",NYSE
7044,0001781755,BWIN,"Baldwin Insurance Group, Inc.",Nasdaq
7045,0001781983,APRE,"Aprea Therapeutics, Inc.",Nasdaq
7046,0001782037,YGMZ,Mingzhu Logistics Holdings Ltd,Nasdaq
7047,0001782107,ONCO,"Onconetix, Inc.",Nasdaq
7048,0001782170,RELY,"Remitly Global, Inc.",Nasdaq
7049,0001782223,PYXS,"Pyxis Oncology, Inc.",Nasdaq
7050,0001782303,BOLD,"Boundless Bio, Inc.",Nasdaq
7051,0001782309,EDTK,Skillful Craftsman Education Technology Ltd,Nasdaq
7052,0001782430,STRW,"Strawberry Fields Reit, Inc.",NYSE
7053,0001782524,MSDL,Morgan Stanley Direct Lending Fund,NYSE
7054,0001782754,AZEK,Azek Co Inc.,NYSE
7055,0001782941,TIRX,Tian Ruixiang Holdings Ltd,Nasdaq
7056,0001782999,PRTC,Puretech Health Plc,Nasdaq
7057,0001782999,PTCHF,Puretech Health Plc,OTC
7058,0001783032,ELEV,"Elevation Oncology, Inc.",Nasdaq
7059,0001783036,NLSP,Nls Pharmaceutics Ltd.,Nasdaq
7060,0001783036,NLSPW,Nls Pharmaceutics Ltd.,Nasdaq
7061,0001783180,CARR,Carrier Global Corp,NYSE
7062,0001783183,PHAT,"Phathom Pharmaceuticals, Inc.",Nasdaq
7063,0001783328,TCRX,"Tscan Therapeutics, Inc.",Nasdaq
7064,0001783398,UWMC,Uwm Holdings Corp,NYSE
7065,0001783398,UWMC-WT,Uwm Holdings Corp,NYSE
7066,0001783407,SOGP,Sound Group Inc.,Nasdaq
7067,0001783432,TETOF,Tectonic Metals Inc.,OTC
7068,0001783875,FFNTF,4Front Ventures Corp.,OTC
7069,0001783879,HOOD,"Robinhood Markets, Inc.",Nasdaq
7070,0001784058,PNYG,Pony Group Inc.,OTC
7071,0001784254,MDIA,Mediaco Holding Inc.,Nasdaq
7072,0001784440,NOTR,"Bioscience Health Innovations, Inc.",OTC
7073,0001784535,PRCH,"Porch Group, Inc.",Nasdaq
7074,0001784970,NXTT,Next Technology Holding Inc.,Nasdaq
7075,0001785056,TRNR,"Interactive Strength, Inc.",Nasdaq
7076,0001785173,ETNB,"89Bio, Inc.",Nasdaq
7077,0001785279,MGX,"Metagenomi, Inc.",Nasdaq
7078,0001785424,KPLT,"Katapult Holdings, Inc.",Nasdaq
7079,0001785424,KPLTW,"Katapult Holdings, Inc.",Nasdaq
7080,0001785493,PXPC,Phoenix Plus Corp.,OTC
7081,0001785494,WBQNL,Woodbridge Liquidation Trust,OTC
7082,0001785530,HOWL,"Werewolf Therapeutics, Inc.",Nasdaq
7083,0001785566,ZCMD,Zhongchao Inc.,Nasdaq
7084,0001785592,LFLY,"Leafly Holdings, Inc. /De",OTC
7085,0001785592,LFLYW,"Leafly Holdings, Inc. /De",OTC
7086,0001785680,STEC,Santech Holdings Ltd,Nasdaq
7087,0001785971,BMEZ,Blackrock Health Sciences Term Trust,NYSE
7088,0001786108,TRIN,Trinity Capital Inc.,Nasdaq
7089,0001786108,TRINI,Trinity Capital Inc.,Nasdaq
7090,0001786108,TRINZ,Trinity Capital Inc.,Nasdaq
7091,0001786117,PINE,"Alpine Income Property Trust, Inc.",NYSE
7092,0001786205,ACLX,"Arcellx, Inc.",Nasdaq
7093,0001786248,NREF,"Nexpoint Real Estate Finance, Inc.",NYSE
7094,0001786248,NREF-PA,"Nexpoint Real Estate Finance, Inc.",NYSE
7095,0001786286,DPRO,Draganfly Inc.,Nasdaq
7096,0001786318,IBATF,International Battery Metals Ltd.,OTC
7097,0001786352,BILL,"Bill Holdings, Inc.",NYSE
7098,0001786431,REYN,Reynolds Consumer Products Inc.,Nasdaq
7099,0001786842,VNT,Vontier Corp,NYSE
7100,0001786909,SBSW,Sibanye Stillwater Ltd,NYSE
7101,0001786909,SBYSF,Sibanye Stillwater Ltd,OTC
7102,0001787297,PASG,"Passage Bio, Inc.",Nasdaq
7103,0001787306,ARQT,"Arcutis Biotherapeutics, Inc.",Nasdaq
7104,0001787384,FFBW,"Ffbw, Inc. /Md/",OTC
7105,0001787400,NKTX,"Nkarta, Inc.",Nasdaq
7106,0001787414,BSBK,Bogota Financial Corp.,Nasdaq
7107,0001787425,XP,Xp Inc.,Nasdaq
7108,0001787518,NUKK,Nukkleus Inc.,Nasdaq
7109,0001787518,NUKKW,Nukkleus Inc.,Nasdaq
7110,0001787740,TIVC,"Tivic Health Systems, Inc.",Nasdaq
7111,0001787803,WNW,Meiwu Technology Co Ltd,Nasdaq
7112,0001788028,JSPR,"Jasper Therapeutics, Inc.",Nasdaq
7113,0001788028,JSPRW,"Jasper Therapeutics, Inc.",Nasdaq
7114,0001788230,CASK,"Heritage Distilling Holding Company, Inc.",Nasdaq
7115,0001788257,BWMX,"Betterware De Mexico, S.A.P.I. De C.V",NYSE
7116,0001788348,BIPC,Brookfield Infrastructure Corp,NYSE
7117,0001788399,DLY,Doubleline Yield Opportunities Fund,NYSE
7118,0001788841,MCOM,Micromobility.Com Inc.,OTC
7119,0001788841,MCOMW,Micromobility.Com Inc.,OTC
7120,0001788882,ROOT,"Root, Inc.",Nasdaq
7121,0001788999,XPER,Xperi Inc.,NYSE
7122,0001789029,AEVA,"Aeva Technologies, Inc.",Nasdaq
7123,0001789029,AEVAW,"Aeva Technologies, Inc.",Nasdaq
7124,0001789192,NITO,"N2Off, Inc.",Nasdaq
7125,0001789299,WTO,Utime Ltd,Nasdaq
7126,0001789769,TIL,"Instil Bio, Inc.",Nasdaq
7127,0001789832,HESM,Hess Midstream Lp,NYSE
7128,0001789940,FWRG,"First Watch Restaurant Group, Inc.",Nasdaq
7129,0001789972,CGEM,"Cullinan Therapeutics, Inc.",Nasdaq
7130,0001790169,FLGC,Flora Growth Corp.,Nasdaq
7131,0001790177,RFM,"Rivernorth Flexible Municipal Income Fund, Inc.",NYSE
7132,0001790320,MSTH,Mystic Holdings Inc./Nv,OTC
7133,0001790340,IMRX,Immuneering Corp,Nasdaq
7134,0001791145,GBFH,Gbank Financial Holdings Inc.,OTC
7135,0001791706,LAAOF,Li Auto Inc.,OTC
7136,0001791706,LI,Li Auto Inc.,Nasdaq
7137,0001791725,HUDI,"Huadi International Group Co., Ltd.",Nasdaq
7138,0001791863,BEPC,Brookfield Renewable Corp,NYSE
7139,0001791929,DPUI,"Discount Print Usa, Inc.",OTC
7140,0001791942,JBS,Jbs B.V.,None
7141,0001792030,IMCC,Im Cannabis Corp.,Nasdaq
7142,0001792044,VTRS,Viatris Inc,Nasdaq
7143,0001792045,THNPF,Technip Energies N.V.,OTC
7144,0001792045,THNPY,Technip Energies N.V.,OTC
7145,0001792267,BNR,Burning Rock Biotech Ltd,Nasdaq
7146,0001792580,OVV,Ovintiv Inc.,NYSE
7147,0001792581,KRBPQ,"Kiromic Biopharma, Inc.",OTC
7148,0001792627,JTKWY,Just Eat Takeaway.Com N.V.,OTC
7149,0001792627,TKAYF,Just Eat Takeaway.Com N.V.,OTC
7150,0001792781,CURV,Torrid Holdings Inc.,NYSE
7151,0001792789,DASH,"Doordash, Inc.",Nasdaq
7152,0001792829,VSTA,Vasta Platform Ltd,Nasdaq
7153,0001792849,HPK,"Highpeak Energy, Inc.",Nasdaq
7154,0001792849,HPKEW,"Highpeak Energy, Inc.",Nasdaq
7155,0001793129,NDMO,Nuveen Dynamic Municipal Opportunities Fund,NYSE
7156,0001793229,CTEV,Claritev Corp,NYSE
7157,0001793229,MPLNW,Claritev Corp,OTC
7158,0001793497,SVIX,Vs Trust,CBOE
7159,0001793497,UVIX,Vs Trust,CBOE
7160,0001793659,RSI,"Rush Street Interactive, Inc.",NYSE
7161,0001793663,VTEX,Vtex,NYSE
7162,0001793855,ASGI,Abrdn Global Infrastructure Income Fund,NYSE
7163,0001793862,DADA,Dada Nexus Ltd,Nasdaq
7164,0001793882,PTA,Cohen & Steers Tax-Advantaged Preferred Securities & Income Fund,NYSE
7165,0001793895,CDTG,Cdt Environmental Technology Investment Holdings Ltd,Nasdaq
7166,0001794276,YCQH,Ycqh Agricultural Technology Co. Ltd,OTC
7167,0001794338,IGIC,International General Insurance Holdings Ltd.,Nasdaq
7168,0001794350,YALA,Yalla Group Ltd,NYSE
7169,0001794515,ZI,Zoominfo Technologies Inc.,Nasdaq
7170,0001794669,FOUR,"Shift4 Payments, Inc.",NYSE
7171,0001794776,PSBD,Palmer Square Capital Bdc Inc.,NYSE
7172,0001794783,SLQT,"Selectquote, Inc.",NYSE
7173,0001794846,ATCO-PD,Atlas Corp.,NYSE
7174,0001794846,ATCO-PH,Atlas Corp.,NYSE
7175,0001794846,ATCOL,Atlas Corp.,Nasdaq
7176,0001794942,SKFG,"Stark Focus Group, Inc.",OTC
7177,0001795091,OSTX,Os Therapies Inc,NYSE
7178,0001795139,GTBIF,Green Thumb Industries Inc.,OTC
7179,0001795250,SPHR,Sphere Entertainment Co.,NYSE
7180,0001795251,NNOX,Nano-X Imaging Ltd.,Nasdaq
7181,0001795589,KC,Kingsoft Cloud Holdings Ltd,Nasdaq
7182,0001795589,KCLHF,Kingsoft Cloud Holdings Ltd,OTC
7183,0001795815,BCAL,California Bancorp Ca,Nasdaq
7184,0001795851,FAVO,"Favo Capital, Inc.",OTC
7185,0001796022,STEP,Stepstone Group Inc.,Nasdaq
7186,0001796073,VZLA,Vizsla Silver Corp.,NYSE
7187,0001796129,VINC,"Vincerx Pharma, Inc.",Nasdaq
7188,0001796209,APG,Api Group Corp,NYSE
7189,0001796280,ORIC,"Oric Pharmaceuticals, Inc.",Nasdaq
7190,0001796514,BTCT,Btc Digital Ltd.,Nasdaq
7191,0001796898,MAXN,"Maxeon Solar Technologies, Ltd.",Nasdaq
7192,0001796949,GFLT,"Genflat Holdings, Inc.",OTC
7193,0001798100,NTST,Netstreit Corp.,NYSE
7194,0001798458,CRGH,"Carriage House Event Center, Inc.",OTC
7195,0001798562,TMC,Tmc The Metals Co Inc.,Nasdaq
7196,0001798562,TMCWW,Tmc The Metals Co Inc.,Nasdaq
7197,0001798618,PDO,Pimco Dynamic Income Opportunities Fund,NYSE
7198,0001798749,AVTE,"Aerovate Therapeutics, Inc.",Nasdaq
7199,0001799011,LUCD,Lucid Diagnostics Inc.,Nasdaq
7200,0001799191,DFPH,"Oncology Institute, Inc.",OTC
7201,0001799191,TOI,"Oncology Institute, Inc.",Nasdaq
7202,0001799191,TOIIW,"Oncology Institute, Inc.",Nasdaq
7203,0001799207,AUNA,Auna S.A.,NYSE
7204,0001799208,DNB,"Dun & Bradstreet Holdings, Inc.",NYSE
7205,0001799290,EBON,Ebang International Holdings Inc.,Nasdaq
7206,0001799332,GAN,Gan Ltd,Nasdaq
7207,0001799448,ALGS,"Aligos Therapeutics, Inc.",Nasdaq
7208,0001799567,DDI,"Doubledown Interactive Co., Ltd.",Nasdaq
7209,0001799788,GLSI,"Greenwich Lifesciences, Inc.",Nasdaq
7210,0001799983,GB,Global Blue Group Holding Ag,NYSE
7211,0001799983,GB-WT,Global Blue Group Holding Ag,NYSE
7212,0001800227,IAC,Iac Inc.,Nasdaq
7213,0001800315,GLTO,"Galecto, Inc.",Nasdaq
7214,0001800347,ETWO,"E2Open Parent Holdings, Inc.",NYSE
7215,0001800347,ETWOW,"E2Open Parent Holdings, Inc.",OTC
7216,0001800373,GWLL,"Goldenwell Biotech, Inc.",OTC
7217,0001800392,MLGO,Microalgo Inc.,Nasdaq
7218,0001800392,VENAF,Microalgo Inc.,OTC
7219,0001800637,AGFY,Agrify Corp,Nasdaq
7220,0001800667,FROG,Jfrog Ltd,Nasdaq
7221,0001801169,OPEN,Opendoor Technologies Inc.,Nasdaq
7222,0001801170,CLOV,"Clover Health Investments, Corp. /De",Nasdaq
7223,0001801198,LEGN,Legend Biotech Corp,Nasdaq
7224,0001801368,MP,Mp Materials Corp. / De,NYSE
7225,0001801417,BYNO,Bynordic Acquisition Corp,OTC
7226,0001801417,BYNOU,Bynordic Acquisition Corp,OTC
7227,0001801417,BYNOW,Bynordic Acquisition Corp,OTC
7228,0001801602,SBIG,"Springbig Holdings, Inc.",OTC
7229,0001801602,SBIGW,"Springbig Holdings, Inc.",OTC
7230,0001801661,SKLZ,Skillz Inc.,NYSE
7231,0001801834,PRFX,Painreform Ltd.,Nasdaq
7232,0001802156,XPOF,"Xponential Fitness, Inc.",NYSE
7233,0001802255,GRDN,"Guardian Pharmacy Services, Inc.",NYSE
7234,0001802450,MSPR,"Msp Recovery, Inc.",Nasdaq
7235,0001802450,MSPRW,"Msp Recovery, Inc.",Nasdaq
7236,0001802450,MSPRZ,"Msp Recovery, Inc.",Nasdaq
7237,0001802457,ORGN,"Origin Materials, Inc.",Nasdaq
7238,0001802457,ORGNW,"Origin Materials, Inc.",Nasdaq
7239,0001802546,KGKG,"Kona Gold Beverage, Inc.",OTC
7240,0001802665,HRMY,"Harmony Biosciences Holdings, Inc.",Nasdaq
7241,0001802768,RPRX,Royalty Pharma Plc,Nasdaq
7242,0001802883,API,"Agora, Inc.",Nasdaq
7243,0001802974,AVO,"Mission Produce, Inc.",Nasdaq
7244,0001803096,STRG,"Starguide Group, Inc.",OTC
7245,0001803407,OST,"Ostin Technology Group Co., Ltd.",Nasdaq
7246,0001803599,CNXC,Concentrix Corp,Nasdaq
7247,0001803696,ADEA,Adeia Inc.,Nasdaq
7248,0001803737,EHAB,"Enhabit, Inc.",NYSE
7249,0001803901,TALK,"Talkspace, Inc.",Nasdaq
7250,0001803901,TALKW,"Talkspace, Inc.",Nasdaq
7251,0001803914,PLBY,"Plby Group, Inc.",Nasdaq
7252,0001803977,LIMX,Limitless X Holdings Inc.,OTC
7253,0001804176,BFLY,"Butterfly Network, Inc.",NYSE
7254,0001804176,BFLY-WT,"Butterfly Network, Inc.",NYSE
7255,0001804468,EVOY,"Envoy Technologies, Inc.",None
7256,0001804469,GFAI,"Guardforce Ai Co., Ltd.",Nasdaq
7257,0001804469,GFAIW,"Guardforce Ai Co., Ltd.",Nasdaq
7258,0001804469,GRDAF,"Guardforce Ai Co., Ltd.",OTC
7259,0001804583,RAASY,Cloopen Group Holding Ltd,OTC
7260,0001804591,MEHCQ,23Andme Holding Co.,OTC
7261,0001804745,DRVN,Driven Brands Holdings Inc.,Nasdaq
7262,0001805077,EOSE,"Eos Energy Enterprises, Inc.",Nasdaq
7263,0001805077,EOSEW,"Eos Energy Enterprises, Inc.",Nasdaq
7264,0001805087,CPSR,"Gelesis Holdings, Inc.",NYSE
7265,0001805284,RKT,"Rocket Companies, Inc.",NYSE
7266,0001805385,EVLV,"Evolv Technologies Holdings, Inc.",Nasdaq
7267,0001805385,EVLVW,"Evolv Technologies Holdings, Inc.",Nasdaq
7268,0001805521,FFAI,Faraday Future Intelligent Electric Inc.,Nasdaq
7269,0001805521,FFAIW,Faraday Future Intelligent Electric Inc.,Nasdaq
7270,0001805526,JNVR,Defi Development Corp.,Nasdaq
7271,0001805594,JWEL,Jowell Global Ltd.,Nasdaq
7272,0001805651,MKTW,"Marketwise, Inc.",Nasdaq
7273,0001805833,SST,"System1, Inc.",NYSE
7274,0001805833,SSTPW,"System1, Inc.",OTC
7275,0001806201,LPRO,Open Lending Corp,Nasdaq
7276,0001806310,TSHA,"Taysha Gene Therapies, Inc.",Nasdaq
7277,0001806347,WEST,Westrock Coffee Co,Nasdaq
7278,0001806524,LGHL,Lion Group Holding Ltd,Nasdaq
7279,0001806524,LGHLW,Lion Group Holding Ltd,Nasdaq
7280,0001806837,VERX,"Vertex, Inc.",Nasdaq
7281,0001806904,EZGO,Ezgo Technologies Ltd.,Nasdaq
7282,0001806905,ALEH,Ale Group Holding Ltd,None
7283,0001806952,LYEL,"Lyell Immunopharma, Inc.",Nasdaq
7284,0001807046,OZ,"Belpointe Prep, Llc",NYSE
7285,0001807120,DSGN,"Design Therapeutics, Inc.",Nasdaq
7286,0001807166,AMST,Amesite Inc.,Nasdaq
7287,0001807389,CPOP,"Pop Culture Group Co., Ltd",Nasdaq
7288,0001807616,HIGR,Hi-Great Group Holding Co,OTC
7289,0001807689,FCCI,"Fast Casual Concepts, Inc.",OTC
7290,0001807765,PMVC,Pmv Consumer Acquisition Corp.,None
7291,0001807765,PMVCD,Pmv Consumer Acquisition Corp.,OTC
7292,0001807765,PMVCW,Pmv Consumer Acquisition Corp.,OTC
7293,0001807794,CRDO,Credo Technology Group Holding Ltd,Nasdaq
7294,0001807846,ML,Moneylion Inc.,NYSE
7295,0001807887,LASE,Laser Photonics Corp,Nasdaq
7296,0001807893,SPFX,"Standard Premium Finance Holdings, Inc.",OTC
7297,0001807983,MDNAF,Medicenna Therapeutics Corp.,OTC
7298,0001808110,DDC,Ddc Enterprise Ltd,NYSE
7299,0001808158,RPTX,Repare Therapeutics Inc.,Nasdaq
7300,0001808220,GOCO,"Gohealth, Inc.",Nasdaq
7301,0001808377,LUCY,Innovative Eyewear Inc,Nasdaq
7302,0001808377,LUCYW,Innovative Eyewear Inc,Nasdaq
7303,0001808665,ASRT,"Assertio Holdings, Inc.",Nasdaq
7304,0001808805,NAUT,"Nautilus Biotechnology, Inc.",Nasdaq
7305,0001808834,PRG,"Prog Holdings, Inc.",NYSE
7306,0001808865,ITOS,"Iteos Therapeutics, Inc.",Nasdaq
7307,0001808898,BNTC,Benitec Biopharma Inc.,Nasdaq
7308,0001808997,AOUT,"American Outdoor Brands, Inc.",Nasdaq
7309,0001809104,ALIT,"Alight, Inc. / Delaware",NYSE
7310,0001809122,CVAC,Curevac N.V.,Nasdaq
7311,0001809158,KUKE,Kuke Music Holding Ltd,NYSE
7312,0001809196,IMTX,Immatics N.V.,Nasdaq
7313,0001809196,IMTXW,Immatics N.V.,Nasdaq
7314,0001809519,GDRX,"Goodrx Holdings, Inc.",Nasdaq
7315,0001809541,BCAT,Blackrock Capital Allocation Term Trust,NYSE
7316,0001809587,BEKE,Ke Holdings Inc.,NYSE
7317,0001809616,UPC,Universe Pharmaceuticals Inc,Nasdaq
7318,0001809691,HKD,Amtd Digital Inc.,NYSE
7319,0001809750,EDBL,Edible Garden Ag Inc,Nasdaq
7320,0001809750,EDBLW,Edible Garden Ag Inc,Nasdaq
7321,0001809987,MIR,"Mirion Technologies, Inc.",NYSE
7322,0001810019,RXT,"Rackspace Technology, Inc.",Nasdaq
7323,0001810182,ALXO,Alx Oncology Holdings Inc,Nasdaq
7324,0001810467,SNTG,Sentage Holdings Inc.,Nasdaq
7325,0001810523,FTHY,First Trust High Yield Opportunities 2027 Term Fund,NYSE
7326,0001810546,EBC,"Eastern Bankshares, Inc.",Nasdaq
7327,0001810560,REVB,"Revelation Biosciences, Inc.",Nasdaq
7328,0001810560,REVBW,"Revelation Biosciences, Inc.",Nasdaq
7329,0001810806,U,Unity Software Inc.,NYSE
7330,0001810997,XPEV,Xpeng Inc.,NYSE
7331,0001810997,XPNGF,Xpeng Inc.,OTC
7332,0001811063,NUVB,Nuvation Bio Inc.,NYSE
7333,0001811063,NUVB-WT,Nuvation Bio Inc.,NYSE
7334,0001811074,TPL,Texas Pacific Land Corp,NYSE
7335,0001811115,RENXF,Renalytix Plc,OTC
7336,0001811115,RNLXY,Renalytix Plc,OTC
7337,0001811210,LCID,"Lucid Group, Inc.",Nasdaq
7338,0001811216,BAOS,Baosheng Media Group Holdings Ltd,Nasdaq
7339,0001811414,QS,Quantumscape Corp,NYSE
7340,0001812173,RBOT,Vicarious Surgical Inc.,NYSE
7341,0001812173,RBOT-WT,Vicarious Surgical Inc.,NYSE
7342,0001812360,FOXO,Foxo Technologies Inc.,NYSE
7343,0001812360,FOXOW,Foxo Technologies Inc.,OTC
7344,0001812364,RLAY,"Relay Therapeutics, Inc.",Nasdaq
7345,0001812447,SKYQ,Sky Quarry Inc.,Nasdaq
7346,0001812477,BITF,Bitfarms Ltd,Nasdaq
7347,0001812727,RELI,"Reliance Global Group, Inc.",Nasdaq
7348,0001812727,RELIW,"Reliance Global Group, Inc.",Nasdaq
7349,0001812923,SDHY,Pgim Short Duration High Yield Opportunities Fund,NYSE
7350,0001813452,PLNH,Planet 13 Holdings Inc.,OTC
7351,0001813603,HSTA,Hestia Insight Inc.,OTC
7352,0001813744,WDSP,"World Scan Project, Inc.",OTC
7353,0001813783,VMAR,Vision Marine Technologies Inc.,Nasdaq
7354,0001813814,MNMD,Mind Medicine (Mindmed) Inc.,Nasdaq
7355,0001814067,LXEH,Lixiang Education Holding Co. Ltd.,Nasdaq
7356,0001814114,OBIO,"Orchestra Biomed Holdings, Inc.",Nasdaq
7357,0001814215,BURU,"Nuburu, Inc.",NYSE
7358,0001814215,BURUW,"Nuburu, Inc.",OTC
7359,0001814287,ABL,"Abacus Global Management, Inc.",Nasdaq
7360,0001814287,ABLLL,"Abacus Global Management, Inc.",Nasdaq
7361,0001814287,ABLLW,"Abacus Global Management, Inc.",Nasdaq
7362,0001814423,IH,Ihuman Inc.,NYSE
7363,0001814963,ILAG,Intelligent Living Application Group Inc.,Nasdaq
7364,0001814974,BBXIA,"Bbx Capital, Inc.",OTC
7365,0001814974,BBXIB,"Bbx Capital, Inc.",OTC
7366,0001815021,BQ,Boqii Holding Ltd,NYSE
7367,0001815128,STTDF,Standard Uranium Ltd.,OTC
7368,0001815442,KYMR,"Kymera Therapeutics, Inc.",Nasdaq
7369,0001815566,IFBD,"Infobird Co., Ltd",Nasdaq
7370,0001815620,CKDXF,Opthea Ltd,OTC
7371,0001815620,OPT,Opthea Ltd,Nasdaq
7372,0001815632,TGCB,"Tego Cyber, Inc.",OTC
7373,0001815776,LENZ,"Lenz Therapeutics, Inc.",Nasdaq
7374,0001815779,HAFN,Hafnia Ltd,NYSE
7375,0001815846,MNSO,Miniso Group Holding Ltd,NYSE
7376,0001815846,MSOGF,Miniso Group Holding Ltd,OTC
7377,0001815849,ATIP,"Ati Physical Therapy, Inc.",OTC
7378,0001815849,ATIPW,"Ati Physical Therapy, Inc.",OTC
7379,0001815903,PTPI,"Petros Pharmaceuticals, Inc.",Nasdaq
7380,0001815974,ANEB,"Anebulo Pharmaceuticals, Inc.",Nasdaq
7381,0001816007,LU,Lufax Holding Ltd,NYSE
7382,0001816017,SPIR,"Spire Global, Inc.",NYSE
7383,0001816172,JZXN,"Jiuzi Holdings, Inc.",Nasdaq
7384,0001816319,LYTHF,Lytus Technologies Holdings Ptv. Ltd.,OTC
7385,0001816431,QSI,Quantum-Si Inc,Nasdaq
7386,0001816431,QSIAW,Quantum-Si Inc,Nasdaq
7387,0001816554,EVTK,Eventiko Inc.,OTC
7388,0001816581,OUST,"Ouster, Inc.",Nasdaq
7389,0001816581,OUSTW,"Ouster, Inc.",Nasdaq
7390,0001816581,OUSTZ,"Ouster, Inc.",Nasdaq
7391,0001816590,CMPS,Compass Pathways Plc,Nasdaq
7392,0001816613,MKFG,Markforged Holding Corp,NYSE
7393,0001816613,MKFGW,Markforged Holding Corp,OTC
7394,0001816708,OWLT,"Owlet, Inc.",NYSE
7395,0001816708,OWLTW,"Owlet, Inc.",OTC
7396,0001816723,GRFX,Graphex Group Ltd,NYSE
7397,0001816736,IRON,"Disc Medicine, Inc.",Nasdaq
7398,0001816815,BON,Bon Natural Life Ltd,Nasdaq
7399,0001817004,NXXT,"Nextnrg, Inc.",Nasdaq
7400,0001817159,RFMZ,"Rivernorth Flexible Municipal Income Fund Ii, Inc.",NYSE
7401,0001817229,VOR,Vor Biopharma Inc.,Nasdaq
7402,0001817232,HGAS,Global Gas Corp,OTC
7403,0001817232,HGASW,Global Gas Corp,OTC
7404,0001817241,ARTV,"Artiva Biotherapeutics, Inc.",Nasdaq
7405,0001817358,ASO,"Academy Sports & Outdoors, Inc.",Nasdaq
7406,0001817511,SOPA,Society Pass Incorporated.,Nasdaq
7407,0001817640,BRZH,Breeze Holdings Acquisition Corp.,OTC
7408,0001817640,BRZHR,Breeze Holdings Acquisition Corp.,OTC
7409,0001817640,BRZHW,Breeze Holdings Acquisition Corp.,OTC
7410,0001817713,JANX,"Janux Therapeutics, Inc.",Nasdaq
7411,0001817740,AUST,Austin Gold Corp.,NYSE
7412,0001817760,SMTK,"Smartkem, Inc.",Nasdaq
7413,0001818093,SKIN,Beauty Health Co,Nasdaq
7414,0001818201,CCCS,Ccc Intelligent Solutions Holdings Inc.,Nasdaq
7415,0001818274,ARAI,Arrive Ai Inc.,None
7416,0001818331,WGS,Genedx Holdings Corp.,Nasdaq
7417,0001818331,WGSWW,Genedx Holdings Corp.,Nasdaq
7418,0001818382,HUMA,"Humacyte, Inc.",Nasdaq
7419,0001818382,HUMAW,"Humacyte, Inc.",Nasdaq
7420,0001818383,MAX,"Mediaalpha, Inc.",NYSE
7421,0001818502,OPFI,Oppfi Inc.,NYSE
7422,0001818502,OPFI-WT,Oppfi Inc.,NYSE
7423,0001818605,DIST,Distoken Acquisition Corp,Nasdaq
7424,0001818605,DISTR,Distoken Acquisition Corp,Nasdaq
7425,0001818605,DISTW,Distoken Acquisition Corp,Nasdaq
7426,0001818644,LIDR,"Aeye, Inc.",Nasdaq
7427,0001818644,LIDRW,"Aeye, Inc.",Nasdaq
7428,0001818794,DYN,"Dyne Therapeutics, Inc.",Nasdaq
7429,0001818838,ADAG,Adagene Inc.,Nasdaq
7430,0001818844,DWTX,"Dogwood Therapeutics, Inc.",Nasdaq
7431,0001818874,SOFI,"Sofi Technologies, Inc.",Nasdaq
7432,0001819133,TNGX,"Tango Therapeutics, Inc.",Nasdaq
7433,0001819142,SES,Ses Ai Corp,NYSE
7434,0001819142,SES-WT,Ses Ai Corp,NYSE
7435,0001819253,BTMD,Biote Corp.,Nasdaq
7436,0001819395,SOND,Sonder Holdings Inc.,Nasdaq
7437,0001819395,SONDW,Sonder Holdings Inc.,Nasdaq
7438,0001819404,NRDY,Nerdy Inc.,NYSE
7439,0001819411,GANX,"Gain Therapeutics, Inc.",Nasdaq
7440,0001819438,GWH,"Ess Tech, Inc.",NYSE
7441,0001819438,GWH-WT,"Ess Tech, Inc.",NYSE
7442,0001819493,XOS,"Xos, Inc.",Nasdaq
7443,0001819493,XOSWW,"Xos, Inc.",Nasdaq
7444,0001819516,UP,Wheels Up Experience Inc.,NYSE
7445,0001819516,WSUPW,Wheels Up Experience Inc.,OTC
7446,0001819559,WDI,Western Asset Diversified Income Fund (Wdi),NYSE
7447,0001819574,BARK,"Bark, Inc.",NYSE
7448,0001819574,BARK-WT,"Bark, Inc.",NYSE
7449,0001819576,LQDA,Liquidia Corp,Nasdaq
7450,0001819580,YSG,Yatsen Holding Ltd,NYSE
7451,0001819704,MRM,Medirom Healthcare Technologies Inc.,Nasdaq
7452,0001819790,TARS,"Tarsus Pharmaceuticals, Inc.",Nasdaq
7453,0001819794,HTOO,Fusion Fuel Green Plc,Nasdaq
7454,0001819794,HTOOW,Fusion Fuel Green Plc,Nasdaq
7455,0001819796,GCMG,Gcm Grosvenor Inc.,Nasdaq
7456,0001819796,GCMGW,Gcm Grosvenor Inc.,Nasdaq
7457,0001819810,RDW,Redwire Corp,NYSE
7458,0001819848,JOBY,"Joby Aviation, Inc.",NYSE
7459,0001819848,JOBY-WT,"Joby Aviation, Inc.",NYSE
7460,0001819928,DV,"Doubleverify Holdings, Inc.",NYSE
7461,0001819974,SKYT,"Skywater Technology, Inc",Nasdaq
7462,0001819989,CIFR,Cipher Mining Inc.,Nasdaq
7463,0001819989,CIFRW,Cipher Mining Inc.,Nasdaq
7464,0001819994,RKLB,"Rocket Lab Usa, Inc.",Nasdaq
7465,0001820144,GRND,Grindr Inc.,NYSE
7466,0001820190,SCLX,Scilex Holding Co,Nasdaq
7467,0001820190,SCLXW,Scilex Holding Co,Nasdaq
7468,0001820302,BKKT,"Bakkt Holdings, Inc.",NYSE
7469,0001820302,BKKT-WT,"Bakkt Holdings, Inc.",NYSE
7470,0001820378,TBLD,Thornburg Income Builder Opportunities Trust,Nasdaq
7471,0001820566,ISPO,Inspirato Inc,Nasdaq
7472,0001820566,ISPOW,Inspirato Inc,Nasdaq
7473,0001820721,ARRY,"Array Technologies, Inc.",Nasdaq
7474,0001820872,GBTG,"Global Business Travel Group, Inc.",NYSE
7475,0001820875,CXAI,Cxapp Inc.,Nasdaq
7476,0001820875,CXAIW,Cxapp Inc.,Nasdaq
7477,0001820953,AFRM,"Affirm Holdings, Inc.",Nasdaq
7478,0001821159,EVGO,Evgo Inc.,Nasdaq
7479,0001821159,EVGOW,Evgo Inc.,Nasdaq
7480,0001821160,GHLD,Guild Holdings Co,NYSE
7481,0001821175,MSGM,Motorsport Games Inc.,Nasdaq
7482,0001821424,UK,Ucommune International Ltd,Nasdaq
7483,0001821424,UKOMW,Ucommune International Ltd,Nasdaq
7484,0001821468,YQ,17 Education & Technology Group Inc.,Nasdaq
7485,0001821534,EXOD,"Exodus Movement, Inc.",NYSE
7486,0001821586,MLTX,Moonlake Immunotherapeutics,Nasdaq
7487,0001821769,NVTS,Navitas Semiconductor Corp,Nasdaq
7488,0001821806,LESL,"Leslie'S, Inc.",Nasdaq
7489,0001821825,OGN,Organon & Co.,NYSE
7490,0001822250,LOGC,Contextlogic Inc.,Nasdaq
7491,0001822309,CAS,Cascade Acquisition Corp,NYSE
7492,0001822359,DCGO,Docgo Inc.,Nasdaq
7493,0001822462,FHTX,Foghorn Therapeutics Inc.,Nasdaq
7494,0001822479,SHC,Sotera Health Co,Nasdaq
7495,0001822492,HLMN,Hillman Solutions Corp.,Nasdaq
7496,0001822523,AFCG,Advanced Flower Capital Inc.,Nasdaq
7497,0001822791,CLNN,Clene Inc.,Nasdaq
7498,0001822791,CLNNW,Clene Inc.,Nasdaq
7499,0001822928,HLLY,Holley Inc.,NYSE
7500,0001822928,HLLY-WT,Holley Inc.,NYSE
7501,0001822966,SMR,Nuscale Power Corp,NYSE
7502,0001822993,JXN,Jackson Financial Inc.,NYSE
7503,0001822993,JXN-PA,Jackson Financial Inc.,NYSE
7504,0001823144,CMPO,"Composecure, Inc.",Nasdaq
7505,0001823144,CMPOW,"Composecure, Inc.",Nasdaq
7506,0001823239,MRVI,"Maravai Lifesciences Holdings, Inc.",Nasdaq
7507,0001823306,LSPD,Lightspeed Commerce Inc.,NYSE
7508,0001823365,GBNY,"Generations Bancorp Ny, Inc.",OTC
7509,0001823406,AFBI,"Affinity Bancshares, Inc.",Nasdaq
7510,0001823466,NOTE,"Fiscalnote Holdings, Inc.",NYSE
7511,0001823466,NOTE-WT,"Fiscalnote Holdings, Inc.",NYSE
7512,0001823529,ACT,"Enact Holdings, Inc.",Nasdaq
7513,0001823584,AENT,Alliance Entertainment Holding Corp,Nasdaq
7514,0001823584,AENTW,Alliance Entertainment Holding Corp,Nasdaq
7515,0001823587,SKYH,Sky Harbour Group Corp,NYSE
7516,0001823587,SKYH-WT,Sky Harbour Group Corp,NYSE
7517,0001823593,TSPH,Tusimple Holdings Inc.,OTC
7518,0001823608,AMAL,Amalgamated Financial Corp.,Nasdaq
7519,0001823635,ECXJ,"Cxj Group Co., Ltd",OTC
7520,0001823652,EVEX,"Eve Holding, Inc.",NYSE
7521,0001823652,EVEX-WT,"Eve Holding, Inc.",NYSE
7522,0001823794,ARKO,Arko Corp.,Nasdaq
7523,0001823794,ARKOW,Arko Corp.,Nasdaq
7524,0001823878,MYPS,"Playstudios, Inc.",Nasdaq
7525,0001823878,MYPSW,"Playstudios, Inc.",Nasdaq
7526,0001823945,OWL,Blue Owl Capital Inc.,NYSE
7527,0001823986,WDH,Waterdrop Inc.,NYSE
7528,0001824204,PVOZ,Park View Oz Reit Inc,OTC
7529,0001824293,GRI,"Gri Bio, Inc.",Nasdaq
7530,0001824403,RSVR,"Reservoir Media, Inc.",Nasdaq
7531,0001824403,RSVRW,"Reservoir Media, Inc.",Nasdaq
7532,0001824502,ACHR,Archer Aviation Inc.,NYSE
7533,0001824502,ACHR-WT,Archer Aviation Inc.,NYSE
7534,0001824814,CGNT,Cognyte Software Ltd.,Nasdaq
7535,0001824893,SRZN,"Surrozen, Inc./De",Nasdaq
7536,0001824893,SRZNW,"Surrozen, Inc./De",Nasdaq
7537,0001824920,IONQ,"Ionq, Inc.",NYSE
7538,0001824920,IONQ-WT,"Ionq, Inc.",NYSE
7539,0001825024,OPAD,Offerpad Solutions Inc.,NYSE
7540,0001825024,OPADW,Offerpad Solutions Inc.,OTC
7541,0001825079,VLDX,"Velo3D, Inc.",OTC
7542,0001825079,VLDXW,"Velo3D, Inc.",OTC
7543,0001825088,DFH,"Dream Finders Homes, Inc.",NYSE
7544,0001825155,TIXT,Telus International (Cda) Inc.,NYSE
7545,0001825248,FRBP,Franklin Bsp Capital Corp,OTC
7546,0001825349,CHSN,Chanson International Holding,Nasdaq
7547,0001825452,ONFO,"Onfolio Holdings, Inc",Nasdaq
7548,0001825452,ONFOP,"Onfolio Holdings, Inc",OTC
7549,0001825452,ONFOW,"Onfolio Holdings, Inc",Nasdaq
7550,0001825570,PAX,Patria Investments Ltd,Nasdaq
7551,0001825875,RAYA,Erayak Power Solution Group Inc.,Nasdaq
7552,0001826000,LTCH,"Latch, Inc.",OTC
7553,0001826011,BNZI,"Banzai International, Inc.",Nasdaq
7554,0001826011,BNZIW,"Banzai International, Inc.",Nasdaq
7555,0001826168,TIMB,Tim S.A.,NYSE
7556,0001826286,VINP,Vinci Partners Investments Ltd.,Nasdaq
7557,0001826376,GSUN,Golden Sun Health Technology Group Ltd,Nasdaq
7558,0001826397,AGRI,Agriforce Growing Systems Ltd.,Nasdaq
7559,0001826457,GLUE,"Monte Rosa Therapeutics, Inc.",Nasdaq
7560,0001826470,WOOF,"Petco Health & Wellness Company, Inc.",Nasdaq
7561,0001826600,MNTK,"Montauk Renewables, Inc.",Nasdaq
7562,0001826660,WETH,Wetouch Technology Inc.,Nasdaq
7563,0001826667,TLSI,"Trisalus Life Sciences, Inc.",Nasdaq
7564,0001826667,TLSIW,"Trisalus Life Sciences, Inc.",Nasdaq
7565,0001826681,PDYN,Palladyne Ai Corp.,Nasdaq
7566,0001826681,PDYNW,Palladyne Ai Corp.,Nasdaq
7567,0001826889,BODI,"Beachbody Company, Inc.",NYSE
7568,0001826889,BODYW,"Beachbody Company, Inc.",OTC
7569,0001826892,BCAB,"Bioatla, Inc.",Nasdaq
7570,0001827087,VIGL,"Vigil Neuroscience, Inc.",Nasdaq
7571,0001827090,CERT,"Certara, Inc.",Nasdaq
7572,0001827401,DRUG,Bright Minds Biosciences Inc.,Nasdaq
7573,0001827506,TRML,"Tourmaline Bio, Inc.",Nasdaq
7574,0001827821,FRGE,"Forge Global Holdings, Inc.",NYSE
7575,0001827855,MCLE,Medicale Corp.,OTC
7576,0001828016,PLTK,Playtika Holding Corp.,Nasdaq
7577,0001828098,MTTCF,Steakholder Foods Ltd.,OTC
7578,0001828098,STKH,Steakholder Foods Ltd.,Nasdaq
7579,0001828102,KARO,Karooooo Ltd.,Nasdaq
7580,0001828105,HIPO,Hippo Holdings Inc.,NYSE
7581,0001828105,HIPOW,Hippo Holdings Inc.,OTC
7582,0001828108,AUR,"Aurora Innovation, Inc.",Nasdaq
7583,0001828108,AUROW,"Aurora Innovation, Inc.",Nasdaq
7584,0001828161,FTCI,"Ftc Solar, Inc.",Nasdaq
7585,0001828185,BRNS,Barinthus Biotherapeutics Plc.,Nasdaq
7586,0001828253,EVAX,Evaxion Biotech A/S,Nasdaq
7587,0001828316,PHAR,Pharming Group N.V.,Nasdaq
7588,0001828318,ENVX,Enovix Corp,Nasdaq
7589,0001828365,RLX,Rlx Technology Inc.,NYSE
7590,0001828376,WMPN,William Penn Bancorporation,Nasdaq
7591,0001828377,FTCO,Fortitude Gold Corp,OTC
7592,0001828536,NRGV,"Energy Vault Holdings, Inc.",NYSE
7593,0001828588,HNVR,"Hanover Bancorp, Inc. /Ny",Nasdaq
7594,0001828673,HCWB,Hcw Biologics Inc.,Nasdaq
7595,0001828723,AMPS,"Altus Power, Inc.",NYSE
7596,0001828748,ASFH,Asiafin Holdings Corp.,OTC
7597,0001828791,DSP,Viant Technology Inc.,Nasdaq
7598,0001828805,ALMU,"Aeluma, Inc.",Nasdaq
7599,0001828811,LICYF,Li-Cycle Holdings Corp.,OTC
7600,0001828937,FOA,Finance Of America Companies Inc.,NYSE
7601,0001828937,FOACW,Finance Of America Companies Inc.,OTC
7602,0001828962,CRCT,"Cricut, Inc.",Nasdaq
7603,0001828972,BZFD,"Buzzfeed, Inc.",Nasdaq
7604,0001828972,BZFDW,"Buzzfeed, Inc.",Nasdaq
7605,0001829118,TUYA,Tuya Inc.,NYSE
7606,0001829247,BFRG,"Bullfrog Ai Holdings, Inc.",Nasdaq
7607,0001829247,BFRGW,"Bullfrog Ai Holdings, Inc.",Nasdaq
7608,0001829280,FORA,Forian Inc.,Nasdaq
7609,0001829311,BMNR,"Bitmine Immersion Technologies, Inc.",OTC
7610,0001829576,CARE,"Carter Bankshares, Inc.",Nasdaq
7611,0001829635,RNAZ,"Transcode Therapeutics, Inc.",Nasdaq
7612,0001829667,RGC,Regencell Bioscience Holdings Ltd,Nasdaq
7613,0001829726,TFPM,Triple Flag Precious Metals Corp.,NYSE
7614,0001829794,VLCN,"Volcon, Inc.",Nasdaq
7615,0001829802,SNSE,"Sensei Biotherapeutics, Inc.",Nasdaq
7616,0001829864,TASK,"Taskus, Inc.",Nasdaq
7617,0001829948,CIXXF,Ci Financial Corp.,OTC
7618,0001829959,DCBO,Docebo Inc.,Nasdaq
7619,0001830033,PCT,"Purecycle Technologies, Inc.",Nasdaq
7620,0001830033,PCTTU,"Purecycle Technologies, Inc.",Nasdaq
7621,0001830033,PCTTW,"Purecycle Technologies, Inc.",Nasdaq
7622,0001830043,BMBL,Bumble Inc.,Nasdaq
7623,0001830072,IPW,Ipower Inc.,Nasdaq
7624,0001830081,RUM,Rumble Inc.,Nasdaq
7625,0001830081,RUMBW,Rumble Inc.,Nasdaq
7626,0001830188,UHG,"United Homes Group, Inc.",Nasdaq
7627,0001830188,UHGWW,"United Homes Group, Inc.",Nasdaq
7628,0001830210,BHILQ,"Benson Hill, Inc.",OTC
7629,0001830214,DNA,"Ginkgo Bioworks Holdings, Inc.",NYSE
7630,0001830214,DNABW,"Ginkgo Bioworks Holdings, Inc.",OTC
7631,0001830487,PHVS,Pharvaris N.V.,Nasdaq
7632,0001830696,GLCP,Global Leaders Corp,OTC
7633,0001831006,BLUAF,Blueriver Acquisition Corp.,OTC
7634,0001831096,GEG,"Great Elm Group, Inc.",Nasdaq
7635,0001831096,GEGGL,"Great Elm Group, Inc.",Nasdaq
7636,0001831097,AGL,"Agilon Health, Inc.",NYSE
7637,0001831283,LIANY,Lianbio,OTC
7638,0001831359,JWSMF,Jaws Mustang Acquisition Corp,OTC
7639,0001831359,JWSUF,Jaws Mustang Acquisition Corp,OTC
7640,0001831359,JWSWF,Jaws Mustang Acquisition Corp,OTC
7641,0001831363,TERN,"Terns Pharmaceuticals, Inc.",Nasdaq
7642,0001831481,SOC,Sable Offshore Corp.,NYSE
7643,0001831523,SFCO,Southern Financial Corp,OTC
7644,0001831631,LDI,"Loandepot, Inc.",NYSE
7645,0001831651,SHLS,"Shoals Technologies Group, Inc.",Nasdaq
7646,0001831828,VERA,"Vera Therapeutics, Inc.",Nasdaq
7647,0001831840,SEMR,"Semrush Holdings, Inc.",NYSE
7648,0001831868,ICU,Seastar Medical Holding Corp,Nasdaq
7649,0001831868,ICUCW,Seastar Medical Holding Corp,Nasdaq
7650,0001831874,IRAA,Iris Acquisition Corp,OTC
7651,0001831874,IRAAU,Iris Acquisition Corp,OTC
7652,0001831874,IRAAW,Iris Acquisition Corp,OTC
7653,0001831907,MYTE,Myt Netherlands Parent B.V.,NYSE
7654,0001831915,CTKB,"Cytek Biosciences, Inc.",Nasdaq
7655,0001831979,SDST,Stardust Power Inc.,Nasdaq
7656,0001831979,SDSTW,Stardust Power Inc.,Nasdaq
7657,0001832038,IVVD,"Invivyd, Inc.",Nasdaq
7658,0001832161,VIPZ,"Vip Play, Inc.",OTC
7659,0001832332,AVAH,"Aveanna Healthcare Holdings, Inc.",Nasdaq
7660,0001832466,ALHC,"Alignment Healthcare, Inc.",Nasdaq
7661,0001832483,SERV,Serve Robotics Inc. /De/,Nasdaq
7662,0001832487,GUER,"Guerrilla Rf, Inc.",OTC
7663,0001832511,PIII,P3 Health Partners Inc.,Nasdaq
7664,0001832511,PIIIW,P3 Health Partners Inc.,Nasdaq
7665,0001832871,BMN,Blackrock 2037 Municipal Target Term Trust,NYSE
7666,0001832928,CRLBF,Cresco Labs Inc.,OTC
7667,0001833141,CYBN,Cybin Inc.,NYSE
7668,0001833197,SWIM,"Latham Group, Inc.",Nasdaq
7669,0001833214,SABS,"Sab Biotherapeutics, Inc.",Nasdaq
7670,0001833214,SABSW,"Sab Biotherapeutics, Inc.",Nasdaq
7671,0001833498,MDAI,"Spectral Ai, Inc.",Nasdaq
7672,0001833498,MDAIW,"Spectral Ai, Inc.",Nasdaq
7673,0001833756,DRS,"Leonardo Drs, Inc.",Nasdaq
7674,0001833769,HYPR,"Hyperfine, Inc.",Nasdaq
7675,0001833835,PSFE,Paysafe Ltd,NYSE
7676,0001833835,PSFE-WT,Paysafe Ltd,NYSE
7677,0001834026,GROY,Gold Royalty Corp.,NYSE
7678,0001834026,GROY-WT,Gold Royalty Corp.,NYSE
7679,0001834032,CSTAF,Constellation Acquisition Corp I,OTC
7680,0001834032,CSTUF,Constellation Acquisition Corp I,OTC
7681,0001834032,CSTWF,Constellation Acquisition Corp I,OTC
7682,0001834048,ASAIY,Sendas Distributor S.A.,OTC
7683,0001834105,IBO,Impact Biomedical Inc.,NYSE
7684,0001834253,EM,Smart Share Global Ltd,Nasdaq
7685,0001834376,INNV,Innovage Holding Corp.,Nasdaq
7686,0001834488,NABL,"N-Able, Inc.",NYSE
7687,0001834489,GENI,Genius Sports Ltd,NYSE
7688,0001834494,MLNK,"Meridianlink, Inc.",NYSE
7689,0001834526,GPAT,Gp-Act Iii Acquisition Corp.,Nasdaq
7690,0001834526,GPATU,Gp-Act Iii Acquisition Corp.,Nasdaq
7691,0001834526,GPATW,Gp-Act Iii Acquisition Corp.,Nasdaq
7692,0001834584,CPNG,"Coupang, Inc.",NYSE
7693,0001834622,HAYW,"Hayward Holdings, Inc.",NYSE
7694,0001834974,LEGWQ,Lion Electric Co,OTC
7695,0001834974,LEVGQ,Lion Electric Co,OTC
7696,0001834974,LEVWQ,Lion Electric Co,OTC
7697,0001834975,VEVMQ,Vicinity Motor Corp,OTC
7698,0001835022,COYA,"Coya Therapeutics, Inc.",Nasdaq
7699,0001835068,NPCT,Nuveen Core Plus Impact Fund,NYSE
7700,0001835268,CNTB,Connect Biopharma Holdings Ltd,Nasdaq
7701,0001835385,MBBC,"Marathon Bancorp, Inc. /Md/",Nasdaq
7702,0001835579,IKNA,"Ikena Oncology, Inc.",Nasdaq
7703,0001835597,PEPG,Pepgen Inc.,Nasdaq
7704,0001835615,MHUA,"Meihua International Medical Technologies Co., Ltd.",Nasdaq
7705,0001835632,MRVL,"Marvell Technology, Inc.",Nasdaq
7706,0001835654,INVZ,Innoviz Technologies Ltd.,Nasdaq
7707,0001835654,INVZW,Innoviz Technologies Ltd.,Nasdaq
7708,0001835724,ZH,Zhihu Inc.,NYSE
7709,0001835724,ZHIHF,Zhihu Inc.,OTC
7710,0001835830,KVYO,"Klaviyo, Inc.",NYSE
7711,0001835856,BETR,Better Home & Finance Holding Co,Nasdaq
7712,0001835856,BETRW,Better Home & Finance Holding Co,Nasdaq
7713,0001835963,GLBE,Global-E Online Ltd.,Nasdaq
7714,0001836057,BTX,Blackrock Technology & Private Equity Term Trust,NYSE
7715,0001836100,PUCK,Goal Acquisitions Corp.,OTC
7716,0001836100,PUCKW,Goal Acquisitions Corp.,OTC
7717,0001836242,TKLF,"Tokyo Lifestyle Co., Ltd.",Nasdaq
7718,0001836295,RTGN,Retinalgenix Technologies Inc.,OTC
7719,0001836470,SRAD,Sportradar Group Ag,Nasdaq
7720,0001836564,VALN,Valneva Se,Nasdaq
7721,0001836754,LGCY,Legacy Education Inc.,NYSE
7722,0001836833,PL,Planet Labs Pbc,NYSE
7723,0001836833,PL-WT,Planet Labs Pbc,NYSE
7724,0001836875,NVVE,Nuvve Holding Corp.,Nasdaq
7725,0001836875,NVVEW,Nuvve Holding Corp.,Nasdaq
7726,0001836934,ZENV,Zenvia Inc.,Nasdaq
7727,0001836981,BBAI,"Bigbear.Ai Holdings, Inc.",NYSE
7728,0001836981,BBAI-WT,"Bigbear.Ai Holdings, Inc.",NYSE
7729,0001837014,SMRT,"Smartrent, Inc.",NYSE
7730,0001837240,SYM,Symbotic Inc.,Nasdaq
7731,0001837254,FBIC,Functional Brands Inc.,None
7732,0001837429,BNT,Brookfield Wealth Solutions Ltd.,NYSE
7733,0001837493,IINN,Inspira Technologies Oxy B.H.N. Ltd,Nasdaq
7734,0001837493,IINNW,Inspira Technologies Oxy B.H.N. Ltd,Nasdaq
7735,0001837607,AEON,"Aeon Biopharma, Inc.",NYSE
7736,0001837671,CPPTL,Copper Property Ctl Pass Through Trust,OTC
7737,0001837686,VMEO,"Vimeo, Inc.",Nasdaq
7738,0001837774,GIPL,Global Innovative Platforms Inc.,OTC
7739,0001837821,ZJYL,Jin Medical International Ltd.,Nasdaq
7740,0001838028,HODL,Vaneck Bitcoin Etf,CBOE
7741,0001838128,LOWLF,Lowell Farms Inc.,OTC
7742,0001838162,SLAMF,Slam Corp.,OTC
7743,0001838162,SLMUF,Slam Corp.,OTC
7744,0001838162,SLMWF,Slam Corp.,OTC
7745,0001838163,BNAI,Brand Engagement Network Inc.,Nasdaq
7746,0001838163,BNAIW,Brand Engagement Network Inc.,Nasdaq
7747,0001838359,RGTI,"Rigetti Computing, Inc.",Nasdaq
7748,0001838359,RGTIW,"Rigetti Computing, Inc.",Nasdaq
7749,0001838406,BKV,Bkv Corp,NYSE
7750,0001838413,YMM,Full Truck Alliance Co. Ltd.,NYSE
7751,0001838615,ALTI,"Alti Global, Inc.",Nasdaq
7752,0001838716,GNTA,Genenta Science S.P.A.,Nasdaq
7753,0001838876,GSLR,"Geosolar Technologies, Inc.",OTC
7754,0001838957,RERE,Atrenew Inc.,NYSE
7755,0001838987,CSLR,"Complete Solaria, Inc.",Nasdaq
7756,0001838987,CSLRW,"Complete Solaria, Inc.",Nasdaq
7757,0001838987,SPWR,"Complete Solaria, Inc.",Nasdaq
7758,0001838987,SPWRW,"Complete Solaria, Inc.",Nasdaq
7759,0001839133,IRME,"Ir-Med, Inc.",OTC
7760,0001839140,RVRC,Revium Rx.,OTC
7761,0001839285,HCTI,"Healthcare Triangle, Inc.",Nasdaq
7762,0001839341,CORZ,"Core Scientific, Inc./Tx",Nasdaq
7763,0001839341,CORZR,"Core Scientific, Inc./Tx",OTC
7764,0001839341,CORZW,"Core Scientific, Inc./Tx",Nasdaq
7765,0001839341,CORZZ,"Core Scientific, Inc./Tx",Nasdaq
7766,0001839530,XBP,"Xbp Europe Holdings, Inc.",Nasdaq
7767,0001839530,XBPEW,"Xbp Europe Holdings, Inc.",Nasdaq
7768,0001839586,DMXCF,District Metals Corp.,OTC
7769,0001839608,GETR,"Getaround, Inc",OTC
7770,0001839799,GAMB,Gambling.Com Group Ltd,Nasdaq
7771,0001839839,JBI,"Janus International Group, Inc.",NYSE
7772,0001839998,AONC,"American Oncology Network, Inc.",OTC
7773,0001839998,AONCW,"American Oncology Network, Inc.",OTC
7774,0001840102,SPTY,"Specificity, Inc.",OTC
7775,0001840199,WALD,Waldencast Plc,Nasdaq
7776,0001840199,WALDW,Waldencast Plc,Nasdaq
7777,0001840229,INKT,"Mink Therapeutics, Inc.",Nasdaq
7778,0001840233,XLO,"Xilio Therapeutics, Inc.",Nasdaq
7779,0001840292,HLGN,"Heliogen, Inc.",OTC
7780,0001840292,HLGNW,"Heliogen, Inc.",OTC
7781,0001840317,VEEA,Veea Inc.,Nasdaq
7782,0001840317,VEEAW,Veea Inc.,Nasdaq
7783,0001840416,SEVCF,Sono Group N.V.,OTC
7784,0001840425,OSRH,"Osr Holdings, Inc.",Nasdaq
7785,0001840425,OSRHW,"Osr Holdings, Inc.",Nasdaq
7786,0001840439,BMEA,"Biomea Fusion, Inc.",Nasdaq
7787,0001840502,TBLA,Taboola.Com Ltd.,Nasdaq
7788,0001840502,TBLAW,Taboola.Com Ltd.,Nasdaq
7789,0001840563,ELAB,Pmgc Holdings Inc.,Nasdaq
7790,0001840572,LUCK,Lucky Strike Entertainment Corp,NYSE
7791,0001840574,VERV,"Verve Therapeutics, Inc.",Nasdaq
7792,0001840616,NFGC,New Found Gold Corp.,NYSE
7793,0001840706,SOPH,Sophia Genetics Sa,Nasdaq
7794,0001840748,LVTX,Lava Therapeutics Nv,Nasdaq
7795,0001840776,HGTY,"Hagerty, Inc.",NYSE
7796,0001840780,LOCL,Local Bounti Corporation/De,NYSE
7797,0001840780,LOCLW,Local Bounti Corporation/De,OTC
7798,0001840856,SOUN,"Soundhound Ai, Inc.",Nasdaq
7799,0001840856,SOUNW,"Soundhound Ai, Inc.",Nasdaq
7800,0001840877,COCH,"Envoy Medical, Inc.",Nasdaq
7801,0001840877,COCHW,"Envoy Medical, Inc.",Nasdaq
7802,0001840904,ATAI,Atai Life Sciences N.V.,Nasdaq
7803,0001841125,BSLK,"Bolt Projects Holdings, Inc.",Nasdaq
7804,0001841125,BSLKW,"Bolt Projects Holdings, Inc.",Nasdaq
7805,0001841156,PAY,"Paymentus Holdings, Inc.",NYSE
7806,0001841175,BRRR,Coinshares Valkyrie Bitcoin Fund,Nasdaq
7807,0001841209,HOLO,Microcloud Hologram Inc.,Nasdaq
7808,0001841209,HOLOW,Microcloud Hologram Inc.,Nasdaq
7809,0001841330,KTTA,Pasithea Therapeutics Corp.,Nasdaq
7810,0001841330,KTTAW,Pasithea Therapeutics Corp.,Nasdaq
7811,0001841387,CADL,"Candel Therapeutics, Inc.",Nasdaq
7812,0001841408,DAVE,Dave Inc./De,Nasdaq
7813,0001841408,DAVEW,Dave Inc./De,Nasdaq
7814,0001841425,VGAS,"Verde Clean Fuels, Inc.",Nasdaq
7815,0001841425,VGASW,"Verde Clean Fuels, Inc.",Nasdaq
7816,0001841666,APA,Apa Corp,Nasdaq
7817,0001841675,ARBK,Argo Blockchain Plc,Nasdaq
7818,0001841675,ARBKF,Argo Blockchain Plc,OTC
7819,0001841675,ARBKL,Argo Blockchain Plc,Nasdaq
7820,0001841761,GROV,"Grove Collaborative Holdings, Inc.",NYSE
7821,0001841761,GROVW,"Grove Collaborative Holdings, Inc.",OTC
7822,0001841925,INDI,"Indie Semiconductor, Inc.",Nasdaq
7823,0001841968,PX,"P10, Inc.",NYSE
7824,0001842022,DTM,"Dt Midstream, Inc.",NYSE
7825,0001842138,WRPT,Warpspeed Taxi Inc.,OTC
7826,0001842279,OPAL,Opal Fuels Inc.,Nasdaq
7827,0001842295,MAZE,"Maze Therapeutics, Inc.",Nasdaq
7828,0001842356,PET,Wag! Group Co.,Nasdaq
7829,0001842356,PETWW,Wag! Group Co.,Nasdaq
7830,0001842556,EONR,Eon Resources Inc.,NYSE
7831,0001842556,EONR-WT,Eon Resources Inc.,NYSE
7832,0001842566,AISP,"Airship Ai Holdings, Inc.",Nasdaq
7833,0001842566,AISPW,"Airship Ai Holdings, Inc.",Nasdaq
7834,0001842718,IAS,Integral Ad Science Holding Corp.,Nasdaq
7835,0001842731,SMWB,Similarweb Ltd.,NYSE
7836,0001842827,BZ,Kanzhun Ltd,Nasdaq
7837,0001842937,HCVI,Hennessy Capital Investment Corp. Vi,OTC
7838,0001842937,HCVIU,Hennessy Capital Investment Corp. Vi,OTC
7839,0001842937,HCVIW,Hennessy Capital Investment Corp. Vi,OTC
7840,0001842939,XAGE,"Longevity Health Holdings, Inc.",Nasdaq
7841,0001842939,XAGEW,"Longevity Health Holdings, Inc.",Nasdaq
7842,0001842952,CNTX,Context Therapeutics Inc.,Nasdaq
7843,0001843162,LIEN,"Chicago Atlantic Bdc, Inc.",Nasdaq
7844,0001843165,YHC,Lqr House Inc.,Nasdaq
7845,0001843181,NBXG,Neuberger Berman Next Generation Connectivity Fund Inc.,NYSE
7846,0001843477,SVII,Spring Valley Acquisition Corp. Ii,Nasdaq
7847,0001843477,SVIIR,Spring Valley Acquisition Corp. Ii,Nasdaq
7848,0001843477,SVIIU,Spring Valley Acquisition Corp. Ii,Nasdaq
7849,0001843477,SVIIW,Spring Valley Acquisition Corp. Ii,Nasdaq
7850,0001843586,OTLY,Oatly Group Ab,Nasdaq
7851,0001843588,REE,Ree Automotive Ltd.,Nasdaq
7852,0001843656,RMCO,Royalty Management Holding Corp,Nasdaq
7853,0001843656,RMCOW,Royalty Management Holding Corp,Nasdaq
7854,0001843724,LNZA,"Lanzatech Global, Inc.",Nasdaq
7855,0001843724,LNZAW,"Lanzatech Global, Inc.",Nasdaq
7856,0001843875,VLAI,Traccom Inc.,OTC
7857,0001843973,FLYX,Flyexclusive Inc.,NYSE
7858,0001843973,FLYX-WT,Flyexclusive Inc.,NYSE
7859,0001843974,DXYZ,Destiny Tech100 Inc.,NYSE
7860,0001844392,MRAI,"Marpai, Inc.",OTC
7861,0001844417,ESLA,"Estrella Immunopharma, Inc.",Nasdaq
7862,0001844417,ESLAW,"Estrella Immunopharma, Inc.",Nasdaq
7863,0001844419,MAQC,Maquia Capital Acquisition Corp,OTC
7864,0001844419,MAQCW,Maquia Capital Acquisition Corp,OTC
7865,0001844450,ELVA,Electrovaya Inc.,Nasdaq
7866,0001844452,LUNR,"Intuitive Machines, Inc.",Nasdaq
7867,0001844505,QTIH,"Qt Imaging Holdings, Inc.",OTC
7868,0001844505,QTIWW,"Qt Imaging Holdings, Inc.",OTC
7869,0001844862,SLDP,"Solid Power, Inc.",Nasdaq
7870,0001844862,SLDPW,"Solid Power, Inc.",Nasdaq
7871,0001844971,GREE,Greenidge Generation Holdings Inc.,Nasdaq
7872,0001844971,GREEL,Greenidge Generation Holdings Inc.,Nasdaq
7873,0001844981,FAAS,Digiasia Corp.,Nasdaq
7874,0001844981,FAASW,Digiasia Corp.,Nasdaq
7875,0001845022,BASE,"Couchbase, Inc.",Nasdaq
7876,0001845097,AMBP,Ardagh Metal Packaging S.A.,NYSE
7877,0001845097,AMBP-WT,Ardagh Metal Packaging S.A.,NYSE
7878,0001845123,ANNA,"Aleanna, Inc.",Nasdaq
7879,0001845123,ANNAW,"Aleanna, Inc.",Nasdaq
7880,0001845149,CBRRF,Chain Bridge I,OTC
7881,0001845257,LFST,"Lifestance Health Group, Inc.",Nasdaq
7882,0001845337,DAWN,"Day One Biopharmaceuticals, Inc.",Nasdaq
7883,0001845338,MNDY,Monday.Com Ltd.,Nasdaq
7884,0001845437,NPWR,Net Power Inc.,NYSE
7885,0001845437,NPWR-WT,Net Power Inc.,NYSE
7886,0001845459,NKGN,"Nkgen Biotech, Inc.",OTC
7887,0001845459,NKGNW,"Nkgen Biotech, Inc.",OTC
7888,0001845550,PLMJF,Plum Acquisition Corp. Iii,OTC
7889,0001845550,PLMUF,Plum Acquisition Corp. Iii,OTC
7890,0001845550,PLMWF,Plum Acquisition Corp. Iii,OTC
7891,0001845799,CULL,"Cullman Bancorp, Inc. /Md/",OTC
7892,0001845815,PAYO,Payoneer Global Inc.,Nasdaq
7893,0001845840,TSAT,Telesat Corp,Nasdaq
7894,0001845942,BNIX,Bannix Acquisition Corp.,OTC
7895,0001845942,BNIXR,Bannix Acquisition Corp.,OTC
7896,0001845942,BNIXW,Bannix Acquisition Corp.,OTC
7897,0001846017,BLFY,Blue Foundry Bancorp,Nasdaq
7898,0001846069,KIND,"Nextdoor Holdings, Inc.",NYSE
7899,0001846084,JETBF,Global Crossing Airlines Group Inc.,OTC
7900,0001846084,JETMF,Global Crossing Airlines Group Inc.,OTC
7901,0001846235,IMAQ,International Media Acquisition Corp.,OTC
7902,0001846235,IMAQR,International Media Acquisition Corp.,OTC
7903,0001846235,IMAQU,International Media Acquisition Corp.,OTC
7904,0001846235,IMAQW,International Media Acquisition Corp.,OTC
7905,0001846253,OABI,"Omniab, Inc.",Nasdaq
7906,0001846253,OABIW,"Omniab, Inc.",Nasdaq
7907,0001846416,HVII,Hennessy Capital Investment Corp. Vii,Nasdaq
7908,0001846416,HVIIR,Hennessy Capital Investment Corp. Vii,Nasdaq
7909,0001846416,HVIIU,Hennessy Capital Investment Corp. Vii,Nasdaq
7910,0001846510,SHCO,Soho House & Co Inc.,NYSE
7911,0001846576,FIGS,"Figs, Inc.",NYSE
7912,0001846702,FIGP,"Forge Group, Inc.",OTC
7913,0001846715,WAVE,Eco Wave Power Global Ab (Publ),Nasdaq
7914,0001846832,DLO,Dlocal Ltd,Nasdaq
7915,0001847064,PSQH,"Psq Holdings, Inc.",NYSE
7916,0001847064,PSQH-WT,"Psq Holdings, Inc.",NYSE
7917,0001847075,SAIH,Saiheat Ltd,Nasdaq
7918,0001847075,SAIHW,Saiheat Ltd,Nasdaq
7919,0001847345,ASBP,"Aspire Biopharma Holdings, Inc.",Nasdaq
7920,0001847345,ASBPW,"Aspire Biopharma Holdings, Inc.",Nasdaq
7921,0001847355,TGAAF,Target Global Acquisition I Corp.,OTC
7922,0001847355,TGAUF,Target Global Acquisition I Corp.,OTC
7923,0001847355,TGAWF,Target Global Acquisition I Corp.,OTC
7924,0001847360,BCOW,"1895 Bancorp Of Wisconsin, Inc. /Md/",OTC
7925,0001847367,ALMS,Alumis Inc.,Nasdaq
7926,0001847398,NECB,"Northeast Community Bancorp, Inc./Md/",Nasdaq
7927,0001847409,HITI,High Tide Inc.,Nasdaq
7928,0001847462,AYRWF,Ayr Wellness Inc.,OTC
7929,0001847462,AYWWF,Ayr Wellness Inc.,OTC
7930,0001847590,BWMN,Bowman Consulting Group Ltd.,Nasdaq
7931,0001847706,PSYCF,Psyched Wellness Ltd.,OTC
7932,0001847806,GNS,Genius Group Ltd,NYSE
7933,0001847846,EUDA,Euda Health Holdings Ltd,Nasdaq
7934,0001847846,EUDAW,Euda Health Holdings Ltd,Nasdaq
7935,0001847874,BEEP,Mobile Infrastructure Corp,NYSE
7936,0001847903,CNTA,Centessa Pharmaceuticals Plc,Nasdaq
7937,0001847986,DFLI,Dragonfly Energy Holdings Corp.,Nasdaq
7938,0001847986,DFLIW,Dragonfly Energy Holdings Corp.,Nasdaq
7939,0001848275,TOP,Top Financial Group Ltd,Nasdaq
7940,0001848309,SGML,Sigma Lithium Corp,Nasdaq
7941,0001848334,OKMN,"Okmin Resources, Inc.",OTC
7942,0001848416,VRNOF,Verano Holdings Corp.,OTC
7943,0001848437,CRTAF,Cartica Acquisition Corp,OTC
7944,0001848437,CRTUF,Cartica Acquisition Corp,OTC
7945,0001848437,CRTWF,Cartica Acquisition Corp,OTC
7946,0001848672,GDLG,Glidelogic Corp.,OTC
7947,0001848731,GHBWF,Glass House Brands Inc.,OTC
7948,0001848731,GLASF,Glass House Brands Inc.,OTC
7949,0001848739,GDEV,Gdev Inc.,Nasdaq
7950,0001848739,GDEVW,Gdev Inc.,Nasdaq
7951,0001848756,PHYTF,Pyrophyte Acquisition Corp.,OTC
7952,0001848756,PHYWF,Pyrophyte Acquisition Corp.,OTC
7953,0001848763,RNW,Renew Energy Global Plc,Nasdaq
7954,0001848763,RNWWW,Renew Energy Global Plc,Nasdaq
7955,0001848861,HAIAF,Healthcare Ai Acquisition Corp.,OTC
7956,0001848861,HAIUF,Healthcare Ai Acquisition Corp.,OTC
7957,0001848861,HAIWF,Healthcare Ai Acquisition Corp.,OTC
7958,0001849056,OKLO,Oklo Inc.,NYSE
7959,0001849221,PMNT,Perfect Moment Ltd.,NYSE
7960,0001849253,RYAN,"Ryan Specialty Holdings, Inc.",NYSE
7961,0001849296,OKYO,Okyo Pharma Ltd,Nasdaq
7962,0001849380,ONMD,Onemednet Corp,Nasdaq
7963,0001849380,ONMDW,Onemednet Corp,Nasdaq
7964,0001849396,NEXN,Nexxen International Ltd.,Nasdaq
7965,0001849466,TCBS,"Texas Community Bancshares, Inc.",Nasdaq
7966,0001849635,DJT,Trump Media & Technology Group Corp.,Nasdaq
7967,0001849635,DJTWW,Trump Media & Technology Group Corp.,Nasdaq
7968,0001849670,PBBK,"Pb Bankshares, Inc.",Nasdaq
7969,0001849820,KITT,"Nauticus Robotics, Inc.",Nasdaq
7970,0001849820,KITTW,"Nauticus Robotics, Inc.",Nasdaq
7971,0001849853,STVN,Stevanato Group S.P.A.,NYSE
7972,0001849867,CLST,"Catalyst Bancorp, Inc.",Nasdaq
7973,0001850059,FSHP,Flag Ship Acquisition Corp,Nasdaq
7974,0001850059,FSHPR,Flag Ship Acquisition Corp,Nasdaq
7975,0001850059,FSHPU,Flag Ship Acquisition Corp,Nasdaq
7976,0001850079,TBIO,Telesis Bio Inc.,OTC
7977,0001850119,IPSC,"Century Therapeutics, Inc.",Nasdaq
7978,0001850235,HEPS,D-Market Electronic Services & Trading,Nasdaq
7979,0001850262,INTE,Integral Acquisition Corp 1,OTC
7980,0001850262,INTEU,Integral Acquisition Corp 1,OTC
7981,0001850262,INTEW,Integral Acquisition Corp 1,OTC
7982,0001850270,PROK,Prokidney Corp.,Nasdaq
7983,0001850391,BTCW,Wisdomtree Bitcoin Fund,CBOE
7984,0001850398,TCBC,"Tc Bancshares, Inc.",OTC
7985,0001850453,MOYFF,Mynaric Ag,OTC
7986,0001850453,MYNAY,Mynaric Ag,OTC
7987,0001850767,ACUT,Accustem Sciences Inc.,OTC
7988,0001850838,OMGAQ,"Omega Therapeutics, Inc.",OTC
7989,0001850902,TKNO,"Alpha Teknova, Inc.",Nasdaq
7990,0001851003,ZETA,Zeta Global Holdings Corp.,NYSE
7991,0001851048,CYRB,Cyber App Solutions Corp.,OTC
7992,0001851112,RSKD,Riskified Ltd.,NYSE
7993,0001851194,VTYX,"Ventyx Biosciences, Inc.",Nasdaq
7994,0001851484,CTOR,"Citius Oncology, Inc.",Nasdaq
7995,0001851612,BHAC,Focus Impact Bh3 Acquisition Co,OTC
7996,0001851612,BHACU,Focus Impact Bh3 Acquisition Co,OTC
7997,0001851612,BHACW,Focus Impact Bh3 Acquisition Co,OTC
7998,0001851651,BNIGF,Beroni Group Ltd,OTC
7999,0001851860,SMFL,"Smart For Life, Inc.",OTC
8000,0001851909,CDAQF,Compass Digital Acquisition Corp.,OTC
8001,0001851909,CDAUF,Compass Digital Acquisition Corp.,OTC
8002,0001851909,CDAWF,Compass Digital Acquisition Corp.,OTC
8003,0001851959,CNDA,Concord Acquisition Corp Ii,OTC
8004,0001851959,CNDAU,Concord Acquisition Corp Ii,OTC
8005,0001851959,CNDAW,Concord Acquisition Corp Ii,OTC
8006,0001851961,GCTS,"Gct Semiconductor Holding, Inc.",NYSE
8007,0001851961,GCTS-WT,"Gct Semiconductor Holding, Inc.",NYSE
8008,0001852016,AEAE,Altenergy Acquisition Corp,OTC
8009,0001852016,AEAEU,Altenergy Acquisition Corp,OTC
8010,0001852016,AEAEW,Altenergy Acquisition Corp,OTC
8011,0001852019,IXAQF,Ix Acquisition Corp.,OTC
8012,0001852019,IXQUF,Ix Acquisition Corp.,OTC
8013,0001852019,IXQWF,Ix Acquisition Corp.,OTC
8014,0001852023,MANA,Grayscale Decentraland Trust (Mana),OTC
8015,0001852024,GLIV,Grayscale Livepeer Trust (Lpt),OTC
8016,0001852025,GLNK,Grayscale Chainlink Trust (Link),OTC
8017,0001852039,FILG,Grayscale Filecoin Trust (Fil),OTC
8018,0001852040,GBAT,Grayscale Basic Attention Token Trust (Bat),OTC
8019,0001852131,NXT,Nextracker Inc.,Nasdaq
8020,0001852207,BEAG,Bold Eagle Acquisition Corp.,Nasdaq
8021,0001852207,BEAGR,Bold Eagle Acquisition Corp.,Nasdaq
8022,0001852207,BEAGU,Bold Eagle Acquisition Corp.,Nasdaq
8023,0001852244,GXO,"Gxo Logistics, Inc.",NYSE
8024,0001852317,FBTC,Fidelity Wise Origin Bitcoin Fund,CBOE
8025,0001852353,DC,Dakota Gold Corp.,NYSE
8026,0001852353,DC-WT,Dakota Gold Corp.,NYSE
8027,0001852440,JZ,Jianzhi Education Technology Group Co Ltd,Nasdaq
8028,0001852536,ITOR,"Intorio, Corp.",OTC
8029,0001852551,NVA,Nova Minerals Ltd,Nasdaq
8030,0001852551,NVAAF,Nova Minerals Ltd,OTC
8031,0001852551,NVAWW,Nova Minerals Ltd,Nasdaq
8032,0001852633,PNST,"Pinstripes Holdings, Inc.",OTC
8033,0001852633,PNSTW,"Pinstripes Holdings, Inc.",OTC
8034,0001852753,TSLVF,Tier One Silver Inc.,OTC
8035,0001852767,MRT,"Marti Technologies, Inc.",NYSE
8036,0001852889,IVCA,Investcorp Ai Acquisition Corp.,Nasdaq
8037,0001852889,IVCAU,Investcorp Ai Acquisition Corp.,Nasdaq
8038,0001852889,IVCAW,Investcorp Ai Acquisition Corp.,Nasdaq
8039,0001852973,BRLS,Borealis Foods Inc.,Nasdaq
8040,0001852973,BRLSW,Borealis Foods Inc.,Nasdaq
8041,0001853044,AERT,"Aeries Technology, Inc.",Nasdaq
8042,0001853044,AERTW,"Aeries Technology, Inc.",Nasdaq
8043,0001853070,SOAR,"Volato Group, Inc.",NYSE
8044,0001853070,SOARW,"Volato Group, Inc.",OTC
8045,0001853138,AACT,Ares Acquisition Corp Ii,NYSE
8046,0001853138,AACT-UN,Ares Acquisition Corp Ii,NYSE
8047,0001853138,AACT-WT,Ares Acquisition Corp Ii,NYSE
8048,0001853145,EVCM,Evercommerce Inc.,Nasdaq
8049,0001853513,MCW,"Mister Car Wash, Inc.",Nasdaq
8050,0001853630,HMELF,Hold Me Ltd,OTC
8051,0001853717,ATAT,Atour Lifestyle Holdings Ltd,Nasdaq
8052,0001853816,DRMA,"Dermata Therapeutics, Inc.",Nasdaq
8053,0001853816,DRMAW,"Dermata Therapeutics, Inc.",Nasdaq
8054,0001853825,TZUP,Thumzup Media Corp,Nasdaq
8055,0001853860,ERO,Ero Copper Corp.,NYSE
8056,0001853962,IAUX,I-80 Gold Corp.,NYSE
8057,0001854078,RLFTF,Relief Therapeutics Holding Sa,OTC
8058,0001854078,RLFTY,Relief Therapeutics Holding Sa,OTC
8059,0001854139,ZVIA,Zevia Pbc,NYSE
8060,0001854149,ANSC,Agriculture & Natural Solutions Acquisition Corp,Nasdaq
8061,0001854149,ANSCU,Agriculture & Natural Solutions Acquisition Corp,Nasdaq
8062,0001854149,ANSCW,Agriculture & Natural Solutions Acquisition Corp,Nasdaq
8063,0001854183,ORIB,Orion Bliss Corp.,OTC
8064,0001854233,EGLXF,Enthusiast Gaming Holdings Inc. / Canada,OTC
8065,0001854270,SNTI,"Senti Biosciences, Inc.",Nasdaq
8066,0001854275,ZCAR,"Zoomcar Holdings, Inc.",Nasdaq
8067,0001854275,ZCARW,"Zoomcar Holdings, Inc.",Nasdaq
8068,0001854368,DGXX,Digi Power X Inc.,Nasdaq
8069,0001854401,BRDG,Bridge Investment Group Holdings Inc.,NYSE
8070,0001854445,VRAR,"Glimpse Group, Inc.",Nasdaq
8071,0001854463,WINV,Winvest Acquisition Corp.,OTC
8072,0001854463,WINVR,Winvest Acquisition Corp.,OTC
8073,0001854463,WINVU,Winvest Acquisition Corp.,OTC
8074,0001854463,WINVW,Winvest Acquisition Corp.,OTC
8075,0001854480,DEVS,Devvstream Corp.,Nasdaq
8076,0001854526,BRQL,"Brooqly, Inc.",OTC
8077,0001854545,DDL,Dingdong (Cayman) Ltd,NYSE
8078,0001854572,IZM,Iczoom Group Inc.,Nasdaq
8079,0001854583,CAUD,"Collective Audience, Inc.",OTC
8080,0001854587,CLBT,Cellebrite Di Ltd.,Nasdaq
8081,0001854640,CGAU,Centerra Gold Inc.,NYSE
8082,0001854795,IRRX,Integrated Rail & Resources Acquisition Corp,OTC
8083,0001854795,IRRXU,Integrated Rail & Resources Acquisition Corp,OTC
8084,0001854795,IRRXW,Integrated Rail & Resources Acquisition Corp,OTC
8085,0001854816,MINR,Minerva Gold Inc.,OTC
8086,0001854963,SHFS,"Shf Holdings, Inc.",Nasdaq
8087,0001854963,SHFSW,"Shf Holdings, Inc.",Nasdaq
8088,0001854964,NLCP,"Newlake Capital Partners, Inc.",OTC
8089,0001855066,MEGI,Nyli Cbre Global Infrastructure Megatrends Term Fund,NYSE
8090,0001855129,GHRS,Gh Research Plc,Nasdaq
8091,0001855175,CTNM,"Contineum Therapeutics, Inc.",Nasdaq
8092,0001855447,TYGO,"Tigo Energy, Inc.",Nasdaq
8093,0001855457,KORE,"Kore Group Holdings, Inc.",NYSE
8094,0001855467,MOBX,"Mobix Labs, Inc",Nasdaq
8095,0001855467,MOBXW,"Mobix Labs, Inc",Nasdaq
8096,0001855474,AIRJ,Airjoule Technologies Corp.,Nasdaq
8097,0001855474,AIRJW,Airjoule Technologies Corp.,Nasdaq
8098,0001855485,CLDI,"Calidi Biotherapeutics, Inc.",NYSE
8099,0001855485,CLDWW,"Calidi Biotherapeutics, Inc.",OTC
8100,0001855509,VEEE,"Twin Vee Powercats, Co.",Nasdaq
8101,0001855557,HLP,Hongli Group Inc.,Nasdaq
8102,0001855612,GRAB,Grab Holdings Ltd,Nasdaq
8103,0001855612,GRABW,Grab Holdings Ltd,Nasdaq
8104,0001855644,ZURA,Zura Bio Ltd,Nasdaq
8105,0001855743,ARRKF,Arras Minerals Corp.,OTC
8106,0001855747,BLND,"Blend Labs, Inc.",NYSE
8107,0001855756,LILMF,Lilium N.V.,OTC
8108,0001855756,LILWF,Lilium N.V.,OTC
8109,0001855781,BTCO,Invesco Galaxy Bitcoin Etf,CBOE
8110,0001856031,SEAT,Vivid Seats Inc.,Nasdaq
8111,0001856031,SEATW,Vivid Seats Inc.,Nasdaq
8112,0001856084,RDGT,Ridgetech Inc.,Nasdaq
8113,0001856236,EWCZ,"European Wax Center, Inc.",Nasdaq
8114,0001856314,YOU,"Clear Secure, Inc.",NYSE
8115,0001856365,FINW,Finwise Bancorp,Nasdaq
8116,0001856437,VSCO,Victoria'S Secret & Co.,NYSE
8117,0001856485,SLVM,Sylvamo Corp,NYSE
8118,0001856525,CNM,"Core & Main, Inc.",NYSE
8119,0001856725,RANI,"Rani Therapeutics Holdings, Inc.",Nasdaq
8120,0001857030,INCR,Intercure Ltd.,Nasdaq
8121,0001857044,INDP,"Indaptus Therapeutics, Inc.",Nasdaq
8122,0001857086,TRUG,"Trugolf Holdings, Inc.",Nasdaq
8123,0001857154,DNUT,"Krispy Kreme, Inc.",Nasdaq
8124,0001857190,NYXH,Nyxoah Sa,Nasdaq
8125,0001857410,IVCBF,Investcorp Europe Acquisition Corp I,OTC
8126,0001857475,DOLE,Dole Plc,NYSE
8127,0001857816,GCT,Gigacloud Technology Inc,Nasdaq
8128,0001857853,COOK,"Traeger, Inc.",NYSE
8129,0001857855,FNVTF,Finnovate Acquisition Corp.,OTC
8130,0001857855,FNVWF,Finnovate Acquisition Corp.,OTC
8131,0001858007,GDST,Goldenstone Acquisition Ltd.,OTC
8132,0001858007,GDSTR,Goldenstone Acquisition Ltd.,OTC
8133,0001858007,GDSTU,Goldenstone Acquisition Ltd.,OTC
8134,0001858007,GDSTW,Goldenstone Acquisition Ltd.,OTC
8135,0001858257,AVDX,"Avidxchange Holdings, Inc.",Nasdaq
8136,0001858258,FGDL,Franklin Templeton Holdings Trust,NYSE
8137,0001858681,APO,"Apollo Global Management, Inc.",NYSE
8138,0001858681,APO-PA,"Apollo Global Management, Inc.",NYSE
8139,0001858681,APOS,"Apollo Global Management, Inc.",NYSE
8140,0001858685,BFRI,Biofrontera Inc.,Nasdaq
8141,0001858685,BFRIW,Biofrontera Inc.,Nasdaq
8142,0001858724,FLX,Bingex Ltd,Nasdaq
8143,0001858848,TNYA,"Tenaya Therapeutics, Inc.",Nasdaq
8144,0001858985,ONON,On Holding Ag,NYSE
8145,0001858994,RSMXF,Regency Silver Corp.,OTC
8146,0001859007,ZVSA,"Zyversa Therapeutics, Inc.",Nasdaq
8147,0001859035,MCAG,Mountain Crest Acquisition Corp. V,OTC
8148,0001859035,MCAGR,Mountain Crest Acquisition Corp. V,OTC
8149,0001859035,MCAGU,Mountain Crest Acquisition Corp. V,OTC
8150,0001859199,AIRE,Realpha Tech Corp.,Nasdaq
8151,0001859392,GLXY,Galaxy Digital Inc.,None
8152,0001859690,ARQQ,Arqit Quantum Inc.,Nasdaq
8153,0001859690,ARQQW,Arqit Quantum Inc.,Nasdaq
8154,0001859795,NVNXF,Novonix Ltd,OTC
8155,0001859795,NVX,Novonix Ltd,Nasdaq
8156,0001859807,NVAC,Northview Acquisition Corp,OTC
8157,0001859807,NVACR,Northview Acquisition Corp,OTC
8158,0001859807,NVACW,Northview Acquisition Corp,OTC
8159,0001860514,USCTF,Roth Ch Acquisition Co.,OTC
8160,0001860514,USTWF,Roth Ch Acquisition Co.,OTC
8161,0001860543,CDRE,"Cadre Holdings, Inc.",NYSE
8162,0001860657,ALLR,"Allarity Therapeutics, Inc.",Nasdaq
8163,0001860742,BLCO,Bausch & Lomb Corp,NYSE
8164,0001860782,TSVT,"2Seventy Bio, Inc.",Nasdaq
8165,0001860788,ETHV,Vaneck Ethereum Etf,CBOE
8166,0001860805,ASTL,Algoma Steel Group Inc.,Nasdaq
8167,0001860805,ASTLW,Algoma Steel Group Inc.,Nasdaq
8168,0001860871,TVGN,Tevogen Bio Holdings Inc.,Nasdaq
8169,0001860871,TVGNW,Tevogen Bio Holdings Inc.,Nasdaq
8170,0001860879,RRACF,Rigel Resource Acquisition Corp.,OTC
8171,0001860879,RRAUF,Rigel Resource Acquisition Corp.,OTC
8172,0001860879,RRAWF,Rigel Resource Acquisition Corp.,OTC
8173,0001861063,AQUC,Aquaron Acquisition Corp.,OTC
8174,0001861063,AQUNR,Aquaron Acquisition Corp.,OTC
8175,0001861063,AQUNU,Aquaron Acquisition Corp.,OTC
8176,0001861107,CBLL,"Ceribell, Inc.",Nasdaq
8177,0001861115,NMAI,Nuveen Multi-Asset Income Fund,NYSE
8178,0001861233,ILLMF,Illumin Holdings Inc.,OTC
8179,0001861371,ESPA,Expectation Acquisition Corp,None
8180,0001861522,PIKM,Kidpik Corp.,OTC
8181,0001861560,NUVL,"Nuvalent, Inc.",Nasdaq
8182,0001861622,JTAI,Jet.Ai Inc.,Nasdaq
8183,0001861657,THAR,"Tharimmune, Inc.",Nasdaq
8184,0001861737,HSAI,Hesai Group,Nasdaq
8185,0001861795,DH,Definitive Healthcare Corp.,Nasdaq
8186,0001861841,ARBE,Arbe Robotics Ltd.,Nasdaq
8187,0001861841,ARBEW,Arbe Robotics Ltd.,Nasdaq
8188,0001861974,ECX,Ecarx Holdings Inc.,Nasdaq
8189,0001861974,ECXWW,Ecarx Holdings Inc.,Nasdaq
8190,0001862044,ZKH,Zkh Group Ltd,NYSE
8191,0001862068,RBTC,"Rubicon Technologies, Inc.",OTC
8192,0001862068,RBTCW,"Rubicon Technologies, Inc.",OTC
8193,0001862150,CING,Cingulate Inc.,Nasdaq
8194,0001862150,CINGW,Cingulate Inc.,Nasdaq
8195,0001862461,REAX,Real Brokerage Inc,Nasdaq
8196,0001862463,AMOD,"Alpha Modus Holdings, Inc.",Nasdaq
8197,0001862463,AMODW,"Alpha Modus Holdings, Inc.",Nasdaq
8198,0001862935,CURR,Currenc Group Inc.,Nasdaq
8199,0001863006,VLN,Valens Semiconductor Ltd.,NYSE
8200,0001863006,VLN-WT,Valens Semiconductor Ltd.,NYSE
8201,0001863127,TYRA,"Tyra Biosciences, Inc.",Nasdaq
8202,0001863218,SFWL,Shengfeng Development Ltd,Nasdaq
8203,0001863362,PROCF,"Procaps Group, S.A.",OTC
8204,0001863934,ADUR,Aduro Clean Technologies Inc.,Nasdaq
8205,0001863990,MSAI,"Multisensor Ai Holdings, Inc.",Nasdaq
8206,0001863990,MSAIW,"Multisensor Ai Holdings, Inc.",Nasdaq
8207,0001864055,ABTS,Abits Group Inc,Nasdaq
8208,0001864163,INTR,"Inter & Co, Inc.",Nasdaq
8209,0001864208,GUG,Guggenheim Active Allocation Fund,NYSE
8210,0001864290,MIO,"Pioneer Municipal High Income Opportunities Fund, Inc.",NYSE
8211,0001864531,VSEE,"Vsee Health, Inc.",Nasdaq
8212,0001864531,VSEEW,"Vsee Health, Inc.",Nasdaq
8213,0001864843,ECAT,Blackrock Esg Capital Allocation Term Trust,NYSE
8214,0001864943,FGI,Fgi Industries Ltd.,Nasdaq
8215,0001864943,FGIWW,Fgi Industries Ltd.,Nasdaq
8216,0001865107,AKA,A.K.A. Brands Holding Corp.,NYSE
8217,0001865111,ALSAF,Alpha Star Acquisition Corp,OTC
8218,0001865111,ALSTF,Alpha Star Acquisition Corp,OTC
8219,0001865111,ALSUF,Alpha Star Acquisition Corp,OTC
8220,0001865111,ALSWF,Alpha Star Acquisition Corp,OTC
8221,0001865187,ARIS,"Aris Water Solutions, Inc.",NYSE
8222,0001865200,PORT,Southport Acquisition Corp,OTC
8223,0001865200,PORTU,Southport Acquisition Corp,OTC
8224,0001865200,PORTW,Southport Acquisition Corp,OTC
8225,0001865389,NPFD,Nuveen Variable Rate Preferred & Income Fund,NYSE
8226,0001865429,OAKV,"Oak View Bankshares, Inc.",OTC
8227,0001865468,KACLF,Kairous Acquisition Corp. Ltd,OTC
8228,0001865468,KACRF,Kairous Acquisition Corp. Ltd,OTC
8229,0001865468,KACUF,Kairous Acquisition Corp. Ltd,OTC
8230,0001865468,KACWF,Kairous Acquisition Corp. Ltd,OTC
8231,0001865494,IOBT,"Io Biotech, Inc.",Nasdaq
8232,0001865506,ZEO,Zeo Energy Corp.,Nasdaq
8233,0001865506,ZEOWW,Zeo Energy Corp.,Nasdaq
8234,0001865602,CEP,"Cantor Equity Partners, Inc.",Nasdaq
8235,0001865631,NN,Nextnav Inc.,Nasdaq
8236,0001865631,NNAVW,Nextnav Inc.,Nasdaq
8237,0001865631,NXNVW,Nextnav Inc.,OTC
8238,0001865697,GGAAF,Neuromind Ai Corp.,OTC
8239,0001865697,GGAUF,Neuromind Ai Corp.,OTC
8240,0001865697,GGAWF,Neuromind Ai Corp.,OTC
8241,0001865782,BTSG,"Brightspring Health Services, Inc.",Nasdaq
8242,0001865782,BTSGU,"Brightspring Health Services, Inc.",Nasdaq
8243,0001865861,CCTSF,Cactus Acquisition Corp. 1 Ltd,OTC
8244,0001865861,CTSUF,Cactus Acquisition Corp. 1 Ltd,OTC
8245,0001865861,CTSWF,Cactus Acquisition Corp. 1 Ltd,OTC
8246,0001866001,JVSA,Jvspac Acquisition Corp.,Nasdaq
8247,0001866001,JVSAR,Jvspac Acquisition Corp.,Nasdaq
8248,0001866001,JVSAU,Jvspac Acquisition Corp.,Nasdaq
8249,0001866030,AZ,A2Z Cust2Mate Solutions Corp.,Nasdaq
8250,0001866175,CRGY,Crescent Energy Co,NYSE
8251,0001866226,WTMA,Welsbach Technology Metals Acquisition Corp.,OTC
8252,0001866226,WTMAR,Welsbach Technology Metals Acquisition Corp.,OTC
8253,0001866226,WTMAU,Welsbach Technology Metals Acquisition Corp.,OTC
8254,0001866364,BULL,Webull Corp,Nasdaq
8255,0001866364,BULLW,Webull Corp,Nasdaq
8256,0001866364,BULLZ,Webull Corp,Nasdaq
8257,0001866368,CWAN,"Clearwater Analytics Holdings, Inc.",NYSE
8258,0001866501,WBX,Wallbox N.V.,NYSE
8259,0001866501,WBX-WT,Wallbox N.V.,NYSE
8260,0001866581,BROS,Dutch Bros Inc.,NYSE
8261,0001866633,CCSI,"Consensus Cloud Solutions, Inc.",Nasdaq
8262,0001866692,AMPL,"Amplitude, Inc.",Nasdaq
8263,0001866757,BRLT,"Brilliant Earth Group, Inc.",Nasdaq
8264,0001866782,CDRO,"Codere Online Luxembourg, S.A.",Nasdaq
8265,0001866782,CDROW,"Codere Online Luxembourg, S.A.",Nasdaq
8266,0001866816,OPTX,"Syntec Optics Holdings, Inc.",Nasdaq
8267,0001866816,OPTXW,"Syntec Optics Holdings, Inc.",Nasdaq
8268,0001866838,IGTA,Inception Growth Acquisition Ltd,OTC
8269,0001866838,IGTAR,Inception Growth Acquisition Ltd,OTC
8270,0001866838,IGTAU,Inception Growth Acquisition Ltd,OTC
8271,0001866838,IGTAW,Inception Growth Acquisition Ltd,OTC
8272,0001866874,RLTY,Cohen & Steers Real Estate Opportunities & Income Fund,NYSE
8273,0001867066,DERM,Journey Medical Corp,Nasdaq
8274,0001867072,KD,"Kyndryl Holdings, Inc.",NYSE
8275,0001867096,XERS,"Xeris Biopharma Holdings, Inc.",Nasdaq
8276,0001867102,EVTL,Vertical Aerospace Ltd.,NYSE
8277,0001867102,EVTWF,Vertical Aerospace Ltd.,OTC
8278,0001867506,DDCIU,"Diffuse Digital 30, Lp",OTC
8279,0001867729,WRD,Weride Inc.,Nasdaq
8280,0001867834,BRAG,Bragg Gaming Group Inc.,Nasdaq
8281,0001867949,REFI,"Chicago Atlantic Real Estate Finance, Inc.",Nasdaq
8282,0001868079,PMEDF,Predictmedix Inc.,OTC
8283,0001868159,LINE,"Lineage, Inc.",Nasdaq
8284,0001868275,CEG,Constellation Energy Corp,Nasdaq
8285,0001868279,AVBP,"Arrivent Biopharma, Inc.",Nasdaq
8286,0001868395,YIBO,Planet Image International Ltd,Nasdaq
8287,0001868419,CYCU,"Cycurion, Inc.",Nasdaq
8288,0001868419,CYCUW,"Cycurion, Inc.",Nasdaq
8289,0001868573,APXIF,Apx Acquisition Corp. I,OTC
8290,0001868640,RDZN,Roadzen Inc.,Nasdaq
8291,0001868640,RDZNW,Roadzen Inc.,Nasdaq
8292,0001868726,OLPX,"Olaplex Holdings, Inc.",Nasdaq
8293,0001868778,INFA,Informatica Inc.,NYSE
8294,0001868912,ENFN,"Enfusion, Inc.",NYSE
8295,0001868941,FLNC,"Fluence Energy, Inc.",Nasdaq
8296,0001868995,CINT,Ci&T Inc,NYSE
8297,0001869105,HLXB,Helix Acquisition Corp. Ii,Nasdaq
8298,0001869137,MHUBF,Minehub Technologies Inc.,OTC
8299,0001869198,LTH,"Life Time Group Holdings, Inc.",NYSE
8300,0001869467,OP,Oceanpal Inc.,Nasdaq
8301,0001869601,EMCG,Embrace Change Acquisition Corp.,Nasdaq
8302,0001869601,EMCGR,Embrace Change Acquisition Corp.,Nasdaq
8303,0001869601,EMCGU,Embrace Change Acquisition Corp.,Nasdaq
8304,0001869601,EMCGW,Embrace Change Acquisition Corp.,Nasdaq
8305,0001869699,ARKB,Ark 21Shares Bitcoin Etf,CBOE
8306,0001869974,OCEA,"Ocean Biomedical, Inc.",Nasdaq
8307,0001869974,OCEAW,"Ocean Biomedical, Inc.",Nasdaq
8308,0001870143,RCFAF,Perception Capital Corp. Iv,OTC
8309,0001870143,RCFUF,Perception Capital Corp. Iv,OTC
8310,0001870143,RCFWF,Perception Capital Corp. Iv,OTC
8311,0001870144,CDIO,"Cardio Diagnostics Holdings, Inc.",Nasdaq
8312,0001870144,CDIOW,"Cardio Diagnostics Holdings, Inc.",Nasdaq
8313,0001870404,CERO,"Cero Therapeutics Holdings, Inc.",Nasdaq
8314,0001870404,CEROW,"Cero Therapeutics Holdings, Inc.",Nasdaq
8315,0001870600,DTC,"Solo Brands, Inc.",NYSE
8316,0001870600,DTCB,"Solo Brands, Inc.",OTC
8317,0001870833,RMMZ,"Rivernorth Managed Duration Municipal Income Fund Ii, Inc.",NYSE
8318,0001870940,AIRS,"Airsculpt Technologies, Inc.",Nasdaq
8319,0001871130,BBUC,Brookfield Business Corp,NYSE
8320,0001871181,FOFA,"Family Office Of America, Inc.",OTC
8321,0001871321,DRTS,Alpha Tau Medical Ltd.,Nasdaq
8322,0001871321,DRTSW,Alpha Tau Medical Ltd.,Nasdaq
8323,0001871509,PTLO,Portillo'S Inc.,Nasdaq
8324,0001871638,BZAI,"Blaize Holdings, Inc.",Nasdaq
8325,0001871638,BZAIW,"Blaize Holdings, Inc.",Nasdaq
8326,0001871745,DSAQ,Direct Selling Acquisition Corp.,OTC
8327,0001871890,GLEI,Galaxy Enterprises Inc. /Wy/,OTC
8328,0001871983,ANGH,Anghami Inc,Nasdaq
8329,0001871983,ANGHW,Anghami Inc,Nasdaq
8330,0001872066,MIBE,Miami Breeze Car Care Inc,OTC
8331,0001872090,YXT,Yxt.Com Group Holding Ltd,Nasdaq
8332,0001872228,TVAI,Thayer Ventures Acquisition Corp Ii,None
8333,0001872292,RAKR,Rainmaker Worldwide Inc.,OTC
8334,0001872302,NA,Nano Labs Ltd,Nasdaq
8335,0001872421,GACW,Gacw Inc,OTC
8336,0001872525,SWAG,"Stran & Company, Inc.",Nasdaq
8337,0001872525,SWAGW,"Stran & Company, Inc.",Nasdaq
8338,0001872529,MDXH,Mdxhealth Sa,Nasdaq
8339,0001872789,EMBC,Embecta Corp.,Nasdaq
8340,0001872812,TCBPY,Tc Biopharm (Holdings) Plc,OTC
8341,0001872812,TCBWF,Tc Biopharm (Holdings) Plc,OTC
8342,0001872964,MTEK,Maris Tech Ltd.,Nasdaq
8343,0001872964,MTEKW,Maris Tech Ltd.,Nasdaq
8344,0001873093,GDTC,Cytomed Therapeutics Ltd,Nasdaq
8345,0001873213,BRWC,Birdie Win Corp,OTC
8346,0001873454,RYET,Ruanyun Edai Technology Inc.,Nasdaq
8347,0001873529,KLC,"Kindercare Learning Companies, Inc.",NYSE
8348,0001873722,BBLR,Bubblr Inc.,OTC
8349,0001873835,IMMX,"Immix Biopharma, Inc.",Nasdaq
8350,0001873875,IXHL,Incannex Healthcare Inc.,Nasdaq
8351,0001873923,ONL,Orion Properties Inc.,NYSE
8352,0001874071,PDLB,"Ponce Financial Group, Inc.",Nasdaq
8353,0001874074,MMVVF,Multimetaverse Holdings Ltd,OTC
8354,0001874074,MMVXF,Multimetaverse Holdings Ltd,OTC
8355,0001874097,CYN,Cyngn Inc.,Nasdaq
8356,0001874138,SHGI,"Sparx Holdings Group, Inc.",OTC
8357,0001874178,RIVN,"Rivian Automotive, Inc. / De",Nasdaq
8358,0001874252,MYNZ,Mainz Biomed N.V.,Nasdaq
8359,0001874315,SATL,Satellogic Inc.,Nasdaq
8360,0001874315,SATLW,Satellogic Inc.,Nasdaq
8361,0001874875,HOUR,"Hour Loop, Inc",Nasdaq
8362,0001874907,DEFG,Grayscale Decentralized Finance (Defi) Fund Llc,OTC
8363,0001874944,VCSA,"Vacasa, Inc.",Nasdaq
8364,0001875016,YMAT,"J-Star Holding Co., Ltd.",None
8365,0001875091,NRSN,Neurosense Therapeutics Ltd.,Nasdaq
8366,0001875091,NRSNW,Neurosense Therapeutics Ltd.,Nasdaq
8367,0001875444,ARHS,"Arhaus, Inc.",Nasdaq
8368,0001875493,CSLMF,Cslm Acquisition Corp.,OTC
8369,0001875493,CSLRF,Cslm Acquisition Corp.,OTC
8370,0001875493,CSLUF,Cslm Acquisition Corp.,OTC
8371,0001875493,CSLWF,Cslm Acquisition Corp.,OTC
8372,0001875547,LCFY,Locafy Ltd,Nasdaq
8373,0001875547,LCFYW,Locafy Ltd,Nasdaq
8374,0001875558,NVCT,"Nuvectis Pharma, Inc.",Nasdaq
8375,0001875609,SWVL,Swvl Holdings Corp,Nasdaq
8376,0001875609,SWVLW,Swvl Holdings Corp,Nasdaq
8377,0001876183,IHS,Ihs Holding Ltd,NYSE
8378,0001876431,PRE,Prenetics Global Ltd,Nasdaq
8379,0001876431,PRENW,Prenetics Global Ltd,Nasdaq
8380,0001876581,IMPP,Imperial Petroleum Inc./Marshall Islands,Nasdaq
8381,0001876581,IMPPP,Imperial Petroleum Inc./Marshall Islands,Nasdaq
8382,0001876588,ZIMV,Zimvie Inc.,Nasdaq
8383,0001876716,ASCBF,Aspac Ii Acquisition Corp.,OTC
8384,0001876716,ASCRF,Aspac Ii Acquisition Corp.,OTC
8385,0001876716,ASCWF,Aspac Ii Acquisition Corp.,OTC
8386,0001876716,ASUUF,Aspac Ii Acquisition Corp.,OTC
8387,0001876766,LICN,Lichen International Ltd,Nasdaq
8388,0001877184,KMTS,"Kestra Medical Technologies, Ltd.",Nasdaq
8389,0001877322,ESAB,Esab Corp,NYSE
8390,0001877333,THCH,Th International Ltd,Nasdaq
8391,0001877461,CBDW,1606 Corp.,OTC
8392,0001877557,WELNF,Integrated Wellness Acquisition Corp,OTC
8393,0001877557,WELUF,Integrated Wellness Acquisition Corp,OTC
8394,0001877557,WELWF,Integrated Wellness Acquisition Corp,OTC
8395,0001877778,TTIPF,"Thiogenesis Therapeutics, Corp.",OTC
8396,0001877787,ZGN,Ermenegildo Zegna N.V.,NYSE
8397,0001877939,CTM,"Castellum, Inc.",NYSE
8398,0001877971,POM,Pomdoctor Ltd,None
8399,0001878057,SGHC,Super Group (Sghc) Ltd,NYSE
8400,0001878313,MAIA,"Maia Biotechnology, Inc.",NYSE
8401,0001878848,IREN,Iren Ltd,Nasdaq
8402,0001878897,DOUG,Douglas Elliman Inc.,NYSE
8403,0001879001,VRSSD,Verses Ai Inc.,OTC
8404,0001879001,VRSSF,Verses Ai Inc.,OTC
8405,0001879016,IE,Ivanhoe Electric Inc.,NYSE
8406,0001879103,CFSB,"Cfsb Bancorp, Inc. /Ma/",Nasdaq
8407,0001879248,ADSE,Ads-Tec Energy Public Ltd Co,Nasdaq
8408,0001879248,ADSEW,Ads-Tec Energy Public Ltd Co,Nasdaq
8409,0001879270,TCRG,Cannaisseur Group Inc.,OTC
8410,0001879293,MMCP,"Mag Mile Capital, Inc.",OTC
8411,0001879373,GTI,Graphjet Technology,Nasdaq
8412,0001879403,LRHC,La Rosa Holdings Corp.,Nasdaq
8413,0001879726,SIDU,Sidus Space Inc.,Nasdaq
8414,0001879754,EHGO,Eshallgo Inc.,Nasdaq
8415,0001879814,TLGUF,Tlgy Acquisition Corp,OTC
8416,0001879814,TLGWF,Tlgy Acquisition Corp,OTC
8417,0001879814,TLGYF,Tlgy Acquisition Corp,OTC
8418,0001879848,PEV,Phoenix Motor Inc.,Nasdaq
8419,0001879848,PEVM,Phoenix Motor Inc.,OTC
8420,0001880319,PRM,"Perimeter Solutions, Inc.",NYSE
8421,0001880343,AMZE,"Amaze Holdings, Inc.",NYSE
8422,0001880431,VHABW,Vocodia Holdings Corp,OTC
8423,0001880431,VHAI,Vocodia Holdings Corp,OTC
8424,0001880431,VHAIW,Vocodia Holdings Corp,OTC
8425,0001880438,ANTX,"An2 Therapeutics, Inc.",Nasdaq
8426,0001880613,DRCT,"Direct Digital Holdings, Inc.",Nasdaq
8427,0001880661,TPG,Tpg Inc.,Nasdaq
8428,0001880661,TPGXL,Tpg Inc.,Nasdaq
8429,0001881472,MEGL,Magic Empire Global Ltd,Nasdaq
8430,0001881487,ACDC,Profrac Holding Corp.,Nasdaq
8431,0001881551,STI,Solidion Technology Inc.,Nasdaq
8432,0001881592,NSTS,"Nsts Bancorp, Inc.",Nasdaq
8433,0001881741,AOGO,Arogo Capital Acquisition Corp.,OTC
8434,0001881767,SSCC,Spirits Capital Corp,OTC
8435,0001882198,ATEK,Athena Technology Acquisition Corp. Ii,OTC
8436,0001882198,ATEKU,Athena Technology Acquisition Corp. Ii,OTC
8437,0001882198,ATEKW,Athena Technology Acquisition Corp. Ii,OTC
8438,0001882464,MSSAF,Metal Sky Star Acquisition Corp,OTC
8439,0001882464,MSSRF,Metal Sky Star Acquisition Corp,OTC
8440,0001882464,MSSUF,Metal Sky Star Acquisition Corp,OTC
8441,0001882464,MSSWF,Metal Sky Star Acquisition Corp,OTC
8442,0001882781,CBLO,"C2 Blockchain,Inc.",OTC
8443,0001882839,WONDF,Wonderfi Technologies Inc.,OTC
8444,0001883085,PGY,Pagaya Technologies Ltd.,Nasdaq
8445,0001883085,PGYWW,Pagaya Technologies Ltd.,Nasdaq
8446,0001883313,SVV,"Savers Value Village, Inc.",NYSE
8447,0001883437,EPSM,Epsium Enterprise Ltd,Nasdaq
8448,0001883685,DKNG,Draftkings Inc.,Nasdaq
8449,0001883788,DHAI,"Dih Holding Us, Inc.",Nasdaq
8450,0001883788,DHAIW,"Dih Holding Us, Inc.",Nasdaq
8451,0001883814,SLND,"Southland Holdings, Inc.",NYSE
8452,0001883814,SLND-WT,"Southland Holdings, Inc.",NYSE
8453,0001883835,ESGH,Esg Inc.,OTC
8454,0001883984,ACLEW,"Alternus Clean Energy, Inc.",OTC
8455,0001883984,ALCE,"Alternus Clean Energy, Inc.",OTC
8456,0001884046,SPKL,Spark I Acquisition Corp,Nasdaq
8457,0001884046,SPKLU,Spark I Acquisition Corp,Nasdaq
8458,0001884046,SPKLW,Spark I Acquisition Corp,Nasdaq
8459,0001884072,JEWL,Adamas One Corp.,OTC
8460,0001884082,PLSAY,Polestar Automotive Holding Uk Plc,OTC
8461,0001884082,PSNY,Polestar Automotive Holding Uk Plc,Nasdaq
8462,0001884082,PSNYW,Polestar Automotive Holding Uk Plc,Nasdaq
8463,0001884164,KWIK,"Kwikclick, Inc.",OTC
8464,0001884516,DTI,Drilling Tools International Corp,Nasdaq
8465,0001885408,JFBR,Jeffs' Brands Ltd,Nasdaq
8466,0001885408,JFBRW,Jeffs' Brands Ltd,Nasdaq
8467,0001885461,SUAC,Shoulderup Technology Acquisition Corp.,OTC
8468,0001885461,SUACU,Shoulderup Technology Acquisition Corp.,OTC
8469,0001885461,SUACW,Shoulderup Technology Acquisition Corp.,OTC
8470,0001885522,NMRA,"Neumora Therapeutics, Inc.",Nasdaq
8471,0001885680,RAJAF,"Cordyceps Sunshine Biotech Holdings Co., Ltd.",OTC
8472,0001885827,VRAX,Virax Biolabs Group Ltd,Nasdaq
8473,0001885849,TFLM,Tofla Megaline Inc.,OTC
8474,0001886190,GGR,Gogoro Inc.,Nasdaq
8475,0001886190,GGROW,Gogoro Inc.,Nasdaq
8476,0001886362,MGAM,"Mobile Global Esports, Inc.",OTC
8477,0001886799,BGXXQ,Bright Green Corp,OTC
8478,0001886878,PAXS,Pimco Access Income Fund,NYSE
8479,0001886894,SNAL,"Snail, Inc.",Nasdaq
8480,0001887603,HCNWF,Hypercharge Networks Corp.,OTC
8481,0001887673,WLDS,Wearable Devices Ltd.,Nasdaq
8482,0001887673,WLDSW,Wearable Devices Ltd.,Nasdaq
8483,0001887912,WLSS,Welsis Corp.,OTC
8484,0001887944,SHIM,Shimmick Corp,Nasdaq
8485,0001888012,HLVX,"Hillevax, Inc.",Nasdaq
8486,0001888014,AKAN,Akanda Corp.,Nasdaq
8487,0001888151,FMTO,Femto Technologies Inc.,Nasdaq
8488,0001888274,DEFTF,"Defi Technologies, Inc.",OTC
8489,0001888447,EE,"Excelerate Energy, Inc.",NYSE
8490,0001888525,UBXG,U-Bx Technology Ltd.,Nasdaq
8491,0001888654,FEAM,"5E Advanced Materials, Inc.",Nasdaq
8492,0001888654,FEAV,"5E Advanced Materials, Inc.",OTC
8493,0001888734,GLLI,Globalink Investment Inc.,OTC
8494,0001888734,GLLIR,Globalink Investment Inc.,OTC
8495,0001888734,GLLIU,Globalink Investment Inc.,OTC
8496,0001888734,GLLIW,Globalink Investment Inc.,OTC
8497,0001888740,LSEB,Lseb Creative Corp.,OTC
8498,0001888846,UHGI,"Ultimate Holdings Group, Inc.",OTC
8499,0001888886,GPCR,Structure Therapeutics Inc.,Nasdaq
8500,0001888980,LRE,"Lead Real Estate Co., Ltd",Nasdaq
8501,0001889106,ATMC,Alphatime Acquisition Corp,Nasdaq
8502,0001889106,ATMCR,Alphatime Acquisition Corp,Nasdaq
8503,0001889106,ATMCU,Alphatime Acquisition Corp,Nasdaq
8504,0001889106,ATMCW,Alphatime Acquisition Corp,Nasdaq
8505,0001889109,BLTE,"Belite Bio, Inc",Nasdaq
8506,0001889112,RENE,Cartesian Growth Corp Ii,Nasdaq
8507,0001889112,RENEU,Cartesian Growth Corp Ii,Nasdaq
8508,0001889112,RENEW,Cartesian Growth Corp Ii,Nasdaq
8509,0001889123,FLD,"Fold Holdings, Inc.",Nasdaq
8510,0001889123,FLDDW,"Fold Holdings, Inc.",Nasdaq
8511,0001889450,FTII,Futuretech Ii Acquisition Corp.,OTC
8512,0001889450,FTIIU,Futuretech Ii Acquisition Corp.,OTC
8513,0001889450,FTIIW,Futuretech Ii Acquisition Corp.,OTC
8514,0001889539,CRBD,"Corebridge Financial, Inc.",NYSE
8515,0001889539,CRBG,"Corebridge Financial, Inc.",NYSE
8516,0001889823,KWE,Kwesst Micro Systems Inc.,Nasdaq
8517,0001889823,KWESW,Kwesst Micro Systems Inc.,Nasdaq
8518,0001889956,OS,"Onestream, Inc.",Nasdaq
8519,0001889983,KVAC,Keen Vision Acquisition Corp.,Nasdaq
8520,0001889983,KVACU,Keen Vision Acquisition Corp.,Nasdaq
8521,0001889983,KVACW,Keen Vision Acquisition Corp.,Nasdaq
8522,0001890361,ASPC,Aspac Iii Acquisition Corp.,Nasdaq
8523,0001890361,ASPCR,Aspac Iii Acquisition Corp.,Nasdaq
8524,0001890361,ASPCU,Aspac Iii Acquisition Corp.,Nasdaq
8525,0001891101,BRCC,Brc Inc.,NYSE
8526,0001891512,XTXXF,Adastra Holdings Ltd.,OTC
8527,0001891856,GENK,"Gen Restaurant Group, Inc.",Nasdaq
8528,0001891944,PMEC,Primech Holdings Ltd,Nasdaq
8529,0001892025,OHCS,"Optimus Healthcare Services, Inc.",OTC
8530,0001892274,GV,Visionary Holdings Inc.,Nasdaq
8531,0001892292,MSS,Maison Solutions Inc.,Nasdaq
8532,0001892316,LDDD,Longduoduo Co Ltd,OTC
8533,0001892322,HTCR,"Heartcore Enterprises, Inc.",Nasdaq
8534,0001892492,OCTO,Eightco Holdings Inc.,Nasdaq
8535,0001892500,CMND,Clearmind Medicine Inc.,Nasdaq
8536,0001892747,VMCAF,Valuence Merger Corp. I,OTC
8537,0001892747,VMCUF,Valuence Merger Corp. I,OTC
8538,0001892747,VMCWF,Valuence Merger Corp. I,OTC
8539,0001893219,ABP,"Abpro Holdings, Inc.",Nasdaq
8540,0001893219,ABPWW,"Abpro Holdings, Inc.",Nasdaq
8541,0001893311,LUXH,Luxurban Hotels Inc.,OTC
8542,0001893311,LUXHP,Luxurban Hotels Inc.,OTC
8543,0001893645,PLRZ,Polyrizon Ltd.,Nasdaq
8544,0001893657,RLEA,Rubber Leaf Inc,OTC
8545,0001894057,PPYA,Papaya Growth Opportunity Corp. I,OTC
8546,0001894057,PPYAU,Papaya Growth Opportunity Corp. I,OTC
8547,0001894057,PPYAW,Papaya Growth Opportunity Corp. I,OTC
8548,0001894176,CCIR,Cohen Circle Acquisition Corp. I,Nasdaq
8549,0001894176,CCIRU,Cohen Circle Acquisition Corp. I,Nasdaq
8550,0001894176,CCIRW,Cohen Circle Acquisition Corp. I,Nasdaq
8551,0001894525,APUS,"Apimeds Pharmaceuticals Us, Inc.",None
8552,0001894562,PRME,"Prime Medicine, Inc.",Nasdaq
8553,0001894693,SVRE,Saverone 2014 Ltd.,Nasdaq
8554,0001894693,SVREW,Saverone 2014 Ltd.,Nasdaq
8555,0001894954,XPON,Expion360 Inc.,Nasdaq
8556,0001895249,CNTM,"Connectm Technology Solutions, Inc.",Nasdaq
8557,0001895251,SGTM,"Sustainable Green Team, Ltd.",OTC
8558,0001895262,NBLWF,Noble Corp Plc,OTC
8559,0001895262,NE,Noble Corp Plc,NYSE
8560,0001895262,NE-WT,Noble Corp Plc,NYSE
8561,0001895262,NE-WTA,Noble Corp Plc,NYSE
8562,0001895597,ICG,Intchains Group Ltd,Nasdaq
8563,0001895618,GXAI,Gaxos.Ai Inc.,Nasdaq
8564,0001896036,EIIA,Eagle Point Institutional Income Fund,NYSE
8565,0001896084,GSCCF,Ioneer Ltd,OTC
8566,0001896084,IONR,Ioneer Ltd,Nasdaq
8567,0001896212,CDT,Conduit Pharmaceuticals Inc.,Nasdaq
8568,0001896212,CDTTW,Conduit Pharmaceuticals Inc.,Nasdaq
8569,0001896425,LBGJ,Li Bang International Corp Inc.,Nasdaq
8570,0001896511,ZKGCF,Zkgc New Energy Ltd,OTC
8571,0001896677,GSOL,Grayscale Solana Trust (Sol),OTC
8572,0001897087,JUNE,Junee Ltd,Nasdaq
8573,0001897245,HWH,Hwh International Inc.,Nasdaq
8574,0001897463,GRAF,Graf Global Corp.,NYSE
8575,0001897463,GRAF-UN,Graf Global Corp.,NYSE
8576,0001897463,GRAF-WT,Graf Global Corp.,NYSE
8577,0001897532,MJID,Majestic Ideal Holdings Ltd,None
8578,0001897762,INGM,Ingram Micro Holding Corp,NYSE
8579,0001897971,GLACF,Global Lights Acquisition Corp,OTC
8580,0001898416,ALVO,Alvotech,Nasdaq
8581,0001898416,ALVOW,Alvotech,Nasdaq
8582,0001898474,SGN,"Signing Day Sports, Inc.",NYSE
8583,0001898496,GETY,"Getty Images Holdings, Inc.",NYSE
8584,0001898601,IPX,Iperionx Ltd,Nasdaq
8585,0001898604,YOSH,Yoshiharu Global Co.,Nasdaq
8586,0001898643,MOB,Mobilicom Ltd,Nasdaq
8587,0001898643,MOBBW,Mobilicom Ltd,Nasdaq
8588,0001898766,TPET,Trio Petroleum Corp.,NYSE
8589,0001898795,LVWR,"Livewire Group, Inc.",NYSE
8590,0001898795,LVWR-WT,"Livewire Group, Inc.",NYSE
8591,0001899005,BMR,Beamr Imaging Ltd.,Nasdaq
8592,0001899123,BTDR,Bitdeer Technologies Group,Nasdaq
8593,0001899287,AMPX,"Amprius Technologies, Inc.",NYSE
8594,0001899287,AMPX-WT,"Amprius Technologies, Inc.",NYSE
8595,0001899658,WLGS,"Wang & Lee Group, Inc.",Nasdaq
8596,0001899830,PERF,Perfect Corp.,NYSE
8597,0001899830,PERF-WT,Perfect Corp.,NYSE
8598,0001899883,FIP,Ftai Infrastructure Inc.,Nasdaq
8599,0001900304,HLN,Haleon Plc,NYSE
8600,0001900304,HLNCF,Haleon Plc,OTC
8601,0001900402,EGRVF,Evergreen Corp,OTC
8602,0001900402,EGSVF,Evergreen Corp,OTC
8603,0001900402,EGUVF,Evergreen Corp,OTC
8604,0001900679,TETEF,Technology & Telecommunication Acquisition Corp,OTC
8605,0001900679,TETUF,Technology & Telecommunication Acquisition Corp,OTC
8606,0001900679,TETWF,Technology & Telecommunication Acquisition Corp,OTC
8607,0001900720,EPWK,Epwk Holdings Ltd.,Nasdaq
8608,0001901203,IROH,Iron Horse Acquisitions Corp.,Nasdaq
8609,0001901203,IROHR,Iron Horse Acquisitions Corp.,Nasdaq
8610,0001901203,IROHU,Iron Horse Acquisitions Corp.,Nasdaq
8611,0001901203,IROHW,Iron Horse Acquisitions Corp.,Nasdaq
8612,0001901215,BNRG,Brenmiller Energy Ltd.,Nasdaq
8613,0001901279,NYAX,Nayax Ltd.,Nasdaq
8614,0001901297,ZRCN,Zrcn Inc.,OTC
8615,0001901336,ALCY,Alchemy Investments Acquisition Corp 1,Nasdaq
8616,0001901336,ALCYU,Alchemy Investments Acquisition Corp 1,Nasdaq
8617,0001901336,ALCYW,Alchemy Investments Acquisition Corp 1,Nasdaq
8618,0001901440,ULS,Ul Solutions Inc.,NYSE
8619,0001901637,USCB,"Uscb Financial Holdings, Inc.",Nasdaq
8620,0001901799,BTM,Bitcoin Depot Inc.,Nasdaq
8621,0001901799,BTMWW,Bitcoin Depot Inc.,Nasdaq
8622,0001902314,MPTI,"M-Tron Industries, Inc.",NYSE
8623,0001902700,PGFF,"Pioneer Green Farms, Inc.",OTC
8624,0001902733,NCNO,"Ncino, Inc.",Nasdaq
8625,0001903145,GRRR,Gorilla Technology Group Inc.,Nasdaq
8626,0001903145,GRRRW,Gorilla Technology Group Inc.,Nasdaq
8627,0001903382,BHM,"Bluerock Homes Trust, Inc.",NYSE
8628,0001903392,CLRCF,Climaterock,OTC
8629,0001903392,CLRRF,Climaterock,OTC
8630,0001903464,AIMA,Aimfinity Investment Corp. I,None
8631,0001903464,AIMAU,Aimfinity Investment Corp. I,Nasdaq
8632,0001903464,AIMAW,Aimfinity Investment Corp. I,Nasdaq
8633,0001903464,AIMBU,Aimfinity Investment Corp. I,Nasdaq
8634,0001903595,TBH,"Brag House Holdings, Inc.",Nasdaq
8635,0001903870,AFRI,Forafric Global Plc,Nasdaq
8636,0001903870,AFRIW,Forafric Global Plc,Nasdaq
8637,0001903995,MGIH,Millennium Group International Holdings Ltd,Nasdaq
8638,0001904286,MIRA,"Mira Pharmaceuticals, Inc.",Nasdaq
8639,0001904501,ZTEK,Zentek Ltd.,Nasdaq
8640,0001904616,BAKR,Baker Global Asset Management Inc.,OTC
8641,0001904856,EFXT,Enerflex Ltd.,NYSE
8642,0001905511,JCSE,Je Cleantech Holdings Ltd,Nasdaq
8643,0001905660,HUBC,Hub Cyber Security Ltd.,Nasdaq
8644,0001905660,HUBCW,Hub Cyber Security Ltd.,Nasdaq
8645,0001905660,HUBCZ,Hub Cyber Security Ltd.,Nasdaq
8646,0001905688,AAUGF,Aero Energy Ltd,OTC
8647,0001905920,GLXG,Galaxy Payroll Group Ltd,Nasdaq
8648,0001905956,TGL,Treasure Global Inc,Nasdaq
8649,0001906133,ICCT,Icoreconnect Inc.,Nasdaq
8650,0001906324,QDEL,Quidelortho Corp,Nasdaq
8651,0001906364,FGMC,Fg Merger Ii Corp.,Nasdaq
8652,0001906364,FGMCR,Fg Merger Ii Corp.,Nasdaq
8653,0001906364,FGMCU,Fg Merger Ii Corp.,Nasdaq
8654,0001907085,ODD,Oddity Tech Ltd,Nasdaq
8655,0001907108,LXEO,"Lexeo Therapeutics, Inc.",Nasdaq
8656,0001907184,ELBM,Electra Battery Materials Corp,Nasdaq
8657,0001907223,KLTO,"Klotho Neurosciences, Inc.",Nasdaq
8658,0001907223,KLTOW,"Klotho Neurosciences, Inc.",Nasdaq
8659,0001907425,JOCM,Jocom Holdings Corp.,OTC
8660,0001907730,YOTA,Yotta Acquisition Corp,Nasdaq
8661,0001907730,YOTAR,Yotta Acquisition Corp,Nasdaq
8662,0001907730,YOTAU,Yotta Acquisition Corp,Nasdaq
8663,0001907730,YOTAW,Yotta Acquisition Corp,Nasdaq
8664,0001907909,VOXR,Vox Royalty Corp.,Nasdaq
8665,0001907982,QBTS,D-Wave Quantum Inc.,NYSE
8666,0001907982,QBTS-WT,D-Wave Quantum Inc.,NYSE
8667,0001908054,JETR,Star Jets International Inc.,OTC
8668,0001908705,GLE,Global Engine Group Holding Ltd,Nasdaq
8669,0001908984,ENDI,Endi Corp.,OTC
8670,0001909747,JUSHF,Jushi Holdings Inc.,OTC
8671,0001909770,KHOB,Kheoba Corp.,OTC
8672,0001910139,MBLY,Mobileye Global Inc.,Nasdaq
8673,0001910975,RPDL,Rapid Line Inc.,OTC
8674,0001911467,CRCE,"Circle Energy, Inc./Nv",OTC
8675,0001911545,GITS,"Global Interactive Technologies, Inc.",Nasdaq
8676,0001912582,AIEV,"Thunder Power Holdings, Inc.",Nasdaq
8677,0001912847,USEA,United Maritime Corp,Nasdaq
8678,0001912966,RGNT,Regentis Biomaterials Ltd.,None
8679,0001913210,BRSHF,Bruush Oral Care Inc.,OTC
8680,0001913510,VFS,Vinfast Auto Ltd.,Nasdaq
8681,0001913510,VFSWW,Vinfast Auto Ltd.,Nasdaq
8682,0001913577,DECA,Denali Capital Acquisition Corp.,Nasdaq
8683,0001913577,DNQAF,Denali Capital Acquisition Corp.,OTC
8684,0001913577,DNQUF,Denali Capital Acquisition Corp.,OTC
8685,0001913577,DNQWF,Denali Capital Acquisition Corp.,OTC
8686,0001913749,GMM,Global Mofy Ai Ltd,Nasdaq
8687,0001913838,VWFB,"Vwf Bancorp, Inc.",OTC
8688,0001913847,CNCK,Coincheck Group N.V.,Nasdaq
8689,0001913847,CNCKW,Coincheck Group N.V.,Nasdaq
8690,0001913971,BPRN,"Princeton Bancorp, Inc.",Nasdaq
8691,0001914605,ECBK,"Ecb Bancorp, Inc. /Md/",Nasdaq
8692,0001914805,BANL,Cbl International Ltd,Nasdaq
8693,0001914818,STBX,Starbox Group Holdings Ltd.,Nasdaq
8694,0001915328,ISRL,Israel Acquisitions Corp,Nasdaq
8695,0001915328,ISRLU,Israel Acquisitions Corp,Nasdaq
8696,0001915328,ISRLW,Israel Acquisitions Corp,Nasdaq
8697,0001915380,DMYY,"Dmy Squared Technology Group, Inc.",NYSE
8698,0001915380,DMYY-UN,"Dmy Squared Technology Group, Inc.",NYSE
8699,0001915380,DMYY-WT,"Dmy Squared Technology Group, Inc.",NYSE
8700,0001915403,SATX,Satixfy Communications Ltd.,NYSE
8701,0001915403,STXYF,Satixfy Communications Ltd.,OTC
8702,0001915657,DINO,Hf Sinclair Corp,NYSE
8703,0001916241,PRZO,Parazero Technologies Ltd.,Nasdaq
8704,0001916331,NCI,Neo-Concept International Group Holdings Ltd,Nasdaq
8705,0001916416,INTJ,Intelligent Group Ltd,Nasdaq
8706,0001917993,GSTK,Growth Stalk Holdings Corp,OTC
8707,0001918661,ESHA,Esh Acquisition Corp.,Nasdaq
8708,0001918661,ESHAR,Esh Acquisition Corp.,Nasdaq
8709,0001919182,EBFI,"Eco Bright Future, Inc.",OTC
8710,0001919191,PGDE,Pgd Eco Solutions,OTC
8711,0001919246,CHRO,Channel Therapeutics Corp,NYSE
8712,0001919847,SFWJ,"Software Effective Solutions, Corp.",OTC
8713,0001920092,GELS,Gelteq Ltd,Nasdaq
8714,0001920294,RZLV,Rezolve Ai Plc,Nasdaq
8715,0001920294,RZLVW,Rezolve Ai Plc,Nasdaq
8716,0001920406,ASST,Asset Entities Inc.,Nasdaq
8717,0001921158,FUFU,Bitfufu Inc.,Nasdaq
8718,0001921158,FUFUW,Bitfufu Inc.,Nasdaq
8719,0001921865,ASPI,Asp Isotopes Inc.,Nasdaq
8720,0001921963,ATMU,Atmus Filtration Technologies Inc.,NYSE
8721,0001922097,LANV,Lanvin Group Holdings Ltd,NYSE
8722,0001922097,LANV-WT,Lanvin Group Holdings Ltd,NYSE
8723,0001922331,GLST,Global Star Acquisition Inc.,Nasdaq
8724,0001922335,SYRA,Syra Health Corp,Nasdaq
8725,0001922446,DEC,Diversified Energy Co Plc,NYSE
8726,0001922639,OILCF,Permex Petroleum Corp,OTC
8727,0001922641,ENLT,Enlight Renewable Energy Ltd.,Nasdaq
8728,0001922858,ECDA,"Ecd Automotive Design, Inc.",Nasdaq
8729,0001922858,ECDAW,"Ecd Automotive Design, Inc.",Nasdaq
8730,0001923780,NCL,Northann Corp.,NYSE
8731,0001923840,THRD,"Third Harmonic Bio, Inc.",Nasdaq
8732,0001923891,NNE,Nano Nuclear Energy Inc.,Nasdaq
8733,0001924064,RLNDF,Royaland Co Ltd.,OTC
8734,0001924482,IBG,Innovation Beverage Group Ltd,Nasdaq
8735,0001926599,TDAC,Translational Development Acquisition Corp.,Nasdaq
8736,0001926599,TDACU,Translational Development Acquisition Corp.,Nasdaq
8737,0001926599,TDACW,Translational Development Acquisition Corp.,Nasdaq
8738,0001926792,SFHG,Samfine Creation Holdings Group Ltd,Nasdaq
8739,0001927077,SNHO,Shonghoya International Group Inc.,OTC
8740,0001927578,NTCL,Netclass Technology Inc,Nasdaq
8741,0001927719,CRGO,Freightos Ltd,Nasdaq
8742,0001927719,CRGOW,Freightos Ltd,Nasdaq
8743,0001928340,GDHG,Golden Heaven Group Holdings Ltd.,Nasdaq
8744,0001928446,GRNT,"Granite Ridge Resources, Inc.",NYSE
8745,0001928581,FTEL,Fitell Corp,Nasdaq
8746,0001928948,HTCO,High-Trend International Group,Nasdaq
8747,0001929561,RXO,"Rxo, Inc.",NYSE
8748,0001929783,WOK,Work Medical Technology Group Ltd,Nasdaq
8749,0001930021,HOVR,New Horizon Aircraft Ltd.,Nasdaq
8750,0001930021,HOVRW,New Horizon Aircraft Ltd.,Nasdaq
8751,0001930147,SPMA,"Sound Point Meridian Capital, Inc.",NYSE
8752,0001930147,SPMC,"Sound Point Meridian Capital, Inc.",NYSE
8753,0001930179,ARBB,Arb Iot Group Ltd,Nasdaq
8754,0001930313,SBC,Sbc Medical Group Holdings Inc,Nasdaq
8755,0001930313,SBCWW,Sbc Medical Group Holdings Inc,Nasdaq
8756,0001930419,ALRTF,Alr Technologies Sg Ltd.,OTC
8757,0001930510,VCIG,Vci Global Ltd,Nasdaq
8758,0001931055,MDNC,Medinotec Inc.,OTC
8759,0001931717,CCTG,Ccsc Technology International Holdings Ltd,Nasdaq
8760,0001932072,LOBO,Lobo Ev Technologies Ltd,Nasdaq
8761,0001932244,AIUG,"Ai Unlimited Group, Inc.",OTC
8762,0001932393,GEHC,Ge Healthcare Technologies Inc.,Nasdaq
8763,0001932737,NWTN,"Nwtn, Inc.",Nasdaq
8764,0001932737,NWTNW,"Nwtn, Inc.",Nasdaq
8765,0001932770,QSG,Quantasing Group Ltd,Nasdaq
8766,0001933021,PLUT,Plutus Financial Group Ltd,Nasdaq
8767,0001933414,MLYS,"Mineralys Therapeutics, Inc.",Nasdaq
8768,0001933567,NRXS,"Neuraxis, Inc",NYSE
8769,0001933951,SAG,Sag Holdings Ltd,Nasdaq
8770,0001934245,NWTG,"Newton Golf Company, Inc.",Nasdaq
8771,0001934642,MDBH,"Mdb Capital Holdings, Llc",Nasdaq
8772,0001934836,MVRK,Maverick Lifestyle Inc.,None
8773,0001934850,FG,"F&G Annuities & Life, Inc.",NYSE
8774,0001934850,FGN,"F&G Annuities & Life, Inc.",NYSE
8775,0001934850,FGSN,"F&G Annuities & Life, Inc.",NYSE
8776,0001934945,TBMC,Trailblazer Merger Corp I,Nasdaq
8777,0001934945,TBMCR,Trailblazer Merger Corp I,Nasdaq
8778,0001935033,KMFG,Keemo Fashion Group Ltd,OTC
8779,0001935092,CETI,"Cyber Enviro-Tech, Inc.",OTC
8780,0001935172,AIXI,Xiao-I Corp,Nasdaq
8781,0001935418,FMST,Foremost Clean Energy Ltd.,Nasdaq
8782,0001935418,FMSTW,Foremost Clean Energy Ltd.,Nasdaq
8783,0001935688,LEBGF,Legible Inc.,OTC
8784,0001935979,BHVN,Biohaven Ltd.,NYSE
8785,0001936224,SRFM,Surf Air Mobility Inc.,NYSE
8786,0001936255,FORL,Four Leaf Acquisition Corp,Nasdaq
8787,0001936255,FORLU,Four Leaf Acquisition Corp,Nasdaq
8788,0001936255,FORLW,Four Leaf Acquisition Corp,Nasdaq
8789,0001936258,NAMS,Newamsterdam Pharma Co N.V.,Nasdaq
8790,0001936258,NAMSW,Newamsterdam Pharma Co N.V.,Nasdaq
8791,0001936804,SDA,Suncar Technology Group Inc.,Nasdaq
8792,0001936804,SDAWW,Suncar Technology Group Inc.,Nasdaq
8793,0001936817,HXHX,Haoxin Holdings Ltd,Nasdaq
8794,0001937441,AMBI,Ambipar Emergency Response,NYSE
8795,0001937441,AMBI-WT,Ambipar Emergency Response,NYSE
8796,0001937653,ZYME,Zymeworks Inc.,Nasdaq
8797,0001937737,MLEC,Moolec Science Sa,Nasdaq
8798,0001937737,MLECW,Moolec Science Sa,Nasdaq
8799,0001937891,ATMV,Alphavest Acquisition Corp.,Nasdaq
8800,0001937891,ATMVR,Alphavest Acquisition Corp.,Nasdaq
8801,0001937891,ATMVU,Alphavest Acquisition Corp.,Nasdaq
8802,0001937926,BAM,Brookfield Asset Management Ltd.,NYSE
8803,0001937987,FBYD,"Falcon'S Beyond Global, Inc.",Nasdaq
8804,0001937987,FBYDW,"Falcon'S Beyond Global, Inc.",Nasdaq
8805,0001937993,CVKD,"Cadrenal Therapeutics, Inc.",Nasdaq
8806,0001938046,MGRX,"Mangoceuticals, Inc.",Nasdaq
8807,0001938109,PAPL,Pineapple Financial Inc.,NYSE
8808,0001938186,JYD,Jayud Global Logistics Ltd,Nasdaq
8809,0001938338,GLTK,Globaltech Corp,OTC
8810,0001938534,FBGL,Fbs Global Ltd,Nasdaq
8811,0001938865,WAI,Top Kingwin Ltd,Nasdaq
8812,0001939365,IVP,"Inspire Veterinary Partners, Inc.",Nasdaq
8813,0001939780,UCAR,U Power Ltd,Nasdaq
8814,0001939937,LMMY,Lamy,OTC
8815,0001939965,BREA,Brera Holdings Plc,Nasdaq
8816,0001940177,PODC,"Podcastone, Inc.",Nasdaq
8817,0001940366,USIC,Uncle'S Ice Cream,OTC
8818,0001940674,SMX,Smx (Security Matters) Public Ltd Co,Nasdaq
8819,0001940674,SMXWW,Smx (Security Matters) Public Ltd Co,Nasdaq
8820,0001940941,MFI,Mf International Ltd,Nasdaq
8821,0001941029,ADVB,Advanced Biomed Inc.,Nasdaq
8822,0001941131,TORO,Toro Corp.,Nasdaq
8823,0001941158,WETO,Webus International Ltd.,Nasdaq
8824,0001941189,TANAF,Tian'An Technology Group Ltd,OTC
8825,0001941360,NELR,Neolara Corp.,OTC
8826,0001941365,MBC,"Masterbrand, Inc.",NYSE
8827,0001941500,MWG,Multi Ways Holdings Ltd,NYSE
8828,0001941506,ZJK,"Zjk Industrial Co., Ltd.",Nasdaq
8829,0001941536,BAER,"Bridger Aerospace Group Holdings, Inc.",Nasdaq
8830,0001941536,BAERW,"Bridger Aerospace Group Holdings, Inc.",Nasdaq
8831,0001943289,SVCO,"Silvaco Group, Inc.",Nasdaq
8832,0001943444,TRSG,Tungray Technologies Inc,Nasdaq
8833,0001943802,FSEA,"First Seacoast Bancorp, Inc.",Nasdaq
8834,0001943896,RBRK,"Rubrik, Inc.",NYSE
8835,0001944013,CR,Crane Co,NYSE
8836,0001944048,KVUE,Kenvue Inc.,NYSE
8837,0001944057,CLCO,Cool Co Ltd.,NYSE
8838,0001944212,DYCQ,Dt Cloud Acquisition Corp,Nasdaq
8839,0001944212,DYCQR,Dt Cloud Acquisition Corp,Nasdaq
8840,0001944212,DYCQU,Dt Cloud Acquisition Corp,Nasdaq
8841,0001944399,ELWS,"Earlyworks Co., Ltd.",Nasdaq
8842,0001944552,ANL,Adlai Nortye Ltd.,Nasdaq
8843,0001944558,VTS,"Vitesse Energy, Inc.",NYSE
8844,0001944712,BIYA,Baiya International Group Inc.,Nasdaq
8845,0001944885,APLM,Apollomics Inc.,Nasdaq
8846,0001944885,APLMW,Apollomics Inc.,Nasdaq
8847,0001944902,OMH,Ohmyhome Ltd,Nasdaq
8848,0001945240,ROMA,Roma Green Finance Ltd,Nasdaq
8849,0001945415,HUHU,Huhutech International Group Inc.,Nasdaq
8850,0001945422,OAKU,Oak Woods Acquisition Corp,Nasdaq
8851,0001945422,OAKUR,Oak Woods Acquisition Corp,Nasdaq
8852,0001945422,OAKUU,Oak Woods Acquisition Corp,Nasdaq
8853,0001945422,OAKUW,Oak Woods Acquisition Corp,Nasdaq
8854,0001945565,BGIN,Bgin Blockchain Ltd,None
8855,0001945619,KSEZ,Kinetic Seas Inc.,OTC
8856,0001945711,LVRO,Lavoro Ltd,Nasdaq
8857,0001945711,LVROW,Lavoro Ltd,Nasdaq
8858,0001946021,HSPO,Horizon Space Acquisition I Corp.,Nasdaq
8859,0001946021,HSPOR,Horizon Space Acquisition I Corp.,Nasdaq
8860,0001946021,HSPOU,Horizon Space Acquisition I Corp.,Nasdaq
8861,0001946021,HSPOW,Horizon Space Acquisition I Corp.,Nasdaq
8862,0001946216,SYT,"Syla Technologies Co., Ltd.",Nasdaq
8863,0001946399,LSB,"Lakeshore Biopharma Co., Ltd.",Nasdaq
8864,0001946399,LSBPW,"Lakeshore Biopharma Co., Ltd.",Nasdaq
8865,0001946563,SXTP,"60 Degrees Pharmaceuticals, Inc.",Nasdaq
8866,0001946563,SXTPW,"60 Degrees Pharmaceuticals, Inc.",Nasdaq
8867,0001946573,KDLY,"Kindly Md, Inc.",Nasdaq
8868,0001946573,KDLYW,"Kindly Md, Inc.",Nasdaq
8869,0001946585,TKMO,"Tekumo, Inc.",OTC
8870,0001946703,WBUYD,Webuy Global Ltd,OTC
8871,0001946703,WBUYF,Webuy Global Ltd,OTC
8872,0001947158,SRKKS,Public Shrek Royalties Llc,OTC
8873,0001947210,ROLR,"High Roller Technologies, Inc.",NYSE
8874,0001947244,USGO,U.S. Goldmining Inc.,Nasdaq
8875,0001947244,USGOW,U.S. Goldmining Inc.,Nasdaq
8876,0001947861,NMHI,Nature'S Miracle Holding Inc.,OTC
8877,0001947861,NMHIW,Nature'S Miracle Holding Inc.,OTC
8878,0001948099,MTEN,Mingteng International Corp Inc.,Nasdaq
8879,0001948294,NWGL,Nature Wood Group Ltd,Nasdaq
8880,0001948436,JL,J-Long Group Ltd,Nasdaq
8881,0001948443,RAY,Raytech Holding Ltd,Nasdaq
8882,0001948455,ISPR,Ispire Technology Inc.,Nasdaq
8883,0001948697,SPPL,Simpple Ltd.,Nasdaq
8884,0001948864,HCWC,Healthy Choice Wellness Corp.,NYSE
8885,0001948884,GPAK,Gamer Pakistan Inc,OTC
8886,0001949257,RADX,Radiopharm Theranostics Ltd,Nasdaq
8887,0001949257,RDPTF,Radiopharm Theranostics Ltd,OTC
8888,0001949478,DTCK,Davis Commodities Ltd,Nasdaq
8889,0001949543,STR,Sitio Royalties Corp.,NYSE
8890,0001949766,ODDAF,Odd Burger Corp,OTC
8891,0001949864,MGNC,Mag Magna Corp,OTC
8892,0001950246,MTAL,Mac Copper Ltd,NYSE
8893,0001950851,DLHZ,Dalu International Group Ltd,None
8894,0001951051,JAGL,Jaag Enterprises Ltd.,OTC
8895,0001951067,CISS,C3Is Inc.,Nasdaq
8896,0001951089,CRML,Critical Metals Corp.,Nasdaq
8897,0001951089,CRMLW,Critical Metals Corp.,Nasdaq
8898,0001951222,LAES,Sealsq Corp,Nasdaq
8899,0001951229,RITR,Reitar Logtech Holdings Ltd,Nasdaq
8900,0001951276,SRBK,"Sr Bancorp, Inc.",Nasdaq
8901,0001951294,VSME,Vs Media Holdings Ltd,Nasdaq
8902,0001951378,QLUNF,Qilun Group Inc.,OTC
8903,0001951667,CTNT,Cheetah Net Supply Chain Service Inc.,Nasdaq
8904,0001952073,MSGE,Madison Square Garden Entertainment Corp.,NYSE
8905,0001952853,MAMO,Massimo Group,Nasdaq
8906,0001952976,NLOP,Net Lease Office Properties,NYSE
8907,0001953021,MPU,Mega Matrix Inc,NYSE
8908,0001953366,STHO,Star Holdings,Nasdaq
8909,0001953530,OCS,Oculis Holding Ag,Nasdaq
8910,0001953530,OCSAW,Oculis Holding Ag,Nasdaq
8911,0001953575,CNL,Collective Mining Ltd.,NYSE
8912,0001953588,PAANF,Pan American Energy Corp. (Canada),OTC
8913,0001953926,ZBIO,"Zenas Biopharma, Inc.",Nasdaq
8914,0001953984,BCG,"Binah Capital Group, Inc.",Nasdaq
8915,0001953984,BCGWW,"Binah Capital Group, Inc.",Nasdaq
8916,0001953988,HLEO,Helio Corp /Fl/,OTC
8917,0001954042,ZK,Zeekr Intelligent Technology Holding Ltd,NYSE
8918,0001954269,GSIW,Garden Stage Ltd,Nasdaq
8919,0001954488,MENS,Jyong Biotech Ltd.,None
8920,0001954594,HAO,Haoxi Health Technology Ltd,Nasdaq
8921,0001954694,LGCL,Lucas Gc Ltd,Nasdaq
8922,0001954705,FFFZ,Fuxing China Group Ltd,None
8923,0001955083,GESI,"General European Strategic Investments, Inc.",OTC
8924,0001955104,ZAPP,Zapp Electric Vehicles Group Ltd,Nasdaq
8925,0001955104,ZAPPW,Zapp Electric Vehicles Group Ltd,Nasdaq
8926,0001955514,RAN,Ranmarine Technology B.V.,None
8927,0001955520,KNF,Knife River Corp,NYSE
8928,0001956055,BUJA,Bukit Jalil Global Acquisition 1 Ltd.,Nasdaq
8929,0001956055,BUJAR,Bukit Jalil Global Acquisition 1 Ltd.,Nasdaq
8930,0001956055,BUJAU,Bukit Jalil Global Acquisition 1 Ltd.,Nasdaq
8931,0001956055,BUJAW,Bukit Jalil Global Acquisition 1 Ltd.,Nasdaq
8932,0001956166,MSW,Ming Shing Group Holdings Ltd,Nasdaq
8933,0001956237,ALMP,Almco Plumbing Inc,OTC
8934,0001956648,NOEM,Co2 Energy Transition Corp.,Nasdaq
8935,0001956648,NOEMR,Co2 Energy Transition Corp.,Nasdaq
8936,0001956648,NOEMU,Co2 Energy Transition Corp.,Nasdaq
8937,0001956648,NOEMW,Co2 Energy Transition Corp.,Nasdaq
8938,0001956741,ZONE,"Cleancore Solutions, Inc.",NYSE
8939,0001956744,SRM,"Srm Entertainment, Inc.",Nasdaq
8940,0001956827,ABVX,Abivax S.A.,Nasdaq
8941,0001956955,UMAC,"Unusual Machines, Inc.",NYSE
8942,0001957001,FEBO,Fenbo Holdings Ltd,Nasdaq
8943,0001957132,SN,"Sharkninja, Inc.",NYSE
8944,0001957413,CJET,"Chijet Motor Company, Inc.",Nasdaq
8945,0001957489,ABLV,Able View Global Inc.,Nasdaq
8946,0001957489,ABLVW,Able View Global Inc.,Nasdaq
8947,0001957538,ESGL,Esgl Holdings Ltd,Nasdaq
8948,0001957538,ESGLW,Esgl Holdings Ltd,Nasdaq
8949,0001957783,MACT,"Machten, Inc.",OTC
8950,0001958086,CLB,Core Laboratories Inc. /De/,NYSE
8951,0001958133,DXST,Decent Holding Inc.,Nasdaq
8952,0001958140,BATRA,"Atlanta Braves Holdings, Inc.",Nasdaq
8953,0001958140,BATRB,"Atlanta Braves Holdings, Inc.",OTC
8954,0001958140,BATRK,"Atlanta Braves Holdings, Inc.",Nasdaq
8955,0001958217,LZM,Lifezone Metals Ltd,NYSE
8956,0001958217,LZM-WT,Lifezone Metals Ltd,NYSE
8957,0001958399,HCAI,"Huachen Ai Parking Management Technology Holding Co., Ltd",Nasdaq
8958,0001958713,MI,Nft Ltd,NYSE
8959,0001958777,FBLG,"Fibrobiologics, Inc.",Nasdaq
8960,0001959023,SGD,Safe & Green Development Corp,Nasdaq
8961,0001959224,SWIN,"Solowin Holdings, Ltd.",Nasdaq
8962,0001959348,KLG,Wk Kellogg Co,NYSE
8963,0001959455,HSHP,Himalaya Shipping Ltd.,NYSE
8964,0001959726,AZI,Autozi Internet Technology (Global) Ltd.,Nasdaq
8965,0001959994,COOT,Australian Oilseeds Holdings Ltd,Nasdaq
8966,0001959994,COOTW,Australian Oilseeds Holdings Ltd,Nasdaq
8967,0001960208,CREV,Carbon Revolution Public Ltd Co,Nasdaq
8968,0001960208,CREVW,Carbon Revolution Public Ltd Co,Nasdaq
8969,0001960262,LUDG,"Ludwig Enterprises, Inc.",OTC
8970,0001960847,TOPP,Toppoint Holdings Inc.,NYSE
8971,0001961847,INHD,Inno Holdings Inc.,Nasdaq
8972,0001962011,KAPA,"Kairos Pharma, Ltd.",NYSE
8973,0001962481,BOF,Branchout Food Inc.,Nasdaq
8974,0001962738,CASI,"Casi Pharmaceuticals, Inc.",Nasdaq
8975,0001962746,LOT,Lotus Technology Inc.,Nasdaq
8976,0001962746,LOTWW,Lotus Technology Inc.,Nasdaq
8977,0001962911,INFT,Infinity Bancorp,OTC
8978,0001962918,SLRN,"Acelyrin, Inc.",Nasdaq
8979,0001963088,ATCH,"Atlasclear Holdings, Inc.",NYSE
8980,0001963088,ATCHW,"Atlasclear Holdings, Inc.",OTC
8981,0001963439,TURB,"Turbo Energy, S.A.",Nasdaq
8982,0001963685,RR,Richtech Robotics Inc.,Nasdaq
8983,0001964021,NCNCF,Noco-Noco Inc.,OTC
8984,0001964021,NCNWF,Noco-Noco Inc.,OTC
8985,0001964314,JBDI,Jbdi Holdings Ltd,Nasdaq
8986,0001964333,BHRB,Burke & Herbert Financial Services Corp.,Nasdaq
8987,0001964504,ARMN,Aris Mining Corp,NYSE
8988,0001964504,CLGDF,Aris Mining Corp,OTC
8989,0001964630,VSTE,Vast Renewables Ltd,Nasdaq
8990,0001964630,VSTEW,Vast Renewables Ltd,Nasdaq
8991,0001964664,ORIS,Oriental Rise Holdings Ltd,Nasdaq
8992,0001964738,SOLV,Solventum Corp,NYSE
8993,0001964789,HUT,Hut 8 Corp.,Nasdaq
8994,0001964946,YAAS,Youxin Technology Ltd,Nasdaq
8995,0001964954,ECO,Okeanis Eco Tankers Corp.,NYSE
8996,0001964979,ALUR,"Allurion Technologies, Inc.",NYSE
8997,0001964979,ALUR-WT,"Allurion Technologies, Inc.",NYSE
8998,0001965040,FTRE,Fortrea Holdings Inc.,Nasdaq
8999,0001965052,MGTE,Marblegate Capital Corp,OTC
9000,0001965052,MGTEW,Marblegate Capital Corp,OTC
9001,0001965143,NVNI,Nvni Group Ltd,Nasdaq
9002,0001965143,NVNIW,Nvni Group Ltd,Nasdaq
9003,0001965473,CCG,Cheche Group Inc.,Nasdaq
9004,0001965473,CCGWW,Cheche Group Inc.,Nasdaq
9005,0001966233,NIPG,Nip Group Inc.,Nasdaq
9006,0001966287,GFR,Greenfire Resources Ltd.,NYSE
9007,0001966287,GFRWF,Greenfire Resources Ltd.,OTC
9008,0001966494,CRGX,"Cargo Therapeutics, Inc.",Nasdaq
9009,0001966678,PGHL,Primega Group Holdings Ltd,Nasdaq
9010,0001966734,AITR,Ai Transportation Acquisition Corp,Nasdaq
9011,0001966734,AITRR,Ai Transportation Acquisition Corp,Nasdaq
9012,0001966734,AITRU,Ai Transportation Acquisition Corp,Nasdaq
9013,0001966750,ZBAO,Zhibao Technology Inc.,Nasdaq
9014,0001966983,LAC,Lithium Americas Corp.,NYSE
9015,0001967306,MSBB,"Mercer Bancorp, Inc.",OTC
9016,0001967397,LZMH,Lz Technology Holdings Ltd,Nasdaq
9017,0001967478,CAPT,Captivision Inc.,Nasdaq
9018,0001967478,CAPTW,Captivision Inc.,Nasdaq
9019,0001967621,ATGL,Alpha Technology Group Ltd,Nasdaq
9020,0001967631,NAMI,Jinxin Technology Holding Co,Nasdaq
9021,0001967649,VSTS,Vestis Corp,NYSE
9022,0001967656,PFSB,"Pfs Bancorp, Inc.",OTC
9023,0001967680,VLTO,Veralto Corp,NYSE
9024,0001967822,CGTL,Creative Global Technology Holdings Ltd,Nasdaq
9025,0001968043,NCEW,New Century Logistics (Bvi) Ltd,Nasdaq
9026,0001968487,WS,"Worthington Steel, Inc.",NYSE
9027,0001968915,PHIN,Phinia Inc.,NYSE
9028,0001969302,PONY,Pony Ai Inc.,Nasdaq
9029,0001969373,VTMX,"Vesta Real Estate Corporation, S.A.B. De C.V.",NYSE
9030,0001969401,LGCB,Linkage Global Inc,Nasdaq
9031,0001969475,BAYA,Bayview Acquisition Corp,Nasdaq
9032,0001969475,BAYAR,Bayview Acquisition Corp,Nasdaq
9033,0001969475,BAYAU,Bayview Acquisition Corp,Nasdaq
9034,0001969766,SEPSD,Asep Medical Holdings Inc.,OTC
9035,0001969863,SUGP,Su Group Holdings Ltd,Nasdaq
9036,0001969928,MCTR,Ctrl Group Ltd,Nasdaq
9037,0001970129,LGSP,"Legend Spices, Inc.",OTC
9038,0001970509,HYAC,Haymaker Acquisition Corp. 4,NYSE
9039,0001970509,HYAC-UN,Haymaker Acquisition Corp. 4,NYSE
9040,0001970509,HYAC-WT,Haymaker Acquisition Corp. 4,NYSE
9041,0001970544,PTHL,Pheton Holdings Ltd,Nasdaq
9042,0001970622,USAR,"Usa Rare Earth, Inc.",Nasdaq
9043,0001970622,USARW,"Usa Rare Earth, Inc.",Nasdaq
9044,0001970743,RMXI,"Reticulate Micro, Inc.",OTC
9045,0001971115,RYDE,Ryde Group Ltd,NYSE
9046,0001971213,SBGI,"Sinclair, Inc.",Nasdaq
9047,0001971260,CLDVF,Cloud3 Ventures Inc.,OTC
9048,0001971387,LIMN,Iris Parent Holding Corp.,None
9049,0001971532,TELO,"Telomir Pharmaceuticals, Inc.",Nasdaq
9050,0001971542,QMMM,Qmmm Holdings Ltd,Nasdaq
9051,0001971543,MURA,Mural Oncology Plc,Nasdaq
9052,0001971828,ENGS,Energys Group Ltd,Nasdaq
9053,0001971975,ABXXF,Abaxx Technologies Inc.,OTC
9054,0001972074,LNKS,Linkers Industries Ltd,Nasdaq
9055,0001972529,BTOC,Armlogi Holding Corp.,Nasdaq
9056,0001973047,MRKY,Marky Corp.,OTC
9057,0001973056,BOWN,Bowen Acquisition Corp,Nasdaq
9058,0001973056,BOWNR,Bowen Acquisition Corp,Nasdaq
9059,0001973056,BOWNU,Bowen Acquisition Corp,Nasdaq
9060,0001973160,GMZP,Gemz Corp. Nv,OTC
9061,0001973239,ARM,Arm Holdings Plc /Uk,Nasdaq
9062,0001973266,TKO,"Tko Group Holdings, Inc.",NYSE
9063,0001973368,SVUHF,Srivaru Holding Ltd,OTC
9064,0001973368,SVUWF,Srivaru Holding Ltd,OTC
9065,0001973832,AU,Anglogold Ashanti Plc,NYSE
9066,0001974044,MNY,Moneyhero Ltd,Nasdaq
9067,0001974044,MNYWW,Moneyhero Ltd,Nasdaq
9068,0001974138,NATL,Ncr Atleos Corp,NYSE
9069,0001974640,APGE,"Apogee Therapeutics, Inc.",Nasdaq
9070,0001975218,NETD,Nabors Energy Transition Corp. Ii,Nasdaq
9071,0001975218,NETDU,Nabors Energy Transition Corp. Ii,Nasdaq
9072,0001975218,NETDW,Nabors Energy Transition Corp. Ii,Nasdaq
9073,0001975222,SSHT,Ssht S&T Group Ltd.,OTC
9074,0001975641,ZYBT,Zhengye Biotechnology Holding Ltd,Nasdaq
9075,0001975940,FLYE,"Fly-E Group, Inc.",Nasdaq
9076,0001976443,SYNX,Silynxcom Ltd.,NYSE
9077,0001976663,NXNT,"Nexscient, Inc.",OTC
9078,0001976695,MNDR,Mobile-Health Network Solutions,Nasdaq
9079,0001976908,JDZG,Jiade Ltd,Nasdaq
9080,0001976923,YQAI,"Youneeqai Technical Services, Inc.",OTC
9081,0001977102,BIRK,Birkenstock Holding Plc,NYSE
9082,0001977251,SKUB,Skubbs Holdings Ltd,None
9083,0001977837,ALXY,Alixo-Yolloo Corp,OTC
9084,0001978057,TWG,Top Wealth Group Holding Ltd,Nasdaq
9085,0001978133,YERBF,Yerbae Brands Corp.,OTC
9086,0001978527,GVH,Globavend Holdings Ltd,Nasdaq
9087,0001978528,QETA,Quetta Acquisition Corp,Nasdaq
9088,0001978528,QETAR,Quetta Acquisition Corp,Nasdaq
9089,0001978528,QETAU,Quetta Acquisition Corp,Nasdaq
9090,0001978811,GOVB,"Gouverneur Bancorp, Inc./Md/",OTC
9091,0001978867,CDLR,Cadeler A/S,NYSE
9092,0001978954,TBBB,Bbb Foods Inc,NYSE
9093,0001979005,AFJK,"Aimei Health Technology Co., Ltd.",Nasdaq
9094,0001979005,AFJKR,"Aimei Health Technology Co., Ltd.",Nasdaq
9095,0001979005,AFJKU,"Aimei Health Technology Co., Ltd.",Nasdaq
9096,0001979330,NBBK,"Nb Bancorp, Inc.",Nasdaq
9097,0001979332,CPBI,"Central Plains Bancshares, Inc.",Nasdaq
9098,0001979407,ORKT,Orangekloud Technology Inc.,Nasdaq
9099,0001979414,NTHI,"Neonc Technologies Holdings, Inc.",Nasdaq
9100,0001979484,ABVE,Above Food Ingredients Inc.,Nasdaq
9101,0001979484,ABVEW,Above Food Ingredients Inc.,Nasdaq
9102,0001979610,WXM,Wf International Ltd.,Nasdaq
9103,0001979887,XCH,Xchg Ltd,Nasdaq
9104,0001980034,BELR,"Bell Rose Capital, Inc.",OTC
9105,0001980088,MNR,Mach Natural Resources Lp,NYSE
9106,0001980210,WFF,Wf Holding Ltd,Nasdaq
9107,0001980262,HWEP,"Hw Electro Co., Ltd.",None
9108,0001980845,ENGN,Engene Holdings Inc.,Nasdaq
9109,0001980845,ENGNW,Engene Holdings Inc.,Nasdaq
9110,0001980994,IBIT,Ishares Bitcoin Trust Etf,Nasdaq
9111,0001981462,LDTC,Leddartech Holdings Inc.,Nasdaq
9112,0001981462,LDTCW,Leddartech Holdings Inc.,Nasdaq
9113,0001981519,MMA,Mixed Martial Arts Group Ltd,NYSE
9114,0001981535,SBET,"Sharplink Gaming, Inc.",Nasdaq
9115,0001981599,CTRI,"Centuri Holdings, Inc.",NYSE
9116,0001981662,NIVF,Newgenivf Group Ltd,Nasdaq
9117,0001981662,NIVFW,Newgenivf Group Ltd,Nasdaq
9118,0001981792,HHH,Howard Hughes Holdings Inc.,NYSE
9119,0001982012,TLIH,Ten-League International Holdings Ltd,None
9120,0001982444,BDMD,Baird Medical Investment Holdings Ltd,Nasdaq
9121,0001982444,BDMDW,Baird Medical Investment Holdings Ltd,Nasdaq
9122,0001982448,BLIV,Belive Holdings,Nasdaq
9123,0001982518,SDHC,Smith Douglas Homes Corp.,NYSE
9124,0001982708,NNNN,Anbio Biotechnology,Nasdaq
9125,0001982960,KNRX,Knorex Ltd.,None
9126,0001982961,EGG,Enigmatig Ltd,None
9127,0001983022,PICW,Pictureworks International Holdings Ltd,None
9128,0001983324,RMSG,Real Messenger Corp,Nasdaq
9129,0001983324,RMSGW,Real Messenger Corp,Nasdaq
9130,0001983389,GYGC,Guyana Gold Corp,OTC
9131,0001983550,TDTH,Trident Digital Tech Holdings Ltd,Nasdaq
9132,0001983736,GOAI,Eva Live Inc,OTC
9133,0001984014,BLMZ,Bloomz Inc.,Nasdaq
9134,0001984060,AESI,Atlas Energy Solutions Inc.,NYSE
9135,0001984086,SEPN,"Septerna, Inc.",Nasdaq
9136,0001984124,LUD,Luda Technology Group Ltd,NYSE
9137,0001984345,VTBAS,"Vestible Assets, Llc",OTC
9138,0001985062,PBM,Psyence Biomedical Ltd.,Nasdaq
9139,0001985062,PBMWW,Psyence Biomedical Ltd.,Nasdaq
9140,0001985139,LSE,"Leishen Energy Holding Co., Ltd.",Nasdaq
9141,0001985273,TOYO,"Toyo Co., Ltd",Nasdaq
9142,0001985273,TOYWF,"Toyo Co., Ltd",OTC
9143,0001985337,YYGH,Yy Group Holding Ltd.,Nasdaq
9144,0001985487,KSPI,Joint Stock Co Kaspi.Kz,Nasdaq
9145,0001985840,DEFI,Tidal Commodities Trust I,NYSE
9146,0001986247,PHH,"Park Ha Biological Technology Co., Ltd.",Nasdaq
9147,0001986817,GTEN,"Gores Holdings X, Inc. / Ci",None
9148,0001987101,CABI,"El-0713 Fund I, A Series Of Roll Up Vehicles, Lp",OTC
9149,0001987240,SHMD,Schmid Group N.V.,Nasdaq
9150,0001987240,SHMDW,Schmid Group N.V.,Nasdaq
9151,0001987363,WTF,Waton Financial Ltd,Nasdaq
9152,0001988494,FVR,"Frontview Reit, Inc.",NYSE
9153,0001988776,MRNO,Murano Global Investments Plc,Nasdaq
9154,0001988776,MRNOW,Murano Global Investments Plc,Nasdaq
9155,0001988894,AS,"Amer Sports, Inc.",NYSE
9156,0001989788,GAFC,Guru App Factory Corp,OTC
9157,0001989930,FGL,Founder Group Ltd,Nasdaq
9158,0001990145,NUVOQ,Holdco Nuvo Group D.G Ltd.,OTC
9159,0001990145,NUVWQ,Holdco Nuvo Group D.G Ltd.,OTC
9160,0001990251,WCT,Wellchange Holdings Co Ltd,Nasdaq
9161,0001990354,WAY,Waystar Holding Corp.,Nasdaq
9162,0001990446,GRPS,"Trans American Aquaculture, Inc",OTC
9163,0001990643,HPOT,Great Restaurant Development Holdings Ltd,None
9164,0001990950,SELX,Semilux International Ltd.,Nasdaq
9165,0001991261,SKK,Skk Holdings Ltd,Nasdaq
9166,0001991332,MKDW,Mkdwell Tech Inc.,Nasdaq
9167,0001991332,MKDWW,Mkdwell Tech Inc.,Nasdaq
9168,0001991592,INLF,Inlif Ltd,Nasdaq
9169,0001991792,CGON,"Cg Oncology, Inc.",Nasdaq
9170,0001991879,TMGX,Thoughtful Media Group Inc.,None
9171,0001991946,CGBS,Crown Lng Holdings Ltd,Nasdaq
9172,0001991946,CGBSW,Crown Lng Holdings Ltd,Nasdaq
9173,0001992243,TE,T1 Energy Inc.,NYSE
9174,0001992243,TE-WT,T1 Energy Inc.,NYSE
9175,0001992508,CETH,21Shares Core Ethereum Etf,CBOE
9176,0001992818,ZOOZ,Zooz Power Ltd.,Nasdaq
9177,0001992818,ZOOZW,Zooz Power Ltd.,Nasdaq
9178,0001992870,EZBC,Franklin Templeton Digital Holdings Trust,CBOE
9179,0001993004,NWE,"Northwestern Energy Group, Inc.",Nasdaq
9180,0001993097,MASK,3 E Network Technology Group Ltd,Nasdaq
9181,0001993400,FATN,Fatpipe Inc/Ut,Nasdaq
9182,0001993431,MCRP,Micropolis Holding Co,NYSE
9183,0001993463,YSXT,"Ysx Tech Co., Ltd",Nasdaq
9184,0001993727,SNT,Senstar Technologies Corp,Nasdaq
9185,0001994214,NOMA,Nomadar Corp.,None
9186,0001994373,HNIT,Huineng Technology Corp,OTC
9187,0001994624,STAI,Scantech Ai Systems Inc.,Nasdaq
9188,0001994702,KYTX,"Kyverna Therapeutics, Inc.",Nasdaq
9189,0001995075,MGN,Megan Holdings Ltd.,None
9190,0001995116,RECT,Rectitude Holdings Ltd.,Nasdaq
9191,0001995194,PITA,Heramba Electric Plc,Nasdaq
9192,0001995194,PITAW,Heramba Electric Plc,Nasdaq
9193,0001995306,HDL,Super Hi International Holding Ltd.,Nasdaq
9194,0001995306,SPHIF,Super Hi International Holding Ltd.,OTC
9195,0001995413,CLBR,Colombier Acquisition Corp. Ii,NYSE
9196,0001995413,CLBR-UN,Colombier Acquisition Corp. Ii,NYSE
9197,0001995413,CLBR-WT,Colombier Acquisition Corp. Ii,NYSE
9198,0001995520,YB,Yuanbao Inc.,None
9199,0001995569,QETH,Invesco Galaxy Ethereum Etf,CBOE
9200,0001995574,ICON,Icon Energy Corp,Nasdaq
9201,0001995648,AFBL,Afb Ltd,OTC
9202,0001995704,CUPR,Cuprina Holdings (Cayman) Ltd,Nasdaq
9203,0001995807,LB,Landbridge Co Llc,NYSE
9204,0001996192,LSH,Lakeside Holding Ltd,Nasdaq
9205,0001996210,BLMH,"Blum Holdings, Inc.",OTC
9206,0001996450,DMNT,"Dmint, Inc.",None
9207,0001996810,GEV,Ge Vernova Inc.,NYSE
9208,0001996862,BG,Bunge Global Sa,NYSE
9209,0001997201,PSIG,Ps International Group Ltd.,Nasdaq
9210,0001997296,MDCX,Medicus Pharma Ltd.,Nasdaq
9211,0001997296,MDCXW,Medicus Pharma Ltd.,Nasdaq
9212,0001997377,ISOU,Isoenergy Ltd.,None
9213,0001997403,ZENA,"Zenatech, Inc.",Nasdaq
9214,0001997464,MRX,Marex Group Plc,Nasdaq
9215,0001997637,IOTR,Iothree Ltd,Nasdaq
9216,0001997652,TBN,Tamboran Resources Corp,NYSE
9217,0001997652,TBNRL,Tamboran Resources Corp,OTC
9218,0001997698,PRGY,Igta Merger Sub Ltd,None
9219,0001997711,LPA,Logistic Properties Of The Americas,NYSE
9220,0001997799,INKS,Aimfinity Investment Merger Sub I,None
9221,0001997859,WBTN,Webtoon Entertainment Inc.,Nasdaq
9222,0001998043,PDCC,Pearl Diver Credit Co Inc.,NYSE
9223,0001998043,PDPA,Pearl Diver Credit Co Inc.,NYSE
9224,0001998056,PC,Premium Catering (Holdings) Ltd,Nasdaq
9225,0001998284,JRWP,Jingrui Wang Pu Holdings Group Ltd.,None
9226,0001998560,MIMI,Mint Inc Ltd,Nasdaq
9227,0001998768,PAL,"Proficient Auto Logistics, Inc",Nasdaq
9228,0001998781,IBAC,Ib Acquisition Corp.,Nasdaq
9229,0001998781,IBACR,Ib Acquisition Corp.,Nasdaq
9230,0001999001,FUN,Six Flags Entertainment Corporation/New,NYSE
9231,0001999297,DSY,Big Tree Cloud Holdings Ltd,Nasdaq
9232,0001999297,DSYWW,Big Tree Cloud Holdings Ltd,Nasdaq
9233,0001999480,ANRO,"Alto Neuroscience, Inc.",NYSE
9234,0001999860,WYHG,Wing Yip Food Holdings Group Ltd,Nasdaq
9235,0002000046,FETH,Fidelity Ethereum Fund,CBOE
9236,0002000178,LOAR,Loar Holdings Inc.,NYSE
9237,0002000230,BRIA,Brillia Inc,NYSE
9238,0002000366,SCAG,Scage Future,None
9239,0002000410,EURK,Eureka Acquisition Corp,Nasdaq
9240,0002000410,EURKR,Eureka Acquisition Corp,Nasdaq
9241,0002000410,EURKU,Eureka Acquisition Corp,Nasdaq
9242,0002000530,GMHS,Gamehaus Holdings Inc.,Nasdaq
9243,0002000638,ETHA,Ishares Ethereum Trust Etf,Nasdaq
9244,0002000640,DMN,Damon Inc.,Nasdaq
9245,0002000762,GMTH,Gmtech Inc.,OTC
9246,0002000775,BKHA,Black Hawk Acquisition Corp,Nasdaq
9247,0002000775,BKHAR,Black Hawk Acquisition Corp,Nasdaq
9248,0002000775,BKHAU,Black Hawk Acquisition Corp,Nasdaq
9249,0002001184,PACS,"Pacs Group, Inc.",NYSE
9250,0002001288,PN,Skycorp Solar Group Ltd,Nasdaq
9251,0002001557,INV,"Innventure, Inc.",Nasdaq
9252,0002001557,INVLW,"Innventure, Inc.",OTC
9253,0002001699,HPAI,Helport Ai Ltd,Nasdaq
9254,0002001699,HPAIW,Helport Ai Ltd,Nasdaq
9255,0002001794,CIGL,Concorde International Group Ltd.,Nasdaq
9256,0002002038,LEGT,Legato Merger Corp. Iii,NYSE
9257,0002002038,LEGT-UN,Legato Merger Corp. Iii,NYSE
9258,0002002038,LEGT-WT,Legato Merger Corp. Iii,NYSE
9259,0002002045,GCL,Gcl Global Holdings Ltd,Nasdaq
9260,0002002045,GCLWW,Gcl Global Holdings Ltd,Nasdaq
9261,0002002236,SPHL,Springview Holdings Ltd,Nasdaq
9262,0002002453,STAK,Stak Inc.,Nasdaq
9263,0002002473,BOW,Bowhead Specialty Holdings Inc.,NYSE
9264,0002003061,STFS,Star Fashion Culture Holdings Ltd,Nasdaq
9265,0002003750,MGSD,"Maitong Sunshine Cultural Development Co., Ltd",OTC
9266,0002003770,KMYGY,"Kumyang Co., Ltd./Adr",OTC
9267,0002003977,CRE,Cre8 Enterprise Ltd,None
9268,0002004024,LHSW,Lianhe Sowell International Group Ltd,Nasdaq
9269,0002004340,SYNSY,Syensqo Sa/Adr,OTC
9270,0002004385,FGO,Fg Holdings Ltd,None
9271,0002004489,BMGL,Basel Medical Group Ltd,Nasdaq
9272,0002005569,EMPG,Empro Group Inc.,None
9273,0002005951,SW,Smurfit Westrock Plc,NYSE
9274,0002006191,LION,Lionsgate Studios Corp.,Nasdaq
9275,0002006291,CCIX,Churchill Capital Corp Ix/Cayman,Nasdaq
9276,0002006291,CCIXU,Churchill Capital Corp Ix/Cayman,Nasdaq
9277,0002006291,CCIXW,Churchill Capital Corp Ix/Cayman,Nasdaq
9278,0002006468,NUTR,Nusatrip Inc,None
9279,0002006815,VACH,Voyager Acquisition Corp./Cayman Islands,Nasdaq
9280,0002006815,VACHU,Voyager Acquisition Corp./Cayman Islands,Nasdaq
9281,0002006815,VACHW,Voyager Acquisition Corp./Cayman Islands,Nasdaq
9282,0002006925,LNTO,Lelantos Holdings Inc.,OTC
9283,0002006986,ADGM,"Adagio Medical Holdings, Inc.",Nasdaq
9284,0002007191,TLPPF,Telix Pharmaceuticals Ltd,OTC
9285,0002007191,TLX,Telix Pharmaceuticals Ltd,Nasdaq
9286,0002007587,AII,"American Integrity Insurance Group, Llc",None
9287,0002007596,TWFG,"Twfg, Inc.",Nasdaq
9288,0002007599,LAWR,"Robot Consulting Co., Ltd.",None
9289,0002007702,HKPD,Hong Kong Pharma Digital Technology Holdings Ltd,Nasdaq
9290,0002007846,JLHL,Julong Holding Ltd,None
9291,0002007855,VG,"Venture Global, Inc.",NYSE
9292,0002007919,INBX,"Inhibrx Biosciences, Inc.",Nasdaq
9293,0002008007,MAMK,Maxsmaking Inc.,None
9294,0002008670,RCIT,Reelcause Inc,OTC
9295,0002008861,NDOI,"Endo, Inc.",OTC
9296,0002009183,TACH,Titan Acquisition Corp.,None
9297,0002009183,TACHU,Titan Acquisition Corp.,Nasdaq
9298,0002009233,AGRZ,Agroz Inc.,None
9299,0002009312,AGH,Aureus Greenway Holdings Inc,Nasdaq
9300,0002009684,SEG,Seaport Entertainment Group Inc.,NYSE
9301,0002009714,TMDE,Tmd Energy Ltd,NYSE
9302,0002010218,AAS,Antharas Inc,None
9303,0002010499,DGNX,Diginex Ltd,Nasdaq
9304,0002010653,FVN,Future Vision Ii Acquisition Corp.,Nasdaq
9305,0002010653,FVNNR,Future Vision Ii Acquisition Corp.,Nasdaq
9306,0002010653,FVNNU,Future Vision Ii Acquisition Corp.,Nasdaq
9307,0002010788,EXOZ,Exozymes Inc.,Nasdaq
9308,0002010930,ALF,Centurion Acquisition Corp.,Nasdaq
9309,0002010930,ALFUU,Centurion Acquisition Corp.,Nasdaq
9310,0002010930,ALFUW,Centurion Acquisition Corp.,Nasdaq
9311,0002010959,AHMA,Ambitions Enterprise Management Co. L.L.C,None
9312,0002011053,SUUN,Solarbank Corp,Nasdaq
9313,0002011208,SPAI,Safe Pro Group Inc.,Nasdaq
9314,0002011286,AMTM,"Amentum Holdings, Inc.",NYSE
9315,0002011458,ZGM,Zenta Group Co Ltd,None
9316,0002011514,AVR,Anteris Technologies Global Corp.,Nasdaq
9317,0002011535,EZET,Franklin Ethereum Trust,CBOE
9318,0002011641,FERG,Ferguson Enterprises Inc. /De/,NYSE
9319,0002011674,YDES,Yd Bio Ltd,None
9320,0002011954,TWNP,Twin Hospitality Group Inc.,Nasdaq
9321,0002012096,PMAX,Powell Max Ltd,Nasdaq
9322,0002012219,OMSE,Oms Energy Technologies Inc.,None
9323,0002012318,IPCX,Inflection Point Acquisition Corp. Iii,None
9324,0002012318,IPCXU,Inflection Point Acquisition Corp. Iii,Nasdaq
9325,0002012383,BLK,"Blackrock, Inc.",NYSE
9326,0002012593,RAPP,"Rapport Therapeutics, Inc.",Nasdaq
9327,0002012600,RYOJ,"Ryojbaba Co., Ltd.",None
9328,0002012706,SUNS,"Sunrise Realty Trust, Inc.",Nasdaq
9329,0002012726,FDSB,"Fifth District Bancorp, Inc.",Nasdaq
9330,0002012807,RFAI,Rf Acquisition Corp Ii,Nasdaq
9331,0002012807,RFAIR,Rf Acquisition Corp Ii,Nasdaq
9332,0002012807,RFAIU,Rf Acquisition Corp Ii,Nasdaq
9333,0002012964,AAM,Aa Mission Acquisition Corp.,NYSE
9334,0002012964,AAM-UN,Aa Mission Acquisition Corp.,NYSE
9335,0002012964,AAM-WT,Aa Mission Acquisition Corp.,NYSE
9336,0002013099,SFTO,Softto Inc,None
9337,0002013100,VTEK,Vistek Ltd,None
9338,0002013186,TNMG,Tnl Mediagene,Nasdaq
9339,0002013186,TNMWF,Tnl Mediagene,OTC
9340,0002013320,ELOG,Eastern International Ltd.,None
9341,0002013602,FLYB,Flybondi Holdings Plc,None
9342,0002013639,FBLA,"Fb Bancorp, Inc. /Md/",Nasdaq
9343,0002013649,CHA,Chagee Holdings Ltd.,Nasdaq
9344,0002013744,ETHW,Bitwise Ethereum Etf,NYSE
9345,0002013745,CLMT,"Calumet, Inc. /De",Nasdaq
9346,0002013792,EWSB,"Ewsb Bancorp, Inc. /Md/",OTC
9347,0002013807,FOXX,Foxx Development Holdings Inc.,Nasdaq
9348,0002013807,FOXXW,Foxx Development Holdings Inc.,Nasdaq
9349,0002013873,OMNI,Omnigenicsai Corp,None
9350,0002014254,KBSX,Fst Corp.,Nasdaq
9351,0002014596,CON,"Concentra Group Holdings Parent, Inc.",NYSE
9352,0002014955,SDM,Smart Digital Group Ltd,None
9353,0002014982,SIMA,Sim Acquisition Corp. I,Nasdaq
9354,0002014982,SIMAU,Sim Acquisition Corp. I,Nasdaq
9355,0002014982,SIMAW,Sim Acquisition Corp. I,Nasdaq
9356,0002015034,BTC,Grayscale Bitcoin Mini Trust Etf,NYSE
9357,0002015502,LPAA,Launch One Acquisition Corp.,Nasdaq
9358,0002015502,LPAAU,Launch One Acquisition Corp.,Nasdaq
9359,0002015502,LPAAW,Launch One Acquisition Corp.,Nasdaq
9360,0002015691,ELPW,Elong Power Holding Ltd.,Nasdaq
9361,0002015845,ECG,"Everus Construction Group, Inc.",NYSE
9362,0002015947,SBXD,Silverbox Corp Iv,NYSE
9363,0002015947,SBXD-UN,Silverbox Corp Iv,NYSE
9364,0002015947,SBXD-WT,Silverbox Corp Iv,NYSE
9365,0002015955,CUB,Lionheart Holdings,Nasdaq
9366,0002015955,CUBWU,Lionheart Holdings,Nasdaq
9367,0002015955,CUBWW,Lionheart Holdings,Nasdaq
9368,0002016072,MBAV,M3-Brigade Acquisition V Corp.,Nasdaq
9369,0002016072,MBAVU,M3-Brigade Acquisition V Corp.,Nasdaq
9370,0002016072,MBAVW,M3-Brigade Acquisition V Corp.,Nasdaq
9371,0002016221,MACI,Melar Acquisition Corp. I/Cayman,Nasdaq
9372,0002016221,MACIU,Melar Acquisition Corp. I/Cayman,Nasdaq
9373,0002016221,MACIW,Melar Acquisition Corp. I/Cayman,Nasdaq
9374,0002016337,PTLE,Ptl Ltd,Nasdaq
9375,0002016420,CHEB,Chenghe Acquisition Ii Co.,NYSE
9376,0002016420,CHEB-UN,Chenghe Acquisition Ii Co.,NYSE
9377,0002016420,CHEB-WT,Chenghe Acquisition Ii Co.,NYSE
9378,0002017206,MRP,"Millrose Properties, Inc.",NYSE
9379,0002017526,PCSC,Perceptive Capital Solutions Corp,Nasdaq
9380,0002017541,GVSE,Gameverse Interactive Corp,None
9381,0002017732,XZ,Xinzi,None
9382,0002017758,LHAI,Linkhome Holdings Inc.,None
9383,0002017950,DTSQ,Dt Cloud Star Acquisition Corp,Nasdaq
9384,0002017950,DTSQR,Dt Cloud Star Acquisition Corp,Nasdaq
9385,0002017950,DTSQU,Dt Cloud Star Acquisition Corp,Nasdaq
9386,0002018064,TTGT,"Techtarget, Inc.",Nasdaq
9387,0002018145,RDAC,Rising Dragon Acquisition Corp.,Nasdaq
9388,0002018145,RDACR,Rising Dragon Acquisition Corp.,Nasdaq
9389,0002018145,RDACU,Rising Dragon Acquisition Corp.,Nasdaq
9390,0002018269,TYZ,Tong Ying Group,None
9391,0002018462,PCLA,Picocela Inc.,Nasdaq
9392,0002018529,NCT,Intercont (Cayman) Ltd,Nasdaq
9393,0002019042,AVG,Anew Health Ltd,None
9394,0002019061,SOBO,South Bow Corp,NYSE
9395,0002019103,SLSR,Solaris Resources Inc.,NYSE
9396,0002019435,BGL,Blue Gold Ltd,None
9397,0002019505,HIT,"Health In Tech, Inc.",Nasdaq
9398,0002019793,SAFX,"Focus Impact Bh3 Newco, Inc.",None
9399,0002019804,HOND,Hcm Ii Acquisition Corp.,Nasdaq
9400,0002019804,HONDU,Hcm Ii Acquisition Corp.,Nasdaq
9401,0002019804,HONDW,Hcm Ii Acquisition Corp.,Nasdaq
9402,0002020027,CLIK,Click Holdings Ltd.,Nasdaq
9403,0002020228,MSGY,Masonglory Ltd,None
9404,0002020385,TAVI,Tavia Acquisition Corp.,Nasdaq
9405,0002020385,TAVIR,Tavia Acquisition Corp.,Nasdaq
9406,0002020385,TAVIU,Tavia Acquisition Corp.,Nasdaq
9407,0002020455,ETH,Grayscale Ethereum Mini Trust Etf,NYSE
9408,0002020737,CABR,"Caring Brands, Inc.",None
9409,0002020987,YHNA,Yhn Acquisition I Ltd,Nasdaq
9410,0002020987,YHNAR,Yhn Acquisition I Ltd,Nasdaq
9411,0002020987,YHNAU,Yhn Acquisition I Ltd,Nasdaq
9412,0002021042,EQV,Eqv Ventures Acquisition Corp.,NYSE
9413,0002021042,EQV-UN,Eqv Ventures Acquisition Corp.,NYSE
9414,0002021042,EQV-WT,Eqv Ventures Acquisition Corp.,NYSE
9415,0002021688,UFG,Uni-Fuels Holdings Ltd,Nasdaq
9416,0002021880,HMH,Hmh Holding Inc,None
9417,0002021938,SNNRF,Sunrise Communications Ag,OTC
9418,0002021938,SNRBY,Sunrise Communications Ag,OTC
9419,0002021938,SNRE,Sunrise Communications Ag,Nasdaq
9420,0002022308,KIDZ,"Classover Holdings, Inc.",Nasdaq
9421,0002022308,KIDZW,"Classover Holdings, Inc.",Nasdaq
9422,0002022416,SLXN,Silexion Therapeutics Corp,Nasdaq
9423,0002022416,SLXNW,Silexion Therapeutics Corp,Nasdaq
9424,0002022626,UPB,"Upstream Bio, Inc.",Nasdaq
9425,0002023153,HTLM,Homestolife Ltd,Nasdaq
9426,0002023311,AAPG,Ascentage Pharma Group International,Nasdaq
9427,0002023554,SNDK,Sandisk Corp,Nasdaq
9428,0002023658,BCAX,Bicara Therapeutics Inc.,Nasdaq
9429,0002023676,LPBB,Launch Two Acquisition Corp.,Nasdaq
9430,0002023676,LPBBU,Launch Two Acquisition Corp.,Nasdaq
9431,0002023676,LPBBW,Launch Two Acquisition Corp.,Nasdaq
9432,0002023719,GFTTY,Gft Technologies Se/Adr,OTC
9433,0002023730,GIG,Gigcapital7 Corp.,Nasdaq
9434,0002023730,GIGGU,Gigcapital7 Corp.,Nasdaq
9435,0002023730,GIGGW,Gigcapital7 Corp.,Nasdaq
9436,0002023796,FCHL,Fitness Champs Holdings Ltd,None
9437,0002024114,TGHL,Growhub Ltd,None
9438,0002024203,CAPN,Cayson Acquisition Corp,Nasdaq
9439,0002024203,CAPNR,Cayson Acquisition Corp,Nasdaq
9440,0002024203,CAPNU,Cayson Acquisition Corp,Nasdaq
9441,0002024218,SMC,Summit Midstream Corp,NYSE
9442,0002024258,POAS,Phaos Technology (Cayman) Holdings Ltd,None
9443,0002024306,JFB,Jfb Construction Holdings,Nasdaq
9444,0002024459,CHAR,Charlton Aria Acquisition Corp,Nasdaq
9445,0002024459,CHARR,Charlton Aria Acquisition Corp,Nasdaq
9446,0002024459,CHARU,Charlton Aria Acquisition Corp,Nasdaq
9447,0002024460,CHPG,Championsgate Acquisition Corp,None
9448,0002024656,FMFC,Kandal M Venture Ltd,None
9449,0002024876,EDHL,Everbright Digital Holding Ltd.,Nasdaq
9450,0002024899,MFBI,"Monroe Federal Bancorp, Inc.",OTC
9451,0002025049,AURS,Aurous Resources,None
9452,0002025065,BSII,Black Spade Acquisition Ii Co,Nasdaq
9453,0002025065,BSIIU,Black Spade Acquisition Ii Co,Nasdaq
9454,0002025065,BSIIW,Black Spade Acquisition Ii Co,Nasdaq
9455,0002025218,DLXY,Delixy Holdings Ltd,None
9456,0002025341,POLE,Andretti Acquisition Corp. Ii,Nasdaq
9457,0002025341,POLEU,Andretti Acquisition Corp. Ii,Nasdaq
9458,0002025341,POLEW,Andretti Acquisition Corp. Ii,Nasdaq
9459,0002025396,VCIC,Vine Hill Capital Investment Corp.,Nasdaq
9460,0002025396,VCICU,Vine Hill Capital Investment Corp.,Nasdaq
9461,0002025396,VCICW,Vine Hill Capital Investment Corp.,Nasdaq
9462,0002025401,FERA,Fifth Era Acquisition Corp I,Nasdaq
9463,0002025401,FERAR,Fifth Era Acquisition Corp I,Nasdaq
9464,0002025401,FERAU,Fifth Era Acquisition Corp I,Nasdaq
9465,0002025410,SARO,"Standardaero, Inc.",NYSE
9466,0002025608,SOUL,Soulpower Acquisition Corp.,None
9467,0002025608,SOUL-UN,Soulpower Acquisition Corp.,NYSE
9468,0002025942,CURX,Curanex Pharmaceuticals Inc,None
9469,0002026353,ATHR,"Aether Holdings, Inc.",Nasdaq
9470,0002026478,NMAX,Newsmax Inc.,NYSE
9471,0002026514,NAMM,Namib Minerals,None
9472,0002027160,VNTG,Vantage Corp (Singapore),None
9473,0002027265,MB,Masterbeef Group,Nasdaq
9474,0002027317,CURB,Curbline Properties Corp.,NYSE
9475,0002027360,RCT,Redcloud Holdings Plc,Nasdaq
9476,0002027708,CEPO,"Cantor Equity Partners I, Inc.",Nasdaq
9477,0002027722,GRAN,Grande Group Ltd/Hk,None
9478,0002027815,BMHL,Bluemount Holdings Ltd,None
9479,0002028027,NTWO,Newbury Street Ii Acquisition Corp,Nasdaq
9480,0002028027,NTWOU,Newbury Street Ii Acquisition Corp,Nasdaq
9481,0002028027,NTWOW,Newbury Street Ii Acquisition Corp,Nasdaq
9482,0002028177,YOUL,Youlife Group Inc.,None
9483,0002028201,COLA,Columbus Acquisition Corp/Cayman Islands,Nasdaq
9484,0002028201,COLAR,Columbus Acquisition Corp/Cayman Islands,Nasdaq
9485,0002028201,COLAU,Columbus Acquisition Corp/Cayman Islands,Nasdaq
9486,0002028293,RAIN,"Rain Enhancement Technologies Holdco, Inc.",Nasdaq
9487,0002028293,RAINW,"Rain Enhancement Technologies Holdco, Inc.",Nasdaq
9488,0002028336,NEHC,New Era Helium Inc.,Nasdaq
9489,0002028336,NEHCW,New Era Helium Inc.,Nasdaq
9490,0002028355,MAYA,Maywood Acquisition Corp.,Nasdaq
9491,0002028355,MAYAR,Maywood Acquisition Corp.,Nasdaq
9492,0002028355,MAYAU,Maywood Acquisition Corp.,Nasdaq
9493,0002028516,ATII,Archimedes Tech Spac Partners Ii Co.,Nasdaq
9494,0002028516,ATIIU,Archimedes Tech Spac Partners Ii Co.,Nasdaq
9495,0002028516,ATIIW,Archimedes Tech Spac Partners Ii Co.,Nasdaq
9496,0002028614,DMAA,Drugs Made In America Acquisition Corp.,Nasdaq
9497,0002028614,DMAAR,Drugs Made In America Acquisition Corp.,Nasdaq
9498,0002028614,DMAAU,Drugs Made In America Acquisition Corp.,Nasdaq
9499,0002028699,DYNX,Dynamix Corp,Nasdaq
9500,0002028699,DYNXU,Dynamix Corp,Nasdaq
9501,0002028699,DYNXW,Dynamix Corp,Nasdaq
9502,0002028707,BACQ,Bleichroeder Acquisition Corp. I,Nasdaq
9503,0002028707,BACQR,Bleichroeder Acquisition Corp. I,Nasdaq
9504,0002028707,BACQU,Bleichroeder Acquisition Corp. I,Nasdaq
9505,0002028935,FACT,Fact Ii Acquisition Corp.,Nasdaq
9506,0002028935,FACTU,Fact Ii Acquisition Corp.,Nasdaq
9507,0002028935,FACTW,Fact Ii Acquisition Corp.,Nasdaq
9508,0002029023,GSRT,Gsr Iii Acquisition Corp.,Nasdaq
9509,0002029023,GSRTR,Gsr Iii Acquisition Corp.,Nasdaq
9510,0002029023,GSRTU,Gsr Iii Acquisition Corp.,Nasdaq
9511,0002029118,INR,"Infinity Natural Resources, Inc.",NYSE
9512,0002029138,SAGT,Sagtec Global Ltd,Nasdaq
9513,0002029471,HMR,Heidmar Maritime Holdings Corp.,Nasdaq
9514,0002029492,MLAC,Mountain Lake Acquisition Corp.,Nasdaq
9515,0002029492,MLACR,Mountain Lake Acquisition Corp.,Nasdaq
9516,0002029492,MLACU,Mountain Lake Acquisition Corp.,Nasdaq
9517,0002029769,OACC,Oaktree Acquisition Corp. Iii Life Sciences,Nasdaq
9518,0002029769,OACCU,Oaktree Acquisition Corp. Iii Life Sciences,Nasdaq
9519,0002029769,OACCW,Oaktree Acquisition Corp. Iii Life Sciences,Nasdaq
9520,0002029976,KFII,K&F Growth Acquisition Corp. Ii,Nasdaq
9521,0002029976,KFIIR,K&F Growth Acquisition Corp. Ii,Nasdaq
9522,0002029976,KFIIU,K&F Growth Acquisition Corp. Ii,Nasdaq
9523,0002030277,LFS,"Leifras Co., Ltd.",None
9524,0002030482,PLMK,"Plum Acquisition Corp, Iv",Nasdaq
9525,0002030482,PLMKU,"Plum Acquisition Corp, Iv",Nasdaq
9526,0002030482,PLMKW,"Plum Acquisition Corp, Iv",Nasdaq
9527,0002030522,MWYN,"Marwynn Holdings, Inc.",Nasdaq
9528,0002030617,PMI,"Picard Medical, Inc.",None
9529,0002030663,SZZL,Sizzle Acquisition Corp. Ii,None
9530,0002030663,SZZLU,Sizzle Acquisition Corp. Ii,Nasdaq
9531,0002030763,WGRX,"Wellgistics Health, Inc.",Nasdaq
9532,0002030771,QMSK,"Qmsk Technology Co., Ltd",None
9533,0002030781,SAIL,"Sailpoint, Inc.",Nasdaq
9534,0002030829,AIFE,Aifeex Nexus Acquisition Corp.,Nasdaq
9535,0002030829,AIFER,Aifeex Nexus Acquisition Corp.,Nasdaq
9536,0002030829,AIFEU,Aifeex Nexus Acquisition Corp.,Nasdaq
9537,0002030834,ONEG,Oneconstruction Group Ltd,Nasdaq
9538,0002030954,XHLD,"Ten Holdings, Inc.",Nasdaq
9539,0002031009,SKBL,Skyline Builders Group Holding Ltd,Nasdaq
9540,0002031069,NCIQ,Hashdex Nasdaq Crypto Index Us Etf,Nasdaq
9541,0002031561,ALDF,Aldel Financial Ii Inc.,Nasdaq
9542,0002031561,ALDFU,Aldel Financial Ii Inc.,Nasdaq
9543,0002031561,ALDFW,Aldel Financial Ii Inc.,Nasdaq
9544,0002031688,ANPA,Rich Sparkle Holdings Ltd,None
9545,0002032241,UHL,United Hydrogen Global Inc.,None
9546,0002032379,WLAC,Willow Lane Acquisition Corp.,Nasdaq
9547,0002032379,WLACU,Willow Lane Acquisition Corp.,Nasdaq
9548,0002032379,WLACW,Willow Lane Acquisition Corp.,Nasdaq
9549,0002032528,DRDB,Roman Dbdr Acquisition Corp. Ii,Nasdaq
9550,0002032528,DRDBU,Roman Dbdr Acquisition Corp. Ii,Nasdaq
9551,0002032528,DRDBW,Roman Dbdr Acquisition Corp. Ii,Nasdaq
9552,0002032545,CJMB,Callan Jmb Inc.,Nasdaq
9553,0002032755,PFAI,Pinnacle Food Group Ltd,Nasdaq
9554,0002032779,EHLD,Euroholdings Ltd.,Nasdaq
9555,0002032950,HSPT,Horizon Space Acquisition Ii Corp.,Nasdaq
9556,0002032950,HSPTR,Horizon Space Acquisition Ii Corp.,Nasdaq
9557,0002032950,HSPTU,Horizon Space Acquisition Ii Corp.,Nasdaq
9558,0002032966,TIC,Acuren Corp,NYSE
9559,0002032966,TICAW,Acuren Corp,OTC
9560,0002033122,TACO,Berto Acquisition Corp.,None
9561,0002033383,FUSE,Cslm Holdings Inc.,None
9562,0002033515,TOPW,Top Win International Ltd,Nasdaq
9563,0002033535,CMDB,Costamare Bulkers Holdings Ltd,None
9564,0002033593,SVCC,Stellar V Capital Corp. (Cayman Islands),Nasdaq
9565,0002033593,SVCCU,Stellar V Capital Corp. (Cayman Islands),Nasdaq
9566,0002033593,SVCCW,Stellar V Capital Corp. (Cayman Islands),Nasdaq
9567,0002033615,MGNO,"Magnolia Bancorp, Inc.",OTC
9568,0002033684,SQEI,"Squirrel Enlivened International Co., Ltd",None
9569,0002033738,GTSG,Gates Group Inc.,None
9570,0002033770,DAIC,"Cid Holdco, Inc.",None
9571,0002033807,EZPZ,Franklin Crypto Trust,CBOE
9572,0002033991,TVA,Texas Ventures Acquisition Iii Corp,None
9573,0002033991,TVACU,Texas Ventures Acquisition Iii Corp,Nasdaq
9574,0002034037,SDHI,Siddhi Acquisition Corp (Cayman Islands),None
9575,0002034037,SDHIU,Siddhi Acquisition Corp (Cayman Islands),Nasdaq
9576,0002034269,CEPT,"Cantor Equity Partners Ii, Inc.",None
9577,0002034334,AACB,Artius Ii Acquisition Inc.,Nasdaq
9578,0002034334,AACBR,Artius Ii Acquisition Inc.,Nasdaq
9579,0002034334,AACBU,Artius Ii Acquisition Inc.,Nasdaq
9580,0002034520,GIBO,Gibo Holdings Ltd,None
9581,0002035016,RIBB,Ribbon Acquisition Corp.,Nasdaq
9582,0002035016,RIBBR,Ribbon Acquisition Corp.,Nasdaq
9583,0002035016,RIBBU,Ribbon Acquisition Corp.,Nasdaq
9584,0002035149,FLOC,Flowco Holdings Inc.,NYSE
9585,0002035304,TTAM,Titan America Sa,NYSE
9586,0002035644,RANG,Range Capital Acquisition Corp.,Nasdaq
9587,0002035644,RANGR,Range Capital Acquisition Corp.,Nasdaq
9588,0002035644,RANGU,Range Capital Acquisition Corp.,Nasdaq
9589,0002035693,LDIN,Leading Partners Ltd,None
9590,0002035697,PLBL,Polibeli Group Ltd,None
9591,0002035709,PHOE,Phoenix Asia Holdings Ltd,Nasdaq
9592,0002035989,AMRZ,Amrize Ltd,None
9593,0002036042,SION,"Sionna Therapeutics, Inc.",Nasdaq
9594,0002036307,OFAL,Ofa Group,None
9595,0002036973,UYSC,Uy Scuti Acquisition Corp.,None
9596,0002036973,UYSCU,Uy Scuti Acquisition Corp.,Nasdaq
9597,0002037080,QHT,Qinhui Technology International Co. Ltd.,None
9598,0002037431,PELI,Pelican Acquisition Corp,None
9599,0002037646,MDER,Kvac (Cayman) Ltd,None
9600,0002038439,VWAV,"Visionwave Holdings, Inc.",None
9601,0002038688,XDT,Xdata Group,None
9602,0002039058,JACS,Jackson Acquisition Co Ii,NYSE
9603,0002039058,JACS-RI,Jackson Acquisition Co Ii,NYSE
9604,0002039058,JACS-UN,Jackson Acquisition Co Ii,NYSE
9605,0002039060,RBNE,Robin Energy Ltd.,Nasdaq
9606,0002039096,ELCG,Elc Group Holdings Ltd.,None
9607,0002039384,AIAS,Ai Assets Ltd,None
9608,0002039497,RHLD,"Resolute Holdings Management, Inc.",Nasdaq
9609,0002040127,KRMN,Karman Holdings Inc.,NYSE
9610,0002040290,LGPS,Logprostyle Inc.,NYSE
9611,0002040291,CTMB,"Center Mobile Co., Ltd.",None
9612,0002040491,ASIC,Ategrity Specialty Holdings Llc,None
9613,0002040733,GLSA,Green Solar Energy Ltd,None
9614,0002040753,XONI,"Xtreme One Entertainment, Inc.",OTC
9615,0002040807,MTSR,"Metsera, Inc.",Nasdaq
9616,0002041047,IPOD,Dune Acquisition Corp Ii,None
9617,0002041208,TREO,Plum Iii Merger Corp.,None
9618,0002041338,TDIC,Dreamland Ltd,None
9619,0002041675,DCR,Dcr Tech Group Ltd,None
9620,0002041890,HUML,"Humble Energy, Inc./Fl",OTC
9621,0002042176,SMIP,"Spectral Ip, Inc.",None
9622,0002042187,KYFGF,Kyoto Financial Group Inc/Adr,OTC
9623,0002042187,KYTFY,Kyoto Financial Group Inc/Adr,OTC
9624,0002042320,AOAO,Alpha One Inc.,OTC
9625,0002042460,HAVA,Harvard Ave Acquistion Corp,None
9626,0002042694,PRMB,Primo Brands Corp,NYSE
9627,0002043685,VCKB,Vickers Vantage Corp. Ii,None
9628,0002043699,NHIC,Newhold Investment Corp. Iii,Nasdaq
9629,0002043699,NHICU,Newhold Investment Corp. Iii,Nasdaq
9630,0002043699,NHICW,Newhold Investment Corp. Iii,Nasdaq
9631,0002043766,GTER,Globa Terra Acquisition Corp,None
9632,0002044048,SNI,Shenni Holdings Ltd,None
9633,0002044255,ANTA,Antalpha Platform Holding Co,None
9634,0002044327,CFND,C1 Fund Inc.,None
9635,0002044635,GSHR,Gesher Acquisition Corp. Ii,None
9636,0002044635,GSHRU,Gesher Acquisition Corp. Ii,Nasdaq
9637,0002044817,MTNE,Ch4 Natural Solutions Corp,None
9638,0002046573,PTNM,Pitanium Ltd,None
9639,0002046656,HCHL,Happy City Holdings Ltd,None
9640,0002046914,AXY,Wise Ocean Group Inc,None
9641,0002046919,RNBW,Rainbow Capital Holdings Ltd,None
9642,0002047235,WSBK,"Winchester Bancorp, Inc./Md/",None
9643,0002047273,BUUU,Buuu Group Ltd,None
9644,0002047455,QSEA,Quartzsea Acquisition Corp,None
9645,0002047455,QSEAU,Quartzsea Acquisition Corp,Nasdaq
9646,0002047497,RAC,Rithm Acquisition Corp.,NYSE
9647,0002047497,RAC-UN,Rithm Acquisition Corp.,NYSE
9648,0002047497,RAC-WT,Rithm Acquisition Corp.,NYSE
9649,0002047713,DTDT,Dt House Ltd,None
9650,0002048519,AEBI,Aebi Schmidt Holding Ag,None
9651,0002048948,NPAC,New Providence Acquisition Corp. Iii/Cayman,None
9652,0002048948,NPACU,New Providence Acquisition Corp. Iii/Cayman,Nasdaq
9653,0002048951,LOKV,Live Oak Acquisition Corp. V,Nasdaq
9654,0002048951,LOKVU,Live Oak Acquisition Corp. V,Nasdaq
9655,0002048951,LOKVW,Live Oak Acquisition Corp. V,Nasdaq
9656,0002049248,LCCC,Lakeshore Acquisition Iii Corp.,None
9657,0002050020,HCPC,Henghong Technology Inc.,None
9658,0002050501,BLUW,Blue Water Acquisition Corp. Iii,None
9659,0002051380,PEW,Grabagun Digital Holdings Inc.,None
9660,0002051587,BSAA,Best Spac I Acquistion Corp.,None
9661,0002051820,MLCI,"Yukon New Parent, Inc.",None
9662,0002052161,RAAQ,Real Asset Acquisition Corp.,None
9663,0002052162,DAAQ,Digital Asset Acquisition Corp.,None
9664,0002052243,TWLV,Twelve Seas Investment Co Iii/Cayman,None
9665,0002052547,EGHA,Egh Acquisition Corp.,None
9666,0002053456,TGE,Generation Essentials Group,None
9667,0002053906,BGO,"Bialgo Commercial Operation Management Co., Ltd",None
9668,0002054174,CHAC,Crane Harbor Acquisition Corp.,None
9669,0002054174,CHACU,Crane Harbor Acquisition Corp.,Nasdaq
9670,0002055012,CCAC,Ccis Acquisition Corp,None
9671,0002055116,KG,Ranger Bermuda Topco Ltd,None
9672,0002055459,RDAG,Republic Digital Acquisition Co,None
9673,0002055879,VNME,Vendome Acquisition Corp I,None
9674,0002057463,GLIBA,"Gci Liberty, Inc.",None
9675,0002058359,CRA,Cal Redwood Acquisition Corp.,None
9676,0002058758,AVBC,"Avidia Bancorp, Inc.",None
9677,0002059729,TMRD,Timber Road Acquisition Corp,None
9678,0002061473,PMTR,Perimeter Acquisition Corp. I,None
