filedFor,nameOfIssuer,ticker,no_shares,value
2013-06-30,AMERICAN EXPRESS CO,AXP,151610700,11334417000
2013-06-30,BANK OF NEW YORK MELLON CORP,BK,24644029,691264000
2013-06-30,CHICAGO BRIDGE & IRON CO N V,CBI,9550755,569798000
2013-06-30,COCA COLA CO,KO,400000000,16044001000
2013-06-30,CONOCOPHILLIPS,COP,24123911,1459497000
2013-06-30,COSTCO WHSL CORP NEW,COST,4333363,479140000
2013-06-30,DAVITA HEALTHCARE PARTNERS I,DVA,14973906,1808848000
2013-06-30,DEERE & CO,DE,3978767,323275000
2013-06-30,DIRECTV,DTV1,37275400,2297655000
2013-06-30,DISH NETWORK CORP,DISH,547312,23272000
2013-06-30,EXXON MOBIL CORP,XOM,31244110,2822906
2013-06-30,GENERAL ELECTRIC CO,GE,588900,13657000
2013-06-30,GENERAL MTRS CO,GM,40000000,1332400000
2013-06-30,INTERNATIONAL BUSINESS MACHS,IBM,68121984,13018792000
2013-06-30,JOHNSON & JOHNSON,JNJ,327100,28085000
2013-06-30,KRAFT FOODS GROUP INC,KRFT,192666,10764000
2013-06-30,LEE ENTERPRISES INC,LEE,88863,181000
2013-06-30,LIBERTY MEDIA CORP DELAWARE,FWONA,5622340,712688000
2013-06-30,M & T BK CORP,MTB,5382040,601444000
2013-06-30,MASTERCARD INC,MA,405000,232673000
2013-06-30,MEDIA GEN INC,MEG1,4646220,51248000
2013-06-30,MONDELEZ INTL INC,MDLZ,578000,16490000
2013-06-30,MOODYS CORP,MCO,24922178,1518508000
2013-06-30,NATIONAL OILWELL VARCO INC,NOV,8880000,611832000
2013-06-30,PHILLIPS 66,PSX,27163918,1600226000
2013-06-30,PRECISION CASTPARTS CORP,PCP,1977336,446898000
2013-06-30,PROCTER & GAMBLE CO,PG,52793078,4064539000
2013-06-30,STARZ,STRZA,5622340,124254000
2013-06-30,TORCHMARK CORP,GL,4235818,275921000
2013-06-30,U S G CORP,USG,17072192,393514000
2013-06-30,UNITED PARCEL SERVICE INC,UPS,59400,5137000
2013-06-30,US BANCORP DEL,USB,78277301,2829725000
2013-06-30,VERISIGN INC,VRSN,10897420,486679000
2013-06-30,VERISK ANALYTICS INC,VRSK,1563434,93337000
2013-06-30,VIACOM INC NEW,VIAB,7607200,517518000
2013-06-30,VISA INC,V,1555459,284260000
2013-06-30,WABCO HLDGS INC,WBC,4076325,304461000
2013-06-30,WAL MART STORES INC,WMT,49247235,3668426000
2013-06-30,WASHINGTON POST CO,GHC,1727765,835840000
2013-06-30,WELLS FARGO & CO NEW,WFC,463131623,19113442000
2013-09-30,AMERICAN EXPRESS CO,AXP,151610700,11449640000
2013-09-30,BANK OF NEW YORK MELLON CORP,BK,24652836,744269000
2013-09-30,CHICAGO BRIDGE & IRON CO N V,CBI,9550755,647254000
2013-09-30,COCA COLA CO,KO,400000000,15152001000
2013-09-30,CONOCOPHILLIPS,COP,13529270,940419000
2013-09-30,COSTCO WHSL CORP NEW,COST,4333363,499073000
2013-09-30,DAVITA HEALTHCARE PARTNERS I,DVA,31446830,1789325000
2013-09-30,DEERE & CO,DE,3978767,323832000
2013-09-30,DIRECTV,DTV1,36514700,2182848000
2013-09-30,DISH NETWORK CORP,DISH,547312,24635000
2013-09-30,EXXON MOBIL CORP,XOM,40089371,3449290000
2013-09-30,GENERAL ELECTRIC CO,GE,588900,14069000
2013-09-30,GENERAL MTRS CO,GM,40000000,1438800000
2013-09-30,INTERNATIONAL BUSINESS MACHS,IBM,68121984,12614828000
2013-09-30,JOHNSON & JOHNSON,JNJ,327100,28356000
2013-09-30,KRAFT FOODS GROUP INC,KRFT,192666,10111000
2013-09-30,LEE ENTERPRISES INC,LEE,88863,235000
2013-09-30,LIBERTY MEDIA CORP DELAWARE,FWONA,5622340,827327000
2013-09-30,M & T BK CORP,MTB,5382040,602358000
2013-09-30,MASTERCARD INC,MA,405000,272476000
2013-09-30,MEDIA GEN INC,MEG1,4646220,66255000
2013-09-30,MONDELEZ INTL INC,MDLZ,578000,18161000
2013-09-30,MOODYS CORP,MCO,24922178,1752777000
2013-09-30,NATIONAL OILWELL VARCO INC,NOV,8880000,693617000
2013-09-30,PHILLIPS 66,PSX,27163918,1570618000
2013-09-30,PRECISION CASTPARTS CORP,PCP,1977336,449330000
2013-09-30,PROCTER & GAMBLE CO,PG,52793078,3990629000
2013-09-30,STARZ,STRZA,5622340,158156000
2013-09-30,TORCHMARK CORP,GL,4235818,306461000
2013-09-30,U S G CORP,USG,17072192,487923000
2013-09-30,UNITED PARCEL SERVICE INC,UPS,59400,5427000
2013-09-30,US BANCORP DEL,USB,79117501,2894119000
2013-09-30,VERISIGN INC,VRSN,10961520,557832000
2013-09-30,VERISK ANALYTICS INC,VRSK,1563434,101561000
2013-09-30,VIACOM INC NEW,VIAB,7607200,635809000
2013-09-30,VISA INC,V,1555459,297248000
2013-09-30,WABCO HLDGS INC,WBC,4076325,343471000
2013-09-30,WAL MART STORES INC,WMT,49247235,3642325000
2013-09-30,WASHINGTON POST CO,GHC,1727765,1056270000
2013-09-30,WELLS FARGO & CO NEW,WFC,463131623,19136598000
2013-12-31,AMERICAN EXPRESS CO,AXP,151610700,13755639000
2013-12-31,BANK OF NEW YORK MELLON CORP,BK,24652836,861370000
2013-12-31,CHICAGO BRIDGE & IRON CO N V,CBI,9550755,794050000
2013-12-31,COCA COLA CO,KO,400000000,16524000000
2013-12-31,CONOCOPHILLIPS,COP,11079958,782799000
2013-12-31,COSTCO WHSL CORP NEW,COST,4333363,515757000
2013-12-31,DAVITA HEALTHCARE PARTNERS I,DVA,36461294,2310552000
2013-12-31,DEERE & CO,DE,3978767,363381000
2013-12-31,DIRECTV,DTV1,36514700,2521705000
2013-12-31,EXXON MOBIL CORP,XOM,41129643,4162320000
2013-12-31,GENERAL ELECTRIC CO,GE,10585502,296712000
2013-12-31,GENERAL MTRS CO,GM,40000000,1634800000
2013-12-31,GOLDMAN SACHS GROUP INC,GS,12631531,2239065000
2013-12-31,GRAHAM HLDGS CO,GHC,1727765,1146062000
2013-12-31,INTERNATIONAL BUSINESS MACHS,IBM,68121984,12777641000
2013-12-31,JOHNSON & JOHNSON,JNJ,327100,29959000
2013-12-31,KRAFT FOODS GROUP INC,KRFT,192666,10387000
2013-12-31,LEE ENTERPRISES INC,LEE,88863,308000
2013-12-31,LIBERTY GLOBAL PLC,LBTYA,2948285,262397000
2013-12-31,LIBERTY MEDIA CORP DELAWARE,FWONA,5300000,775347000
2013-12-31,M & T BK CORP,MTB,5382040,626576000
2013-12-31,MASTERCARD INC,MA,405000,338361000
2013-12-31,MEDIA GEN INC,MEG1,4646220,105005000
2013-12-31,MONDELEZ INTL INC,MDLZ,578000,20403000
2013-12-31,MOODYS CORP,MCO,24669778,1935837000
2013-12-31,NATIONAL OILWELL VARCO INC,NOV,8880000,706226000
2013-12-31,PHILLIPS 66,PSX,27163918,2095153000
2013-12-31,PRECISION CASTPARTS CORP,PCP,1977336,532496000
2013-12-31,PROCTER & GAMBLE CO,PG,52793078,4297885000
2013-12-31,STARZ,STRZA,4541881,132804000
2013-12-31,TORCHMARK CORP,GL,4235818,331029000
2013-12-31,U S G CORP,USG,34890174,990184000
2013-12-31,UNITED PARCEL SERVICE INC,UPS,59400,6242000
2013-12-31,US BANCORP DEL,USB,79320901,3204565000
2013-12-31,VERISIGN INC,VRSN,10961520,655280000
2013-12-31,VERISK ANALYTICS INC,VRSK,1563434,102749000
2013-12-31,VIACOM INC NEW,VIAB,7607200,664412000
2013-12-31,VISA INC,V,1555459,346370000
2013-12-31,WABCO HLDGS INC,WBC,4076325,380770000
2013-12-31,WAL MART STORES INC,WMT,49483733,3893875000
2013-12-31,WELLS FARGO & CO NEW,WFC,463458123,21040998000
2014-03-31,AMERICAN EXPRESS CO,AXP,151610700,13649511000
2014-03-31,BANK OF NEW YORK MELLON CORP,BK,24652836,869997000
2014-03-31,CHICAGO BRIDGE & IRON CO N V,CBI,9550755,832348000
2014-03-31,COCA COLA CO,KO,400000000,15464001000
2014-03-31,CONOCOPHILLIPS,COP,11079958,779475000
2014-03-31,COSTCO WHSL CORP NEW,COST,4333363,483950000
2014-03-31,DAVITA HEALTHCARE PARTNERS I,DVA,37621152,2590216000
2014-03-31,DEERE & CO,DE,3978767,361272000
2014-03-31,DIRECTV,DTV1,34514700,2637614000
2014-03-31,EXXON MOBIL CORP,XOM,41129643,4017544000
2014-03-31,GENERAL ELECTRIC CO,GE,10585502,274059000
2014-03-31,GENERAL MTRS CO,GM,30000000,1032600000
2014-03-31,GOLDMAN SACHS GROUP INC,GS,12631531,2069676000
2014-03-31,GRAHAM HLDGS CO,GHC,1727765,1215915000
2014-03-31,INTERNATIONAL BUSINESS MACHS,IBM,68355084,13157670000
2014-03-31,JOHNSON & JOHNSON,JNJ,327100,32131000
2014-03-31,KRAFT FOODS GROUP INC,KRFT,192666,10809000
2014-03-31,LEE ENTERPRISES INC,LEE,88863,397000
2014-03-31,LIBERTY GLOBAL PLC,LBTYA,7346968,305634000
2014-03-31,LIBERTY GLOBAL PLC,LBTYK,7346968,299095000
2014-03-31,LIBERTY MEDIA CORP DELAWARE,FWONA,5300000,692869000
2014-03-31,M & T BK CORP,MTB,5382040,652842000
2014-03-31,MASTERCARD INC,MA,4050000,302535000
2014-03-31,MEDIA GEN INC,MEG1,4646220,85351000
2014-03-31,MONDELEZ INTL INC,MDLZ,578000,19970000
2014-03-31,MOODYS CORP,MCO,24669778,1956807000
2014-03-31,NATIONAL OILWELL VARCO INC,NOV,8880000,691486000
2014-03-31,PHILLIPS 66,PSX,9741303,750664000
2014-03-31,PRECISION CASTPARTS CORP,PCP,1977336,499792000
2014-03-31,PROCTER & GAMBLE CO,PG,52793078,4255122000
2014-03-31,STARZ,STRZA,1919541,61963000
2014-03-31,TORCHMARK CORP,GL,4235818,333359000
2014-03-31,U S G CORP,USG,34890174,1141607000
2014-03-31,UNITED PARCEL SERVICE INC,UPS,59400,5784000
2014-03-31,US BANCORP DEL,USB,80026697,3429944000
2014-03-31,VERISIGN INC,VRSN,11685654,629974000
2014-03-31,VERISK ANALYTICS INC,VRSK,1563434,93744000
2014-03-31,VERIZON COMMUNICATIONS INC,VZ,11022743,524352000
2014-03-31,VIACOM INC NEW,VIAB,7607200,646535000
2014-03-31,VISA INC,V,1555459,335761000
2014-03-31,WABCO HLDGS INC,WBC,4076325,430297000
2014-03-31,WAL MART STORES INC,WMT,58052412,4436946000
2014-03-31,WELLS FARGO & CO NEW,WFC,463458123,23052408000
2014-06-30,AMERICAN EXPRESS CO,AXP,151610700,14383308000
2014-06-30,BANK OF NEW YORK MELLON CORP,BK,24652836,923989000
2014-06-30,CHARTER COMMUNICATIONS INC D,CHTR,2309013,365701000
2014-06-30,CHICAGO BRIDGE & IRON CO N V,CBI,10701110,729816000
2014-06-30,COCA COLA CO,KO,400000000,16944000000
2014-06-30,CONOCOPHILLIPS,COP,1355228,116184000
2014-06-30,COSTCO WHSL CORP NEW,COST,4333363,499030000
2014-06-30,DAVITA HEALTHCARE PARTNERS I,DVA,37621152,2720762000
2014-06-30,DEERE & CO,DE,3978767,360277000
2014-06-30,DIRECTV,DTV1,23467995,1995014000
2014-06-30,EXXON MOBIL CORP,XOM,41129643,4140932000
2014-06-30,GENERAL ELECTRIC CO,GE,10585502,278186000
2014-06-30,GENERAL MTRS CO,GM,32960056,1196451000
2014-06-30,GOLDMAN SACHS GROUP INC,GS,12631531,2115024000
2014-06-30,GRAHAM HLDGS CO,GHC,107575,77251000
2014-06-30,INTERNATIONAL BUSINESS MACHS,IBM,70173978,12720437000
2014-06-30,JOHNSON & JOHNSON,JNJ,327100,34221000
2014-06-30,KRAFT FOODS GROUP INC,KRFT,192666,11550000
2014-06-30,LEE ENTERPRISES INC,LEE,88863,395000
2014-06-30,LIBERTY GLOBAL PLC,LBTYA,9866546,436299000
2014-06-30,LIBERTY GLOBAL PLC,LBTYK,7346968,310850000
2014-06-30,LIBERTY MEDIA CORP DELAWARE,FWONA,4000000,546720000
2014-06-30,M & T BK CORP,MTB,5382040,667642000
2014-06-30,MASTERCARD INC,MA,4050000,297554000
2014-06-30,MEDIA GEN INC,MEG1,4646220,95387000
2014-06-30,MONDELEZ INTL INC,MDLZ,578000,21739000
2014-06-30,MOODYS CORP,MCO,24669778,2162553000
2014-06-30,NATIONAL OILWELL VARCO INC,NOV,7302278,601342000
2014-06-30,NOW INC,DNOW,1825569,66104000
2014-06-30,PHILLIPS 66,PSX,6495800,522457000
2014-06-30,PRECISION CASTPARTS CORP,PCP,1876622,473659000
2014-06-30,PROCTER & GAMBLE CO,PG,52793078,4149008000
2014-06-30,TORCHMARK CORP,GL,4235818,346998000
2014-06-30,U S G CORP,USG,39002016,1175131000
2014-06-30,UNITED PARCEL SERVICE INC,UPS,59400,6098000
2014-06-30,US BANCORP DEL,USB,80094497,3469692000
2014-06-30,VERISIGN INC,VRSN,12985000,633798000
2014-06-30,VERISK ANALYTICS INC,VRSK,1563434,93837000
2014-06-30,VERIZON COMMUNICATIONS INC,VZ,15000928,733996000
2014-06-30,VIACOM INC NEW,VIAB,7607200,659772000
2014-06-30,VISA INC,V,1799749,379225000
2014-06-30,WABCO HLDGS INC,WBC,4076325,435433000
2014-06-30,WAL MART STORES INC,WMT,58797259,4413910000
2014-06-30,WELLS FARGO & CO NEW,WFC,463458123,24359359000
2014-09-30,AMERICAN EXPRESS CO,AXP,151610700,13272002000
2014-09-30,BANK OF NEW YORK MELLON CORP,BK,23377603,905413000
2014-09-30,CHARTER COMMUNICATIONS INC D,CHTR,4950096,749296000
2014-09-30,CHICAGO BRIDGE & IRON CO N V,CBI,10701110,619059000
2014-09-30,COCA COLA CO,KO,400000000,17064001000
2014-09-30,CONOCOPHILLIPS,COP,471994,36117000
2014-09-30,COSTCO WHSL CORP NEW,COST,4333363,543057000
2014-09-30,DAVITA HEALTHCARE PARTNERS I,DVA,37621152,2751611000
2014-09-30,DEERE & CO,DE,7567397,620451
2014-09-30,DIRECTV,DTV1,30000000,2595600000
2014-09-30,EXPRESS SCRIPTS HLDG CO,ESRX,449489,31747000
2014-09-30,EXXON MOBIL CORP,XOM,41129643,3868243000
2014-09-30,GENERAL ELECTRIC CO,GE,10585502,271200000
2014-09-30,GENERAL MTRS CO,GM,40000000,1277600000
2014-09-30,GOLDMAN SACHS GROUP INC,GS,12631531,2318769000
2014-09-30,GRAHAM HLDGS CO,GHC,107575,75259000
2014-09-30,INTERNATIONAL BUSINESS MACHS,IBM,70478012,13378840000
2014-09-30,JOHNSON & JOHNSON,JNJ,327100,34866000
2014-09-30,KRAFT FOODS GROUP INC,KRFT,192666,10866000
2014-09-30,LEE ENTERPRISES INC,LEE,88863,300000
2014-09-30,LIBERTY GLOBAL PLC,LBTYA,10401007,442459000
2014-09-30,LIBERTY GLOBAL PLC,LBTYK,7346968,301336000
2014-09-30,LIBERTY MEDIA CORP DELAWARE,FWONA,4000000,188720000
2014-09-30,LIBERTY MEDIA CORP DELAWARE,FWONK,8000000,375920000
2014-09-30,M & T BK CORP,MTB,5382040,663552000
2014-09-30,MASTERCARD INC,MA,4715400,348562000
2014-09-30,MEDIA GEN INC,MEG1,4646220,60912000
2014-09-30,MONDELEZ INTL INC,MDLZ,578000,19805000
2014-09-30,MOODYS CORP,MCO,24669778,2331294000
2014-09-30,NATIONAL OILWELL VARCO INC,NOV,6382360,485698000
2014-09-30,NOW INC,DNOW,1825569,55515000
2014-09-30,PHILLIPS 66,PSX,6202400,504317000
2014-09-30,PRECISION CASTPARTS CORP,PCP,2082222,493237000
2014-09-30,PROCTER & GAMBLE CO,PG,52793078,4420893000
2014-09-30,TORCHMARK CORP,GL,6353727,332745000
2014-09-30,U S G CORP,USG,39002016,1072166000
2014-09-30,UNITED PARCEL SERVICE INC,UPS,59400,5838000
2014-09-30,US BANCORP DEL,USB,80094497,3350353000
2014-09-30,VERISIGN INC,VRSN,12985000,715733000
2014-09-30,VERISK ANALYTICS INC,VRSK,1563434,95197000
2014-09-30,VERIZON COMMUNICATIONS INC,VZ,15000928,749897000
2014-09-30,VIACOM INC NEW,VIAB,7708200,593069000
2014-09-30,VISA INC,V,2146290,457954000
2014-09-30,WABCO HLDGS INC,WBC,4076325,370742000
2014-09-30,WAL MART STORES INC,WMT,60385293,4617663000
2014-09-30,WELLS FARGO & CO NEW,WFC,463458123,24039574000
2014-12-31,AMERICAN EXPRESS CO,AXP,151610700,14105859000
2014-12-31,BANK OF NEW YORK MELLON CORP,BK,22012603,893050000
2014-12-31,CHARTER COMMUNICATIONS INC D,CHTR,6198237,1032751000
2014-12-31,CHICAGO BRIDGE & IRON CO N V,CBI,10701110,449233000
2014-12-31,COCA COLA CO,KO,400000000,16887999000
2014-12-31,COSTCO WHSL CORP NEW,COST,4333363,614254000
2014-12-31,DAVITA HEALTHCARE PARTNERS I,DVA,38565570,2920956000
2014-12-31,DEERE & CO,DE,17096886,1512562000
2014-12-31,DIRECTV,DTV1,31353468,2718346000
2014-12-31,GENERAL ELECTRIC CO,GE,10585502,267496000
2014-12-31,GENERAL MTRS CO,GM,41000000,1431311000
2014-12-31,GOLDMAN SACHS GROUP INC,GS,12631531,2448370000
2014-12-31,GRAHAM HLDGS CO,GHC,107575,92914000
2014-12-31,INTERNATIONAL BUSINESS MACHS,IBM,76971817,12349358000
2014-12-31,JOHNSON & JOHNSON,JNJ,327100,34205000
2014-12-31,KRAFT FOODS GROUP INC,KRFT,192666,12072000
2014-12-31,LEE ENTERPRISES INC,LEE,88863,327000
2014-12-31,LIBERTY GLOBAL PLC,LBTYA,10816324,543034000
2014-12-31,LIBERTY GLOBAL PLC,LBTYK,7346968,354932000
2014-12-31,LIBERTY MEDIA CORP DELAWARE,FWONA,4000000,141080000
2014-12-31,LIBERTY MEDIA CORP DELAWARE,FWONK,8000000,280240000
2014-12-31,M & T BK CORP,MTB,5382040,676093000
2014-12-31,MASTERCARD INC,MA,5399756,465243000
2014-12-31,MEDIA GEN INC NEW,MEG1,4646220,77731000
2014-12-31,MONDELEZ INTL INC,MDLZ,578000,20996000
2014-12-31,MOODYS CORP,MCO,24669778,2363611000
2014-12-31,NATIONAL OILWELL VARCO INC,NOV,5258385,344582000
2014-12-31,NOW INC,DNOW,1825569,46972000
2014-12-31,PHILLIPS 66,PSX,6567600,470897000
2014-12-31,PRECISION CASTPARTS CORP,PCP,2853688,687396000
2014-12-31,PROCTER & GAMBLE CO,PG,52793078,4808922000
2014-12-31,RESTAURANT BRANDS INTL INC,QSR,8438225,329428000
2014-12-31,TORCHMARK CORP,GL,6353727,344181000
2014-12-31,TWENTY FIRST CENTY FOX INC,TFCFA,4747397,182324000
2014-12-31,U S G CORP,USG,39002016,1091666000
2014-12-31,UNITED PARCEL SERVICE INC,UPS,59400,6603000
2014-12-31,US BANCORP DEL,USB,80094497,3600249000
2014-12-31,VERISIGN INC,VRSN,12985000,740145000
2014-12-31,VERISK ANALYTICS INC,VRSK,1563434,100138000
2014-12-31,VERIZON COMMUNICATIONS INC,VZ,15000928,701743000
2014-12-31,VIACOM INC NEW,VIAB,8634190,649723000
2014-12-31,VISA INC,V,2509290,657936000
2014-12-31,WABCO HLDGS INC,WBC,4076325,427117000
2014-12-31,WAL MART STORES INC,WMT,60385293,5185887000
2014-12-31,WELLS FARGO & CO NEW,WFC,463458123,25406775000
2015-03-31,AMERICAN EXPRESS CO,AXP,151610700,11843828000
2015-03-31,BANK OF NEW YORK MELLON CORP,BK,20680420,832180000
2015-03-31,CHARTER COMMUNICATIONS INC D,CHTR,5979136,1154631000
2015-03-31,CHICAGO BRIDGE & IRON CO N V,CBI,10701110,527137000
2015-03-31,COCA COLA CO,KO,400000000,16220000000
2015-03-31,COSTCO WHSL CORP NEW,COST,4333363,656483000
2015-03-31,DAVITA HEALTHCARE PARTNERS I,DVA,38565570,3134610000
2015-03-31,DEERE & CO,DE,17310090,1517922000
2015-03-31,DIRECTV,DTV1,31353468,2668181000
2015-03-31,GENERAL ELECTRIC CO,GE,10585502,262628000
2015-03-31,GENERAL MTRS CO,GM,41000000,1537501000
2015-03-31,GOLDMAN SACHS GROUP INC,GS,12631531,2374349000
2015-03-31,GRAHAM HLDGS CO,GHC,107575,112914000
2015-03-31,INTERNATIONAL BUSINESS MACHS,IBM,79565115,12770201000
2015-03-31,JOHNSON & JOHNSON,JNJ,327100,32906000
2015-03-31,KRAFT FOODS GROUP INC,KRFT,192666,16784000
2015-03-31,LEE ENTERPRISES INC,LEE,88863,282000
2015-03-31,LIBERTY GLOBAL PLC,LBTYA,10342793,532344000
2015-03-31,LIBERTY GLOBAL PLC,LBTYK,7346968,365952000
2015-03-31,LIBERTY MEDIA CORP DELAWARE,FWONA,4000000,154200000
2015-03-31,LIBERTY MEDIA CORP DELAWARE,FWONK,8000000,305600000
2015-03-31,M & T BK CORP,MTB,5382040,683519000
2015-03-31,MASTERCARD INC,MA,5229756,451799000
2015-03-31,MEDIA GEN INC NEW,MEG1,4646220,76616000
2015-03-31,MONDELEZ INTL INC,MDLZ,578000,20860000
2015-03-31,MOODYS CORP,MCO,24669778,2560723000
2015-03-31,NATIONAL OILWELL VARCO INC,NOV,1978895,98925000
2015-03-31,NOW INC,DNOW,1825569,39506000
2015-03-31,PHILLIPS 66,PSX,7499450,589457000
2015-03-31,PRECISION CASTPARTS CORP,PCP,4200792,882166000
2015-03-31,PROCTER & GAMBLE CO,PG,52793078,4325865000
2015-03-31,RESTAURANT BRANDS INTL INC,QSR,8438225,324112000
2015-03-31,TORCHMARK CORP,GL,6353727,348947000
2015-03-31,TWENTY FIRST CENTY FOX INC,TFCFA,6228097,210759000
2015-03-31,U S G CORP,USG,39002016,1041354000
2015-03-31,UNITED PARCEL SERVICE INC,UPS,59400,5758000
2015-03-31,US BANCORP DEL,USB,83773390,3658385000
2015-03-31,VERISIGN INC,VRSN,12985000,869605000
2015-03-31,VERISK ANALYTICS INC,VRSK,1563434,111629000
2015-03-31,VERIZON COMMUNICATIONS INC,VZ,15000928,729495000
2015-03-31,VIACOM INC NEW,VIAB,8265079,564505000
2015-03-31,VISA INC,V,9885160,646588000
2015-03-31,WABCO HLDGS INC,WBC,3863195,474709000
2015-03-31,WAL MART STORES INC,WMT,60385293,4966691000
2015-03-31,WELLS FARGO & CO NEW,WFC,470292359,25583903000
2015-06-30,AMERICAN EXPRESS CO,AXP,151610700,11783184000
2015-06-30,AXALTA COATING SYS LTD,AXTA,20000000,661600000
2015-06-30,BANK OF NEW YORK MELLON CORP,BK,20680420,867957000
2015-06-30,CHARTER COMMUNICATIONS INC D,CHTR,8514678,1458139000
2015-06-30,CHICAGO BRIDGE & IRON CO N V,CBI,9326921,466719000
2015-06-30,COCA COLA CO,KO,400000000,15692001000
2015-06-30,COSTCO WHSL CORP NEW,COST,4333363,585264000
2015-06-30,DAVITA HEALTHCARE PARTNERS I,DVA,38565570,3064805000
2015-06-30,DEERE & CO,DE,17310090,1679944000
2015-06-30,DIRECTV,DTV1,31353468,2909288000
2015-06-30,GENERAL ELECTRIC CO,GE,10585502,281257000
2015-06-30,GENERAL MTRS CO,GM,41000000,1366530000
2015-06-30,GOLDMAN SACHS GROUP INC,GS,12631531,2637337000
2015-06-30,GRAHAM HLDGS CO,GHC,107575,115649000
2015-06-30,INTERNATIONAL BUSINESS MACHS,IBM,79565115,12942062000
2015-06-30,JOHNSON & JOHNSON,JNJ,327100,31879000
2015-06-30,KRAFT FOODS GROUP INC,KRFT,192666,16404000
2015-06-30,LEE ENTERPRISES INC,LEE,88863,296000
2015-06-30,LIBERTY GLOBAL PLC,LBTYA,10342793,559234000
2015-06-30,LIBERTY GLOBAL PLC,LBTYK,7346968,371977000
2015-06-30,LIBERTY MEDIA CORP DELAWARE,FWONA,4000000,144160000
2015-06-30,LIBERTY MEDIA CORP DELAWARE,FWONK,8000000,287200000
2015-06-30,M & T BK CORP,MTB,5382040,672379000
2015-06-30,MASTERCARD INC,MA,5229756,488878000
2015-06-30,MEDIA GEN INC NEW,MEG1,4646220,76756000
2015-06-30,MONDELEZ INTL INC,MDLZ,578000,23779000
2015-06-30,MOODYS CORP,MCO,24669778,2663349000
2015-06-30,NOW INC,DNOW,1825569,36348000
2015-06-30,PHILLIPS 66,PSX,29697948,2392467
2015-06-30,PRECISION CASTPARTS CORP,PCP,4200792,839612000
2015-06-30,PROCTER & GAMBLE CO,PG,52793078,4130531000
2015-06-30,RESTAURANT BRANDS INTL INC,QSR,8438225,322425000
2015-06-30,TORCHMARK CORP,GL,6353727,369915000
2015-06-30,TWENTY FIRST CENTY FOX INC,TFCFA,6228097,202693000
2015-06-30,U S G CORP,USG,39002016,1083866000
2015-06-30,UNITED PARCEL SERVICE INC,UPS,59400,5756000
2015-06-30,US BANCORP DEL,USB,85063167,3691742000
2015-06-30,VERISIGN INC,VRSN,12985000,801434000
2015-06-30,VERISK ANALYTICS INC,VRSK,1563434,113755000
2015-06-30,VERIZON COMMUNICATIONS INC,VZ,15000928,699193000
2015-06-30,VIACOM INC NEW,VIAB,5646721,365004000
2015-06-30,VISA INC,V,9885160,663788000
2015-06-30,WABCO HLDGS INC,WBC,3777195,467315000
2015-06-30,WAL MART STORES INC,WMT,60385293,4283129000
2015-06-30,WELLS FARGO & CO NEW,WFC,470292359,26449243000
2015-09-30,AMERICAN EXPRESS CO,AXP,151610700,11238901000
2015-09-30,AT&T INC,T,59320756,1932670000
2015-09-30,AXALTA COATING SYS LTD,AXTA,23199474,587875000
2015-09-30,BANK OF NEW YORK MELLON CORP,BK,20112212,787393000
2015-09-30,CHARTER COMMUNICATIONS INC D,CHTR,10281603,1808020000
2015-09-30,CHICAGO BRIDGE & IRON CO N V,CBI,1983190,78653000
2015-09-30,COCA COLA CO,KO,400000000,16047999000
2015-09-30,COSTCO WHSL CORP NEW,COST,4333363,626474000
2015-09-30,DAVITA HEALTHCARE PARTNERS I,DVA,38565570,2789448000
2015-09-30,DEERE & CO,DE,17052110,1261857000
2015-09-30,GENERAL ELECTRIC CO,GE,10585502,266966000
2015-09-30,GENERAL MTRS CO,GM,50000000,1501000000
2015-09-30,GOLDMAN SACHS GROUP INC,GS,10959519,1904326000
2015-09-30,GRAHAM HLDGS CO,GHC,107575,62071000
2015-09-30,INTERNATIONAL BUSINESS MACHS,IBM,81033450,11747419000
2015-09-30,JOHNSON & JOHNSON,JNJ,327100,30535000
2015-09-30,KRAFT HEINZ CO,KHC,325634818,22983305000
2015-09-30,LEE ENTERPRISES INC,LEE,88863,185000
2015-09-30,LIBERTY GLOBAL PLC,LBTYA,11957285,513446000
2015-09-30,LIBERTY GLOBAL PLC,LBTYK,7346968,301373000
2015-09-30,LIBERTY GLOBAL PLC,LILA,517139,17422000
2015-09-30,LIBERTY GLOBAL PLC,LILAK,367348,12578000
2015-09-30,LIBERTY MEDIA CORP DELAWARE,FWONA,7800000,278617000
2015-09-30,LIBERTY MEDIA CORP DELAWARE,FWONK,15386257,530210000
2015-09-30,M & T BK CORP,MTB,5382040,656340000
2015-09-30,MASTERCARD INC,MA,5229756,471306000
2015-09-30,MEDIA GEN INC NEW,MEG1,3471309,48564000
2015-09-30,MONDELEZ INTL INC,MDLZ,578000,24201000
2015-09-30,MOODYS CORP,MCO,24669778,2422572000
2015-09-30,NOW INC,DNOW,1825569,27018000
2015-09-30,PHILLIPS 66,PSX,61486926,4724655000
2015-09-30,PRECISION CASTPARTS CORP,PCP,4200792,964963000
2015-09-30,PROCTER & GAMBLE CO,PG,52793078,3797934000
2015-09-30,RESTAURANT BRANDS INTL INC,QSR,8438225,303101000
2015-09-30,TORCHMARK CORP,GL,6353727,358350000
2015-09-30,TWENTY FIRST CENTY FOX INC,TFCFA,8951869,241522000
2015-09-30,U S G CORP,USG,39002016,1038234000
2015-09-30,UNITED PARCEL SERVICE INC,UPS,59400,5862000
2015-09-30,US BANCORP DEL,USB,85063167,3488441000
2015-09-30,VERISIGN INC,VRSN,12985000,916222000
2015-09-30,VERISK ANALYTICS INC,VRSK,1563434,115553000
2015-09-30,VERIZON COMMUNICATIONS INC,VZ,15000928,652691000
2015-09-30,VISA INC,V,9885160,688600000
2015-09-30,WABCO HLDGS INC,WBC,3559189,373110000
2015-09-30,WAL MART STORES INC,WMT,56185293,3643055000
2015-09-30,WELLS FARGO & CO NEW,WFC,470292359,24149513000
2015-12-31,AMERICAN EXPRESS CO,AXP,151610700,10544524000
2015-12-31,AT&T INC,T,46577138,1602719000
2015-12-31,AXALTA COATING SYS LTD,AXTA,23324000,621585000
2015-12-31,BANK OF NEW YORK MELLON CORP,BK,20112212,829026000
2015-12-31,CHARTER COMMUNICATIONS INC D,CHTR,10281603,1882561000
2015-12-31,COCA COLA CO,KO,400000000,17184000000
2015-12-31,COSTCO WHSL CORP NEW,COST,4333363,699838000
2015-12-31,DAVITA HEALTHCARE PARTNERS I,DVA,38565570,2688406000
2015-12-31,DEERE & CO,DE,22884150,1745375000
2015-12-31,GENERAL ELECTRIC CO,GE,10585502,329739000
2015-12-31,GENERAL MTRS CO,GM,50000000,1700501000
2015-12-31,GOLDMAN SACHS GROUP INC,GS,10959519,1975234000
2015-12-31,GRAHAM HLDGS CO,GHC,107575,52171000
2015-12-31,INTERNATIONAL BUSINESS MACHS,IBM,81033450,11151823000
2015-12-31,JOHNSON & JOHNSON,JNJ,327100,33600000
2015-12-31,KINDER MORGAN INC DEL,KMI,26533525,395880000
2015-12-31,KRAFT HEINZ CO,KHC,325634818,23693189000
2015-12-31,LEE ENTERPRISES INC,LEE,88863,149000
2015-12-31,LIBERTY GLOBAL PLC,LBTYA,12544296,531377000
2015-12-31,LIBERTY GLOBAL PLC,LBTYK,7346968,299536000
2015-12-31,LIBERTY GLOBAL PLC,LILA,517139,21394000
2015-12-31,LIBERTY GLOBAL PLC,LILAK,367348,15796000
2015-12-31,LIBERTY MEDIA CORP DELAWARE,FWONA,7800000,306150000
2015-12-31,LIBERTY MEDIA CORP DELAWARE,FWONK,15386257,585909000
2015-12-31,M & T BK CORP,MTB,5382040,652195000
2015-12-31,MASTERCARD INC,MA,5229756,509169000
2015-12-31,MEDIA GEN INC NEW,MEG1,3471309,56062000
2015-12-31,MONDELEZ INTL INC,MDLZ,578000,25918000
2015-12-31,MOODYS CORP,MCO,24669778,2475366000
2015-12-31,NOW INC,DNOW,1825569,28880000
2015-12-31,PHILLIPS 66,PSX,61486926,5029632000
2015-12-31,PRECISION CASTPARTS CORP,PCP,4200792,974626000
2015-12-31,PROCTER & GAMBLE CO,PG,52793078,4192298000
2015-12-31,RESTAURANT BRANDS INTL INC,QSR,8438225,315252000
2015-12-31,TORCHMARK CORP,GL,6353727,363180000
2015-12-31,TWENTY FIRST CENTY FOX INC,TFCFA,8951869,243133000
2015-12-31,U S G CORP,USG,39002016,947359000
2015-12-31,UNITED PARCEL SERVICE INC,UPS,59400,5716000
2015-12-31,US BANCORP DEL,USB,85063167,3629646000
2015-12-31,VERISIGN INC,VRSN,12985000,1134370000
2015-12-31,VERISK ANALYTICS INC,VRSK,1563434,120197000
2015-12-31,VERIZON COMMUNICATIONS INC,VZ,15000928,693343000
2015-12-31,VISA INC,V,9885160,766594000
2015-12-31,WABCO HLDGS INC,WBC,3331215,340650000
2015-12-31,WAL MART STORES INC,WMT,56185293,3444158000
2015-12-31,WELLS FARGO & CO NEW,WFC,479704270,26076724000
2016-03-31,AMERICAN EXPRESS CO,AXP,151610700,9308898000
2016-03-31,APPLE INC,AAPL,9811747,1069382000
2016-03-31,AXALTA COATING SYS LTD,AXTA,23324000,681061000
2016-03-31,BANK OF NEW YORK MELLON CORP,BK,20827212,767066000
2016-03-31,CHARTER COMMUNICATIONS INC D,CHTR,10326803,2090455000
2016-03-31,COCA COLA CO,KO,400000000,18556000000
2016-03-31,COSTCO WHSL CORP NEW,COST,4333363,682851000
2016-03-31,DAVITA HEALTHCARE PARTNERS I,DVA,38565570,2829941000
2016-03-31,DEERE & CO,DE,23280994,1792404000
2016-03-31,GENERAL ELECTRIC CO,GE,10585502,336514000
2016-03-31,GENERAL MTRS CO,GM,50000000,1571500000
2016-03-31,GOLDMAN SACHS GROUP INC,GS,10959519,1720425000
2016-03-31,GRAHAM HLDGS CO,GHC,107575,51636000
2016-03-31,INTERNATIONAL BUSINESS MACHS,IBM,81232303,12302631000
2016-03-31,JOHNSON & JOHNSON,JNJ,327100,35392000
2016-03-31,KINDER MORGAN INC DEL,KMI,26533525,473889000
2016-03-31,KRAFT HEINZ CO,KHC,325634818,25581871000
2016-03-31,LEE ENTERPRISES INC,LEE,88863,160000
2016-03-31,LIBERTY GLOBAL PLC,LBTYA,15577436,599732000
2016-03-31,LIBERTY GLOBAL PLC,LBTYK,7346968,275952000
2016-03-31,LIBERTY GLOBAL PLC,LILA,517139,18131000
2016-03-31,LIBERTY GLOBAL PLC,LILAK,367348,13915000
2016-03-31,LIBERTY MEDIA CORP DELAWARE,FWONA,10000000,386300000
2016-03-31,LIBERTY MEDIA CORP DELAWARE,FWONK,20000000,761800000
2016-03-31,M & T BK CORP,MTB,5382040,597406000
2016-03-31,MASTERCARD INC,MA,4934756,466334000
2016-03-31,MEDIA GEN INC NEW,MEG1,3471309,56617000
2016-03-31,MONDELEZ INTL INC,MDLZ,578000,23189000
2016-03-31,MOODYS CORP,MCO,24669778,2382113000
2016-03-31,NOW INC,DNOW,1825569,32349000
2016-03-31,PHILLIPS 66,PSX,75550745,6541939000
2016-03-31,PROCTER & GAMBLE CO,PG,315400,25961000
2016-03-31,RESTAURANT BRANDS INTL INC,QSR,8438225,327656000
2016-03-31,TORCHMARK CORP,GL,6353727,344118000
2016-03-31,TWENTY FIRST CENTY FOX INC,TFCFA,8951869,249578000
2016-03-31,U S G CORP,USG,39002016,967640000
2016-03-31,UNITED PARCEL SERVICE INC,UPS,59400,6265000
2016-03-31,US BANCORP DEL,USB,85063167,3452714000
2016-03-31,VERISIGN INC,VRSN,12985000,1149692000
2016-03-31,VERISK ANALYTICS INC,VRSK,1563434,124950000
2016-03-31,VERIZON COMMUNICATIONS INC,VZ,15000928,811250000
2016-03-31,VISA INC,V,10239160,783091000
2016-03-31,WABCO HLDGS INC,WBC,3237094,346110000
2016-03-31,WAL MART STORES INC,WMT,55235863,3783104000
2016-03-31,WELLS FARGO & CO NEW,WFC,479704270,23198499000
2016-06-30,AMERICAN EXPRESS CO,AXP,151610700,9211866000
2016-06-30,APPLE INC,AAPL,15227702,1455768000
2016-06-30,AXALTA COATING SYS LTD,AXTA,23324000,618786000
2016-06-30,BANK OF NEW YORK MELLON CORP,BK,20827212,809137000
2016-06-30,CHARTER COMMUNICATIONS INC N,CHTR,9337491,2134924000
2016-06-30,COCA COLA CO,KO,400000000,18132000000
2016-06-30,COSTCO WHSL CORP NEW,COST,4333363,680511000
2016-06-30,DAVITA HEALTHCARE PARTNERS I,DVA,38565570,2981889000
2016-06-30,DEERE & CO,DE,21959246,1779577000
2016-06-30,GENERAL ELECTRIC CO,GE,10585502,333233000
2016-06-30,GENERAL MTRS CO,GM,50000000,1415000000
2016-06-30,GOLDMAN SACHS GROUP INC,GS,10959519,1628365000
2016-06-30,GRAHAM HLDGS CO,GHC,107575,52663000
2016-06-30,INTERNATIONAL BUSINESS MACHS,IBM,81232303,12329439000
2016-06-30,JOHNSON & JOHNSON,JNJ,327100,39677000
2016-06-30,KINDER MORGAN INC DEL,KMI,26533525,496708000
2016-06-30,KRAFT HEINZ CO,KHC,325634818,28812169000
2016-06-30,LEE ENTERPRISES INC,LEE,88863,170000
2016-06-30,LIBERTY GLOBAL PLC,LBTYA,19366897,562802000
2016-06-30,LIBERTY GLOBAL PLC,LBTYK,7346968,210491000
2016-06-30,LIBERTY GLOBAL PLC,LILA,2714854,87581000
2016-06-30,LIBERTY GLOBAL PLC,LILAK,1284020,41718000
2016-06-30,LIBERTY MEDIA CORP DELAWARE,FWONA,2499998,47850000
2016-06-30,LIBERTY MEDIA CORP DELAWARE,FWONK,4999998,94850000
2016-06-30,LIBERTY MEDIA CORP DELAWARE,LSXMA,10000000,313600000
2016-06-30,LIBERTY MEDIA CORP DELAWARE,LSXMK,20000000,617399000
2016-06-30,M & T BK CORP,MTB,5382040,636319000
2016-06-30,MASTERCARD INC,MA,4934756,434555000
2016-06-30,MEDIA GEN INC NEW,MEG1,3471309,59672000
2016-06-30,MONDELEZ INTL INC,MDLZ,578000,26305000
2016-06-30,MOODYS CORP,MCO,24669778,2311805000
2016-06-30,NOW INC,DNOW,1825569,33116000
2016-06-30,PHILLIPS 66,PSX,78782000,6250563000
2016-06-30,PROCTER & GAMBLE CO,PG,315400,26705000
2016-06-30,RESTAURANT BRANDS INTL INC,QSR,8438225,351030000
2016-06-30,TORCHMARK CORP,GL,6353727,392788000
2016-06-30,TWENTY FIRST CENTY FOX INC,TFCFA,8951869,242148000
2016-06-30,U S G CORP,USG,39002016,1051494000
2016-06-30,UNITED PARCEL SERVICE INC,UPS,59400,6399000
2016-06-30,US BANCORP DEL,USB,85063167,3430598000
2016-06-30,VERISIGN INC,VRSN,12952745,1119894000
2016-06-30,VERISK ANALYTICS INC,VRSK,1563434,126763000
2016-06-30,VERIZON COMMUNICATIONS INC,VZ,15000928,837652000
2016-06-30,VISA INC,V,10239160,759438000
2016-06-30,WABCO HLDGS INC,WBC,3237094,296420000
2016-06-30,WAL MART STORES INC,WMT,40226402,2937332000
2016-06-30,WELLS FARGO & CO NEW,WFC,479704270,22704405000
2016-09-30,AMERICAN AIRLS GROUP INC,AAL,21770555,797020000
2016-09-30,AMERICAN EXPRESS CO,AXP,151610700,9709150000
2016-09-30,APPLE INC,AAPL,15227702,1721492000
2016-09-30,AXALTA COATING SYS LTD,AXTA,23324000,659369000
2016-09-30,BANK OF NEW YORK MELLON CORP,BK,21136712,842932000
2016-09-30,CHARTER COMMUNICATIONS INC N,CHTR,9443491,2549459000
2016-09-30,COCA COLA CO,KO,400000000,16928001000
2016-09-30,COSTCO WHSL CORP NEW,COST,4333363,660881000
2016-09-30,DAVITA HEALTHCARE PARTNERS I,DVA,38565570,2548027000
2016-09-30,DEERE & CO,DE,21085061,1799610000
2016-09-30,DELTA AIR LINES INC DEL,DAL,6333923,249303000
2016-09-30,GENERAL ELECTRIC CO,GE,10585502,313541000
2016-09-30,GENERAL MTRS CO,GM,50000000,1588501000
2016-09-30,GOLDMAN SACHS GROUP INC,GS,10959519,1767441000
2016-09-30,GRAHAM HLDGS CO,GHC,107575,51783000
2016-09-30,INTERNATIONAL BUSINESS MACHS,IBM,81232303,12903752000
2016-09-30,JOHNSON & JOHNSON,JNJ,327100,38640000
2016-09-30,KINDER MORGAN INC DEL,KMI,20000000,462600000
2016-09-30,KRAFT HEINZ CO,KHC,325634818,29147573000
2016-09-30,LEE ENTERPRISES INC,LEE,88863,333000
2016-09-30,LIBERTY GLOBAL PLC,LBTYA,20180897,689783000
2016-09-30,LIBERTY GLOBAL PLC,LBTYK,7346968,242744000
2016-09-30,LIBERTY GLOBAL PLC,LILA,2714854,74903000
2016-09-30,LIBERTY GLOBAL PLC,LILAK,1284020,36017000
2016-09-30,LIBERTY MEDIA CORP DELAWARE,FWONA,1296013,37131000
2016-09-30,LIBERTY MEDIA CORP DELAWARE,FWONK,3189041,89740000
2016-09-30,LIBERTY MEDIA CORP DELAWARE,LSXMA,10058800,341799000
2016-09-30,LIBERTY MEDIA CORP DELAWARE,LSXMK,22236109,742909000
2016-09-30,M & T BK CORP,MTB,5382040,624856000
2016-09-30,MASTERCARD INC,MA,4934756,502210000
2016-09-30,MONDELEZ INTL INC,MDLZ,578000,25374000
2016-09-30,MOODYS CORP,MCO,24669778,2671244000
2016-09-30,NOW INC,DNOW,1825569,39122000
2016-09-30,PHILLIPS 66,PSX,80689892,6499571000
2016-09-30,PROCTER & GAMBLE CO,PG,315400,28307000
2016-09-30,RESTAURANT BRANDS INTL INC,QSR,8438225,376176000
2016-09-30,TORCHMARK CORP,GL,6353727,405940000
2016-09-30,TWENTY FIRST CENTY FOX INC,TFCFA,8951869,216814000
2016-09-30,U S G CORP,USG,39002016,1008202000
2016-09-30,UNITED CONTL HLDGS INC,UAL,4533013,237847000
2016-09-30,UNITED PARCEL SERVICE INC,UPS,59400,6496000
2016-09-30,US BANCORP DEL,USB,85063167,3648359000
2016-09-30,VERISIGN INC,VRSN,12952745,1013423000
2016-09-30,VERISK ANALYTICS INC,VRSK,1563434,127076000
2016-09-30,VERIZON COMMUNICATIONS INC,VZ,15000928,779748000
2016-09-30,VISA INC,V,10562460,873516000
2016-09-30,WABCO HLDGS INC,WBC,3368394,382414000
2016-09-30,WAL MART STORES INC,WMT,12971574,935510000
2016-09-30,WELLS FARGO & CO NEW,WFC,479704270,21241306000
2016-12-31,AMERICAN AIRLS GROUP INC,AAL,45544854,2126489000
2016-12-31,AMERICAN EXPRESS CO,AXP,151610700,11231321000
2016-12-31,APPLE INC,AAPL,57359652,6643394000
2016-12-31,AXALTA COATING SYS LTD,AXTA,23324000,634413000
2016-12-31,BANK OF NEW YORK MELLON CORP,BK,21671969,1026818000
2016-12-31,CHARTER COMMUNICATIONS INC N,CHTR,9443491,2718970000
2016-12-31,COCA COLA CO,KO,400000000,16584000000
2016-12-31,COSTCO WHSL CORP NEW,COST,4333363,693815000
2016-12-31,DAVITA HEALTHCARE PARTNERS I,DVA,38565570,2475910000
2016-12-31,DELTA AIR LINES INC DEL,DAL,60025995,2952679000
2016-12-31,GENERAL ELECTRIC CO,GE,10585502,334501000
2016-12-31,GENERAL MTRS CO,GM,50000000,1741999000
2016-12-31,GOLDMAN SACHS GROUP INC,GS,10959519,2624257000
2016-12-31,GRAHAM HLDGS CO,GHC,107575,55073000
2016-12-31,INTERNATIONAL BUSINESS MACHS,IBM,81232303,13483751000
2016-12-31,JOHNSON & JOHNSON,JNJ,327100,37685000
2016-12-31,KRAFT HEINZ CO,KHC,325634818,28434432000
2016-12-31,LIBERTY GLOBAL PLC,LBTYA,20180897,617334000
2016-12-31,LIBERTY GLOBAL PLC,LBTYK,7346968,218205000
2016-12-31,LIBERTY GLOBAL PLC,LILA,2714854,59618000
2016-12-31,LIBERTY GLOBAL PLC,LILAK,1284020,27183000
2016-12-31,LIBERTY MEDIA CORP DELAWARE,LSXMA,10058800,347230000
2016-12-31,LIBERTY MEDIA CORP DELAWARE,LSXMK,22236109,754249000
2016-12-31,M & T BK CORP,MTB,5382040,841913000
2016-12-31,MASTERCARD INC,MA,4934756,509514000
2016-12-31,MONDELEZ INTL INC,MDLZ,578000,25623000
2016-12-31,MOODYS CORP,MCO,24669778,2325620000
2016-12-31,MOSANTO CO NEW,MON2,8041784,846076000
2016-12-31,PHILLIPS 66,PSX,80689892,6972414000
2016-12-31,PROCTER & GAMBLE CO,PG,315400,26519000
2016-12-31,RESTAURANT BRANDS INTL INC,QSR,8438225,402166000
2016-12-31,SIRIUS XM HLDGS INC,SIRI,166639941,741547000
2016-12-31,SOUTHWEST AIRLS CO,LUV,43203775,2153276000
2016-12-31,TORCHMARK CORP,GL,6353727,468651000
2016-12-31,TWENTY FIRST CENTY FOX INC,TFCFA,8951869,251011000
2016-12-31,U S G CORP,USG,39002016,1126378000
2016-12-31,UNITED CONTL HLDGS INC,UAL,28951353,2109975000
2016-12-31,UNITED PARCEL SERVICE INC,UPS,59400,6810000
2016-12-31,US BANCORP DEL,USB,85063167,4369696000
2016-12-31,VERISIGN INC,VRSN,12952745,985315000
2016-12-31,VERISK ANALYTICS INC,VRSK,1563434,126904000
2016-12-31,VERIZON COMMUNICATIONS INC,VZ,928,50000
2016-12-31,VISA INC,V,10562460,824083000
2016-12-31,WABCO HLDGS INC,WBC,3368394,357555000
2016-12-31,WAL MART STORES INC,WMT,1393513,96320000
2016-12-31,WELLS FARGO & CO NEW,WFC,479704270,26436503000
2017-03-31,AMERICAN AIRLS GROUP INC,AAL,49278854,2084496000
2017-03-31,AMERICAN EXPRESS CO,AXP,151610700,11993921000
2017-03-31,APPLE INC,AAPL,129357106,18583441000
2017-03-31,AXALTA COATING SYS LTD,AXTA,23324000,751033000
2017-03-31,BANK OF NEW YORK MELLON CORP,BK,33012059,1559160000
2017-03-31,CHARTER COMMUNICATIONS INC N,CHTR,9443491,3091043000
2017-03-31,COCA COLA CO,KO,400000000,16976000000
2017-03-31,COSTCO WHSL CORP NEW,COST,4333363,726662000
2017-03-31,DAVITA HEALTHCARE PARTNERS I,DVA,38565570,2621301000
2017-03-31,DELTA AIR LINES INC DEL,DAL,55025995,2528995000
2017-03-31,GENERAL ELECTRIC CO,GE,10585502,315448000
2017-03-31,GENERAL MTRS CO,GM,50000000,1768001000
2017-03-31,GOLDMAN SACHS GROUP INC,GS,10959519,2517620000
2017-03-31,GRAHAM HLDGS CO,GHC,107575,64496000
2017-03-31,INTERNATIONAL BUSINESS MACHS,IBM,64561955,11242819000
2017-03-31,JOHNSON & JOHNSON,JNJ,327100,40740000
2017-03-31,KRAFT HEINZ CO,KHC,325634818,29570898000
2017-03-31,LIBERTY GLOBAL PLC,LBTYA,20180897,723889000
2017-03-31,LIBERTY GLOBAL PLC,LBTYK,7346968,257438000
2017-03-31,LIBERTY GLOBAL PLC,LILA,2714854,60378000
2017-03-31,LIBERTY GLOBAL PLC,LILAK,1284020,29584000
2017-03-31,LIBERTY MEDIA CORP DELAWARE,LSXMA,10247800,398845000
2017-03-31,LIBERTY MEDIA CORP DELAWARE,LSXMK,22307109,865070000
2017-03-31,M & T BK CORP,MTB,5382040,832764000
2017-03-31,MASTERCARD INC,MA,4934756,555012000
2017-03-31,MONDELEZ INTL INC,MDLZ,578000,24900000
2017-03-31,MOODYS CORP,MCO,24669778,2764002000
2017-03-31,MOSANTO CO NEW,MON2,8041784,910330000
2017-03-31,PHILLIPS 66,PSX,80689892,6392254000
2017-03-31,PROCTER & GAMBLE CO,PG,315400,28339000
2017-03-31,RESTAURANT BRANDS INTL INC,QSR,8438225,470347000
2017-03-31,SIRIUS XM HLDGS INC,SIRI,172325353,887476000
2017-03-31,SOUTHWEST AIRLS CO,LUV,47659456,2562172000
2017-03-31,TORCHMARK CORP,GL,6353727,489492000
2017-03-31,U S G CORP,USG,39002016,1240264000
2017-03-31,UNITED CONTL HLDGS INC,UAL,28951353,2045124000
2017-03-31,UNITED PARCEL SERVICE INC,UPS,59400,6374000
2017-03-31,US BANCORP DEL,USB,85063167,4380754000
2017-03-31,VERISIGN INC,VRSN,12952745,1128313000
2017-03-31,VERISK ANALYTICS INC,VRSK,1563434,126857000
2017-03-31,VERIZON COMMUNICATIONS INC,VZ,928,45000
2017-03-31,VISA INC,V,10562460,938686000
2017-03-31,WABCO HLDGS INC,WBC,2908554,341522000
2017-03-31,WAL MART STORES INC,WMT,1393513,100445000
2017-03-31,WELLS FARGO & CO NEW,WFC,479704270,26700340000
2017-06-30,AMERICAN AIRLS GROUP INC,AAL,47000000,2365039000
2017-06-30,AMERICAN EXPRESS CO,AXP,151610700,12771685000
2017-06-30,APPLE INC,AAPL,130191960,18750246000
2017-06-30,AXALTA COATING SYS LTD,AXTA,23324000,747301000
2017-06-30,BANK OF NEW YORK MELLON CORP,BK,50229588,2562715000
2017-06-30,CHARTER COMMUNICATIONS INC N,CHTR,9443491,3181040000
2017-06-30,COCA COLA CO,KO,400000000,17939999000
2017-06-30,COSTCO WHSL CORP NEW,COST,4333363,693035000
2017-06-30,DAVITA HEALTHCARE PARTNERS I,DVA,38565570,2497506000
2017-06-30,DELTA AIR LINES INC DEL,DAL,53110395,2854152000
2017-06-30,GENERAL MTRS CO,GM,60000000,2095800000
2017-06-30,GOLDMAN SACHS GROUP INC,GS,10959519,2431917000
2017-06-30,GRAHAM HLDGS CO,GHC,107575,64507000
2017-06-30,INTERNATIONAL BUSINESS MACHS,IBM,54084673,8319845000
2017-06-30,JOHNSON & JOHNSON,JNJ,327100,43272000
2017-06-30,KRAFT HEINZ CO,KHC,325634818,27887366000
2017-06-30,LIBERTY GLOBAL PLC,LBTYA,20180897,648210000
2017-06-30,LIBERTY GLOBAL PLC,LBTYK,7346968,229078000
2017-06-30,LIBERTY GLOBAL PLC,LILA,2714854,59102000
2017-06-30,LIBERTY GLOBAL PLC,LILAK,1284020,27491000
2017-06-30,LIBERTY MEDIA CORP DELAWARE,LSXMA,14860360,623838000
2017-06-30,LIBERTY MEDIA CORP DELAWARE,LSXMK,31090985,1296494000
2017-06-30,M & T BK CORP,MTB,5382040,871622000
2017-06-30,MASTERCARD INC,MA,4934756,599326000
2017-06-30,MONDELEZ INTL INC,MDLZ,578000,24964000
2017-06-30,MOODYS CORP,MCO,24669778,3001819000
2017-06-30,MOSANTO CO NEW,MON2,8041784,951826000
2017-06-30,PHILLIPS 66,PSX,80689892,6672247000
2017-06-30,PROCTER & GAMBLE CO,PG,315400,27487000
2017-06-30,RESTAURANT BRANDS INTL INC,QSR,8438225,527727000
2017-06-30,SIRIUS XM HLDGS INC,SIRI,137915729,754399000
2017-06-30,SOUTHWEST AIRLS CO,LUV,47659456,2961559000
2017-06-30,STORE CAP CORP,STOR,18621674,418057000
2017-06-30,SYNCHRONY FINL,SYF,17463000,520747000
2017-06-30,TORCHMARK CORP,GL,6353727,486059000
2017-06-30,U S G CORP,USG,39002016,1131838000
2017-06-30,UNITED CONTL HLDGS INC,UAL,28211563,2122920000
2017-06-30,UNITED PARCEL SERVICE INC,UPS,59400,6569000
2017-06-30,US BANCORP DEL,USB,85063167,4416478000
2017-06-30,VERISIGN INC,VRSN,12952745,1204088000
2017-06-30,VERISK ANALYTICS INC,VRSK,1563434,131907000
2017-06-30,VERIZON COMMUNICATIONS INC,VZ,928,41000
2017-06-30,VISA INC,V,10562460,990547000
2017-06-30,WABCO HLDGS INC,WBC,63195,8058000
2017-06-30,WAL MART STORES INC,WMT,1393513,105461000
2017-06-30,WELLS FARGO & CO NEW,WFC,467987270,25931175000
2017-09-30,AMERICAN AIRLS GROUP INC,AAL,47000000,2232031000
2017-09-30,AMERICAN EXPRESS CO,AXP,151610700,13714704000
2017-09-30,APPLE INC,AAPL,134092782,20666379000
2017-09-30,AXALTA COATING SYS LTD,AXTA,23324000,674530000
2017-09-30,BANK AMER CORP,BAC,679000000,17205859000
2017-09-30,BANK OF NEW YORK MELLON CORP,BK,50229588,2663173000
2017-09-30,CHARTER COMMUNICATIONS INC N,CHTR,8489391,3085214000
2017-09-30,COCA COLA CO,KO,400000000,18004001000
2017-09-30,COSTCO WHSL CORP NEW,COST,4333363,711928000
2017-09-30,DAVITA HEALTHCARE PARTNERS I,DVA,38565570,2290410000
2017-09-30,DELTA AIR LINES INC DEL,DAL,53110395,2560983000
2017-09-30,GENERAL MTRS CO,GM,60000000,2422799000
2017-09-30,GOLDMAN SACHS GROUP INC,GS,10959519,2599488000
2017-09-30,GRAHAM HLDGS CO,GHC,107575,62942000
2017-09-30,INTERNATIONAL BUSINESS MACHS,IBM,37026698,5371833000
2017-09-30,JOHNSON & JOHNSON,JNJ,327100,42526000
2017-09-30,KRAFT HEINZ CO,KHC,325634818,25252980000
2017-09-30,LIBERTY GLOBAL PLC,LBTYA,20180897,684334000
2017-09-30,LIBERTY GLOBAL PLC,LBTYK,7346968,240246000
2017-09-30,LIBERTY GLOBAL PLC,LILA,2714854,64505000
2017-09-30,LIBERTY GLOBAL PLC,LILAK,1284020,29918000
2017-09-30,LIBERTY MEDIA CORP DELAWARE,LSXMA,14860360,622649000
2017-09-30,LIBERTY MEDIA CORP DELAWARE,LSXMK,31090985,1301779000
2017-09-30,M & T BK CORP,MTB,5382040,866724000
2017-09-30,MASTERCARD INC,MA,4934756,696788000
2017-09-30,MONDELEZ INTL INC,MDLZ,578000,23501000
2017-09-30,MOODYS CORP,MCO,24669778,3434280000
2017-09-30,MOSANTO CO NEW,MON2,8873469,1063219000
2017-09-30,PHILLIPS 66,PSX,80689892,7392000000
2017-09-30,PROCTER & GAMBLE CO,PG,315400,28695000
2017-09-30,RESTAURANT BRANDS INTL INC,QSR,8438225,539034000
2017-09-30,SIRIUS XM HLDGS INC,SIRI,137915729,761295000
2017-09-30,SOUTHWEST AIRLS CO,LUV,47659456,2667976000
2017-09-30,STORE CAP CORP,STOR,18621674,463121000
2017-09-30,SYNCHRONY FINL,SYF,20803000,645933000
2017-09-30,TORCHMARK CORP,GL,6353727,508871000
2017-09-30,U S G CORP,USG,39002016,1273416000
2017-09-30,UNITED CONTL HLDGS INC,UAL,28211563,1717519000
2017-09-30,UNITED PARCEL SERVICE INC,UPS,59400,7133000
2017-09-30,US BANCORP DEL,USB,85063167,4558535000
2017-09-30,VERISIGN INC,VRSN,12952745,1378042000
2017-09-30,VERISK ANALYTICS INC,VRSK,1563434,130062000
2017-09-30,VERIZON COMMUNICATIONS INC,VZ,928,46000
2017-09-30,VISA INC,V,10562460,1111593000
2017-09-30,WAL MART STORES INC,WMT,1393513,108889000
2017-09-30,WELLS FARGO & CO NEW,WFC,464232268,25602410000
2017-12-31,AMERICAN AIRLS GROUP INC,AAL,46000000,2393379000
2017-12-31,AMERICAN EXPRESS CO,AXP,151610700,15056458000
2017-12-31,APPLE INC,AAPL,165333962,27979467000
2017-12-31,AXALTA COATING SYS LTD,AXTA,23324000,754765000
2017-12-31,BANK AMER CORP,BAC,679000000,20044080000
2017-12-31,BANK OF NEW YORK MELLON CORP,BK,60818783,3275697000
2017-12-31,CHARTER COMMUNICATIONS INC N,CHTR,8489391,2852096000
2017-12-31,COCA COLA CO,KO,400000000,18352001000
2017-12-31,COSTCO WHSL CORP NEW,COST,4333363,806526000
2017-12-31,DAVITA HEALTHCARE PARTNERS I,DVA,38565570,2786362000
2017-12-31,DELTA AIR LINES INC DEL,DAL,53110395,2974182000
2017-12-31,GENERAL MTRS CO,GM,50000000,2049500000
2017-12-31,GOLDMAN SACHS GROUP INC,GS,10959519,2792047000
2017-12-31,GRAHAM HLDGS CO,GHC,107575,60065000
2017-12-31,INTERNATIONAL BUSINESS MACHS,IBM,2048045,314211000
2017-12-31,JOHNSON & JOHNSON,JNJ,327100,45702000
2017-12-31,KRAFT HEINZ CO,KHC,325634818,25321363000
2017-12-31,LIBERTY GLOBAL PLC,LBTYA,20180897,723283000
2017-12-31,LIBERTY GLOBAL PLC,LBTYK,7346968,248621000
2017-12-31,LIBERTY GLOBAL PLC,LILA,2714854,54704000
2017-12-31,LIBERTY GLOBAL PLC,LILAK,1284020,25539000
2017-12-31,LIBERTY MEDIA CORP DELAWARE,LSXMA,14860360,589362000
2017-12-31,LIBERTY MEDIA CORP DELAWARE,LSXMK,31090985,1233068000
2017-12-31,M & T BK CORP,MTB,5382040,920275000
2017-12-31,MASTERCARD INC,MA,4934756,746925000
2017-12-31,MONDELEZ INTL INC,MDLZ,578000,24738000
2017-12-31,MOODYS CORP,MCO,24669778,3641506000
2017-12-31,MOSANTO CO NEW,MON2,11708747,1367348000
2017-12-31,PHILLIPS 66,PSX,80689892,8161782000
2017-12-31,PROCTER & GAMBLE CO,PG,315400,28979000
2017-12-31,RESTAURANT BRANDS INTL INC,QSR,8438225,518782000
2017-12-31,SIRIUS XM HLDGS INC,SIRI,137915729,739228000
2017-12-31,SOUTHWEST AIRLS CO,LUV,47659456,3119312000
2017-12-31,STORE CAP CORP,STOR,18621674,484908000
2017-12-31,SYNCHRONY FINL,SYF,20803000,803203000
2017-12-31,TEVA PHARMACEUTICAL INDS LTD,TEVA,18875721,357695000
2017-12-31,TORCHMARK CORP,GL,6353727,576346000
2017-12-31,U S G CORP,USG,39002016,1503918000
2017-12-31,UNITED CONTL HLDGS INC,UAL,28211563,1901459000
2017-12-31,UNITED PARCEL SERVICE INC,UPS,59400,7078000
2017-12-31,US BANCORP DEL,USB,87058877,4664615000
2017-12-31,VERISIGN INC,VRSN,12952745,1482312000
2017-12-31,VERISK ANALYTICS INC,VRSK,1563434,150090000
2017-12-31,VERIZON COMMUNICATIONS INC,VZ,928,49000
2017-12-31,VISA INC,V,10562460,1204332000
2017-12-31,WAL MART STORES INC,WMT,1393513,137610000
2017-12-31,WELLS FARGO & CO NEW,WFC,458232268,27800952000
2018-03-31,AMERICAN AIRLS GROUP INC,AAL,46000000,2390159000
2018-03-31,AMERICAN EXPRESS CO,AXP,151610700,14142245000
2018-03-31,APPLE INC,AAPL,239567633,40194658000
2018-03-31,AXALTA COATING SYS LTD,AXTA,23324000,704152000
2018-03-31,BANK AMER CORP,BAC,679000000,20363209000
2018-03-31,BANK OF NEW YORK MELLON CORP,BK,62191448,3204724000
2018-03-31,CHARTER COMMUNICATIONS INC N,CHTR,8222873,2559122000
2018-03-31,COCA COLA CO,KO,400000000,17371999000
2018-03-31,COSTCO WHSL CORP NEW,COST,4333363,816536000
2018-03-31,DAVITA HEALTHCARE PARTNERS I,DVA,38565570,2543014000
2018-03-31,DELTA AIR LINES INC DEL,DAL,53599357,2937781000
2018-03-31,GENERAL MTRS CO,GM,50000000,1816999000
2018-03-31,GOLDMAN SACHS GROUP INC,GS,10959519,2760264000
2018-03-31,JOHNSON & JOHNSON,JNJ,327100,41918000
2018-03-31,KRAFT HEINZ CO,KHC,325634818,20283793000
2018-03-31,LIBERTY GLOBAL PLC,LBTYA,18206408,570042000
2018-03-31,LIBERTY GLOBAL PLC,LBTYK,7346968,223568000
2018-03-31,LIBERTY LATIN AMERICA LTD,LILA,2714854,52804000
2018-03-31,LIBERTY LATIN AMERICA LTD,LILAK,1284020,24512000
2018-03-31,LIBERTY MEDIA CORP DELAWARE,LSXMA,14860360,610761000
2018-03-31,LIBERTY MEDIA CORP DELAWARE,LSXMK,31090985,1270067000
2018-03-31,M & T BK CORP,MTB,5382040,992234000
2018-03-31,MASTERCARD INC,MA,4934756,864372000
2018-03-31,MONDELEZ INTL INC,MDLZ,578000,24120000
2018-03-31,MOODYS CORP,MCO,24669778,3979236000
2018-03-31,MOSANTO CO NEW,MON2,18970134,2213625000
2018-03-31,PHILLIPS 66,PSX,45689892,4382575000
2018-03-31,PROCTER & GAMBLE CO,PG,315400,25005000
2018-03-31,RESTAURANT BRANDS INTL INC,QSR,8438225,480304000
2018-03-31,SIRIUS XM HLDGS INC,SIRI,137915729,860594000
2018-03-31,SOUTHWEST AIRLS CO,LUV,47659456,2729934000
2018-03-31,STORE CAP CORP,STOR,18621674,462190000
2018-03-31,SYNCHRONY FINL,SYF,20803000,697524000
2018-03-31,TEVA PHARMACEUTICAL INDS LTD,TEVA,40539710,692824000
2018-03-31,TORCHMARK CORP,GL,6353727,534794000
2018-03-31,U S G CORP,USG,39002016,1576461000
2018-03-31,UNITED CONTL HLDGS INC,UAL,27705963,1924733000
2018-03-31,UNITED PARCEL SERVICE INC,UPS,59400,6217000
2018-03-31,US BANCORP DEL,USB,90847721,4587811000
2018-03-31,VERISIGN INC,VRSN,12952745,1535678000
2018-03-31,VERISK ANALYTICS INC,VRSK,284778,29617000
2018-03-31,VERIZON COMMUNICATIONS INC,VZ,928,44000
2018-03-31,VISA INC,V,10562460,1263481000
2018-03-31,WAL MART STORES INC,WMT,1393513,123981000
2018-03-31,WELLS FARGO & CO NEW,WFC,456513244,23925858000
2018-06-30,AMERICAN AIRLS GROUP INC,AAL,44700000,1696812000
2018-06-30,AMERICAN EXPRESS CO,AXP,151610700,14857849000
2018-06-30,APPLE INC,AAPL,251955877,46639553000
2018-06-30,AXALTA COATING SYS LTD,AXTA,24264000,735441000
2018-06-30,BANK AMER CORP,BAC,679000000,19141009000
2018-06-30,BANK OF NEW YORK MELLON CORP,BK,64800376,3494685000
2018-06-30,CHARTER COMMUNICATIONS INC N,CHTR,7504185,2200303000
2018-06-30,COCA COLA CO,KO,400000000,17544001000
2018-06-30,COSTCO WHSL CORP NEW,COST,4333363,905586000
2018-06-30,DAVITA HEALTHCARE PARTNERS I,DVA,38565570,2677993000
2018-06-30,DELTA AIR LINES INC DEL,DAL,63665840,3154005000
2018-06-30,GENERAL MTRS CO,GM,51393611,2024908000
2018-06-30,GOLDMAN SACHS GROUP INC,GS,13254490,2923543000
2018-06-30,JOHNSON & JOHNSON,JNJ,327100,39690000
2018-06-30,KRAFT HEINZ CO,KHC,325634818,20456379000
2018-06-30,LIBERTY GLOBAL PLC,LBTYA,19791000,545044000
2018-06-30,LIBERTY GLOBAL PLC,LBTYK,7346968,195503000
2018-06-30,LIBERTY LATIN AMERICA LTD,LILA,2714854,51908000
2018-06-30,LIBERTY LATIN AMERICA LTD,LILAK,1284020,24884000
2018-06-30,LIBERTY MEDIA CORP DELAWARE,LSXMA,14860360,669460000
2018-06-30,LIBERTY MEDIA CORP DELAWARE,LSXMK,31090985,1410288000
2018-06-30,M & T BK CORP,MTB,5382040,915754000
2018-06-30,MASTERCARD INC,MA,4934756,969778000
2018-06-30,MONDELEZ INTL INC,MDLZ,578000,23698000
2018-06-30,MOODYS CORP,MCO,24669778,4207677000
2018-06-30,PHILLIPS 66,PSX,34729514,3900471000
2018-06-30,PROCTER & GAMBLE CO,PG,315400,24620000
2018-06-30,RESTAURANT BRANDS INTL INC,QSR,8438225,508825000
2018-06-30,SIRIUS XM HLDGS INC,SIRI,137915729,933690000
2018-06-30,SOUTHWEST AIRLS CO,LUV,56547399,2877132000
2018-06-30,STORE CAP CORP,STOR,18621674,510234000
2018-06-30,SYNCHRONY FINL,SYF,20803000,694404000
2018-06-30,TEVA PHARMACEUTICAL INDS LTD,TEVA,43249295,1051823000
2018-06-30,TORCHMARK CORP,GL,6353727,517257000
2018-06-30,U S G CORP,USG,39002016,1681767000
2018-06-30,UNITED CONTL HLDGS INC,UAL,26684542,1860714000
2018-06-30,UNITED PARCEL SERVICE INC,UPS,59400,6310000
2018-06-30,US BANCORP DEL,USB,100693874,5036709000
2018-06-30,VERISIGN INC,VRSN,12952745,1779966000
2018-06-30,VERIZON COMMUNICATIONS INC,VZ,928,47000
2018-06-30,VISA INC,V,10562460,1398998000
2018-06-30,WAL MART STORES INC,WMT,1393513,119354000
2018-06-30,WELLS FARGO & CO NEW,WFC,452013758,25059643000
2018-09-30,AMERICAN AIRLS GROUP INC,AAL,43700000,1806121000
2018-09-30,AMERICAN EXPRESS CO,AXP,151610700,16145025000
2018-09-30,APPLE INC,AAPL,252478779,56994561000
2018-09-30,AXALTA COATING SYS LTD,AXTA,24264000,707538000
2018-09-30,BANK AMER CORP,BAC,877248600,25843745000
2018-09-30,BANK OF NEW YORK MELLON CORP,BK,77849476,3969546000
2018-09-30,CHARTER COMMUNICATIONS INC N,CHTR,7340985,2392280000
2018-09-30,COCA COLA CO,KO,400000000,18476000000
2018-09-30,COSTCO WHSL CORP NEW,COST,4333363,1017820000
2018-09-30,DAVITA HEALTHCARE PARTNERS I,DVA,38565570,2762452000
2018-09-30,DELTA AIR LINES INC DEL,DAL,65535000,3789889000
2018-09-30,GENERAL MTRS CO,GM,52461411,1766376000
2018-09-30,GOLDMAN SACHS GROUP INC,GS,18353635,4115619000
2018-09-30,JOHNSON & JOHNSON,JNJ,327100,45195000
2018-09-30,JPMORGAN CHASE & CO,JPM,35664767,4024412000
2018-09-30,KRAFT HEINZ CO,KHC,325634818,17945735000
2018-09-30,LIBERTY GLOBAL PLC,LBTYA,19791000,572553000
2018-09-30,LIBERTY GLOBAL PLC,LBTYK,7346968,206891000
2018-09-30,LIBERTY LATIN AMERICA LTD,LILA,2714854,56578000
2018-09-30,LIBERTY LATIN AMERICA LTD,LILAK,1284020,26489000
2018-09-30,LIBERTY MEDIA CORP DELAWARE,LSXMA,14860360,645535000
2018-09-30,LIBERTY MEDIA CORP DELAWARE,LSXMK,31090985,1350903000
2018-09-30,M & T BK CORP,MTB,5382040,885561000
2018-09-30,MASTERCARD INC,MA,4934756,1098526000
2018-09-30,MONDELEZ INTL INC,MDLZ,578000,24831000
2018-09-30,MOODYS CORP,MCO,24669778,4124787000
2018-09-30,ORACLE CORP,ORCL,41404791,2134832000
2018-09-30,PHILLIPS 66,PSX,15433024,1739611000
2018-09-30,PNC FINL SVCS GROUP INC,PNC,6087319,829032000
2018-09-30,PROCTER & GAMBLE CO,PG,315400,26251000
2018-09-30,RESTAURANT BRANDS INTL INC,QSR,8438225,500218000
2018-09-30,SIRIUS XM HLDGS INC,SIRI,137915729,871627000
2018-09-30,SOUTHWEST AIRLS CO,LUV,56047399,3500160000
2018-09-30,STORE CAP CORP,STOR,18621674,517496000
2018-09-30,SYNCHRONY FINL,SYF,20803000,646557000
2018-09-30,TEVA PHARMACEUTICAL INDS LTD,TEVA,43249295,931589000
2018-09-30,TORCHMARK CORP,GL,6353727,550804000
2018-09-30,TRAVELERS COMPANIES INC,TRV,3543688,459652000
2018-09-30,U S G CORP,USG,39002016,1689178000
2018-09-30,UNITED CONTL HLDGS INC,UAL,25984542,2314183000
2018-09-30,UNITED PARCEL SERVICE INC,UPS,59400,6935000
2018-09-30,US BANCORP DEL,USB,124923092,6597189000
2018-09-30,VERISIGN INC,VRSN,12952745,2073994000
2018-09-30,VERIZON COMMUNICATIONS INC,VZ,928,50000
2018-09-30,VISA INC,V,10562460,1585320000
2018-09-30,WELLS FARGO & CO NEW,WFC,442361700,23250531000
2018-12-31,AMERICAN AIRLS GROUP INC,AAL,43700000,1403208000
2018-12-31,AMERICAN EXPRESS CO,AXP,151610700,14451533000
2018-12-31,APPLE INC,AAPL,249589329,39370221000
2018-12-31,AXALTA COATING SYS LTD,AXTA,24264000,568263000
2018-12-31,BANK AMER CORP,BAC,896167600,22081569000
2018-12-31,BANK OF NEW YORK MELLON CORP,BK,80937250,3809716000
2018-12-31,CHARTER COMMUNICATIONS INC N,CHTR,7033499,2004336000
2018-12-31,COCA COLA CO,KO,400000000,18939999000
2018-12-31,COSTCO WHSL CORP NEW,COST,4333363,882749000
2018-12-31,DAVITA HEALTHCARE PARTNERS I,DVA,38565570,1984584000
2018-12-31,DELTA AIR LINES INC DEL,DAL,65535000,3270197000
2018-12-31,GENERAL MTRS CO,GM,72269696,2417421000
2018-12-31,GOLDMAN SACHS GROUP INC,GS,18353635,3065974000
2018-12-31,JOHNSON & JOHNSON,JNJ,327100,42212000
2018-12-31,JPMORGAN CHASE & CO,JPM,50116394,4892364000
2018-12-31,KRAFT HEINZ CO,KHC,325634818,14015323000
2018-12-31,LIBERTY GLOBAL PLC,LBTYA,19791000,422340000
2018-12-31,LIBERTY GLOBAL PLC,LBTYK,7346968,151641000
2018-12-31,LIBERTY LATIN AMERICA LTD,LILA,2714854,39311000
2018-12-31,LIBERTY LATIN AMERICA LTD,LILAK,1284020,18708000
2018-12-31,LIBERTY MEDIA CORP DELAWARE,LSXMA,14860360,546862000
2018-12-31,LIBERTY MEDIA CORP DELAWARE,LSXMK,31090985,1149744000
2018-12-31,M & T BK CORP,MTB,5382040,770331000
2018-12-31,MASTERCARD INC,MA,4934756,930942000
2018-12-31,MONDELEZ INTL INC,MDLZ,578000,23137000
2018-12-31,MOODYS CORP,MCO,24669778,3454756000
2018-12-31,PHILLIPS 66,PSX,11895842,1024826000
2018-12-31,PNC FINL SVCS GROUP INC,PNC,8263062,966034000
2018-12-31,PROCTER & GAMBLE CO,PG,315400,28992000
2018-12-31,RED HAT INC,RHT,4175792,733436000
2018-12-31,RESTAURANT BRANDS INTL INC,QSR,8438225,441319000
2018-12-31,SIRIUS XM HLDGS INC,SIRI,137915729,787499000
2018-12-31,SOUTHWEST AIRLS CO,LUV,54847399,2549307000
2018-12-31,STORE CAP CORP,STOR,18621674,527180000
2018-12-31,SYNCHRONY FINL,SYF,20803000,488038000
2018-12-31,TEVA PHARMACEUTICAL INDS LTD,TEVA,43249295,666905000
2018-12-31,TORCHMARK CORP,GL,6353727,473544000
2018-12-31,TRAVELERS COMPANIES INC,TRV,5958391,713517000
2018-12-31,U S G CORP,USG,39002016,1663826000
2018-12-31,UNITED CONTL HLDGS INC,UAL,21938642,1836922000
2018-12-31,UNITED PARCEL SERVICE INC,UPS,59400,5793000
2018-12-31,US BANCORP DEL,USB,129308831,5909415000
2018-12-31,VERISIGN INC,VRSN,12952745,1920763000
2018-12-31,VERIZON COMMUNICATIONS INC,VZ,928,52000
2018-12-31,VISA INC,V,10562460,1393611000
2018-12-31,WELLS FARGO & CO NEW,WFC,426768902,19665511000
2019-03-31,AMAZON COM INC,AMZN,483300,860637000
2019-03-31,AMERICAN AIRLS GROUP INC,AAL,43700000,1387912000
2019-03-31,AMERICAN EXPRESS CO,AXP,151610700,16571049000
2019-03-31,APPLE INC,AAPL,249589329,47409494000
2019-03-31,AXALTA COATING SYS LTD,AXTA,24264000,611696000
2019-03-31,BANK AMER CORP,BAC,896167600,24725263000
2019-03-31,BANK OF NEW YORK MELLON CORP,BK,80937250,4081666000
2019-03-31,CHARTER COMMUNICATIONS INC N,CHTR,5710711,1981103000
2019-03-31,COCA COLA CO,KO,400000000,18744001000
2019-03-31,COSTCO WHSL CORP NEW,COST,4333363,1049281000
2019-03-31,DAVITA HEALTHCARE PARTNERS I,DVA,38565570,2093725000
2019-03-31,DELTA AIR LINES INC DEL,DAL,70910456,3662525000
2019-03-31,GENERAL MTRS CO,GM,72269696,2681205000
2019-03-31,GOLDMAN SACHS GROUP INC,GS,18353635,3523714000
2019-03-31,JOHNSON & JOHNSON,JNJ,327100,45725000
2019-03-31,JPMORGAN CHASE & CO,JPM,59514932,6024697000
2019-03-31,KRAFT HEINZ CO,KHC,325634818,10631977000
2019-03-31,LIBERTY GLOBAL PLC,LBTYA,19791000,493192000
2019-03-31,LIBERTY GLOBAL PLC,LBTYK,7346968,177870000
2019-03-31,LIBERTY LATIN AMERICA LTD,LILA,2714854,52505000
2019-03-31,LIBERTY LATIN AMERICA LTD,LILAK,1284020,24974000
2019-03-31,LIBERTY MEDIA CORP DELAWARE,LSXMA,14860360,567369000
2019-03-31,LIBERTY MEDIA CORP DELAWARE,LSXMK,31090985,1188920000
2019-03-31,M & T BK CORP,MTB,5382040,845088000
2019-03-31,MASTERCARD INC,MA,4934756,1161888000
2019-03-31,MONDELEZ INTL INC,MDLZ,578000,28854000
2019-03-31,MOODYS CORP,MCO,24669778,4467450000
2019-03-31,PHILLIPS 66,PSX,5552715,528452000
2019-03-31,PNC FINL SVCS GROUP INC,PNC,8671054,1063591000
2019-03-31,PROCTER & GAMBLE CO,PG,315400,32817000
2019-03-31,RED HAT INC,RHT,5110471,933683000
2019-03-31,RESTAURANT BRANDS INTL INC,QSR,8438225,549413000
2019-03-31,SIRIUS XM HLDGS INC,SIRI,137915729,781982000
2019-03-31,SOUTHWEST AIRLS CO,LUV,53649213,2784931000
2019-03-31,STORE CAP CORP,STOR,18621674,623826000
2019-03-31,SYNCHRONY FINL,SYF,20803000,663616000
2019-03-31,TEVA PHARMACEUTICAL INDS LTD,TEVA,43249295,678149000
2019-03-31,TORCHMARK CORP,GL,6353727,520688000
2019-03-31,TRAVELERS COMPANIES INC,TRV,5958391,817253000
2019-03-31,U S G CORP,USG,39002016,1688787000
2019-03-31,UNITED CONTL HLDGS INC,UAL,21938642,1750265000
2019-03-31,UNITED PARCEL SERVICE INC,UPS,59400,6637000
2019-03-31,US BANCORP DEL,USB,129308831,6231393000
2019-03-31,VERISIGN INC,VRSN,12952745,2351700000
2019-03-31,VISA INC,V,10562460,1649750000
2019-03-31,WELLS FARGO & CO NEW,WFC,409803773,19801718000
2019-06-30,AMAZON COM INC,AMZN,537300,1017447000
2019-06-30,AMERICAN AIRLS GROUP INC,AAL,43700000,1425057000
2019-06-30,AMERICAN EXPRESS CO,AXP,151610700,18714825000
2019-06-30,APPLE INC,AAPL,249589329,49398720000
2019-06-30,AXALTA COATING SYS LTD,AXTA,24264000,722339000
2019-06-30,BANK AMER CORP,BAC,927248600,26890210000
2019-06-30,BANK OF NEW YORK MELLON CORP,BK,80937250,3573379000
2019-06-30,CHARTER COMMUNICATIONS INC N,CHTR,5426609,2144487000
2019-06-30,COCA COLA CO,KO,400000000,20368000000
2019-06-30,COSTCO WHSL CORP NEW,COST,4333363,1145135000
2019-06-30,DAVITA HEALTHCARE PARTNERS I,DVA,38565570,2169698000
2019-06-30,DELTA AIR LINES INC DEL,DAL,70910456,4024169000
2019-06-30,GENERAL MTRS CO,GM,72269696,2784551000
2019-06-30,GOLDMAN SACHS GROUP INC,GS,18353635,3755154000
2019-06-30,JOHNSON & JOHNSON,JNJ,327100,45558000
2019-06-30,JPMORGAN CHASE & CO,JPM,59514932,6653769000
2019-06-30,KRAFT HEINZ CO,KHC,325634818,10107705000
2019-06-30,LIBERTY GLOBAL PLC,LBTYA,19791000,534159000
2019-06-30,LIBERTY GLOBAL PLC,LBTYK,7346968,194915000
2019-06-30,LIBERTY LATIN AMERICA LTD,LILA,2714854,46777000
2019-06-30,LIBERTY LATIN AMERICA LTD,LILAK,1284020,22072000
2019-06-30,LIBERTY MEDIA CORP DELAWARE,LSXMA,14860360,561871000
2019-06-30,LIBERTY MEDIA CORP DELAWARE,LSXMK,31090985,1180836000
2019-06-30,M & T BK CORP,MTB,5382040,915324000
2019-06-30,MASTERCARD INC,MA,4934756,1305391000
2019-06-30,MONDELEZ INTL INC,MDLZ,578000,31154000
2019-06-30,MOODYS CORP,MCO,24669778,4818254000
2019-06-30,PHILLIPS 66,PSX,5552715,519401000
2019-06-30,PNC FINL SVCS GROUP INC,PNC,8671054,1190362000
2019-06-30,PROCTER & GAMBLE CO,PG,315400,34584000
2019-06-30,RED HAT INC,RHT,5171890,971074000
2019-06-30,RESTAURANT BRANDS INTL INC,QSR,8438225,586794000
2019-06-30,SIRIUS XM HLDGS INC,SIRI,137915729,769570000
2019-06-30,SOUTHWEST AIRLS CO,LUV,53649213,2724307000
2019-06-30,STORE CAP CORP,STOR,18621674,618053000
2019-06-30,SYNCHRONY FINL,SYF,20803000,721240000
2019-06-30,TEVA PHARMACEUTICAL INDS LTD,TEVA,43249295,399191000
2019-06-30,TORCHMARK CORP,GL,6353727,568405000
2019-06-30,TRAVELERS COMPANIES INC,TRV,5958391,890899000
2019-06-30,UNITED CONTL HLDGS INC,UAL,21938642,1920728000
2019-06-30,UNITED PARCEL SERVICE INC,UPS,59400,6134000
2019-06-30,US BANCORP DEL,USB,132459618,6940884000
2019-06-30,VERISIGN INC,VRSN,12952745,2709196000
2019-06-30,VISA INC,V,10562460,1833115000
2019-06-30,WELLS FARGO & CO NEW,WFC,409803773,19391913000
2019-09-30,AMAZON COM INC,AMZN,537300,932705000
2019-09-30,AMERICAN AIRLS GROUP INC,AAL,43700000,1178589000
2019-09-30,AMERICAN EXPRESS CO,AXP,151610700,17932512000
2019-09-30,APPLE INC,AAPL,248838679,55732400000
2019-09-30,AXALTA COATING SYS LTD,AXTA,24264000,731560000
2019-09-30,BANK AMER CORP,BAC,927248600,27047843000
2019-09-30,BANK OF NEW YORK MELLON CORP,BK,80937250,3659172000
2019-09-30,CHARTER COMMUNICATIONS INC N,CHTR,5426609,2236414000
2019-09-30,COCA COLA CO,KO,400000000,21776000000
2019-09-30,COSTCO WHSL CORP NEW,COST,4333363,1248485000
2019-09-30,DAVITA HEALTHCARE PARTNERS I,DVA,38565570,2200937000
2019-09-30,DELTA AIR LINES INC DEL,DAL,70910456,4084442000
2019-09-30,GENERAL MTRS CO,GM,72269696,2708669000
2019-09-30,GLOBE LIFE INC,GL,6353727,608433000
2019-09-30,GOLDMAN SACHS GROUP INC,GS,18353635,3803424000
2019-09-30,JOHNSON & JOHNSON,JNJ,327100,42320000
2019-09-30,JPMORGAN CHASE & CO,JPM,59514932,7004312000
2019-09-30,KRAFT HEINZ CO,KHC,325634818,9096609000
2019-09-30,LIBERTY GLOBAL PLC,LBTYA,19791000,489827000
2019-09-30,LIBERTY GLOBAL PLC,LBTYK,7346968,174784000
2019-09-30,LIBERTY LATIN AMERICA LTD,LILA,2714854,46343000
2019-09-30,LIBERTY LATIN AMERICA LTD,LILAK,1284020,21950000
2019-09-30,LIBERTY MEDIA CORP DELAWARE,LSXMA,14860360,617744000
2019-09-30,LIBERTY MEDIA CORP DELAWARE,LSXMK,31090985,1304578000
2019-09-30,M & T BK CORP,MTB,5382040,850202000
2019-09-30,MASTERCARD INC,MA,4934756,1340132000
2019-09-30,MONDELEZ INTL INC,MDLZ,578000,31975000
2019-09-30,MOODYS CORP,MCO,24669778,5053111000
2019-09-30,OCCIDENTAL PETE CORP,OXY,7467508,332079000
2019-09-30,PHILLIPS 66,PSX,5182637,530702000
2019-09-30,PNC FINL SVCS GROUP INC,PNC,8671054,1215335000
2019-09-30,PROCTER & GAMBLE CO,PG,315400,39229000
2019-09-30,RESTAURANT BRANDS INTL INC,QSR,8438225,600295000
2019-09-30,RH,RH,1207844,206336000
2019-09-30,SIRIUS XM HLDGS INC,SIRI,136275729,852404000
2019-09-30,SOUTHWEST AIRLS CO,LUV,53649213,2897595000
2019-09-30,STORE CAP CORP,STOR,18621674,696637000
2019-09-30,SYNCHRONY FINL,SYF,20803000,709175000
2019-09-30,TEVA PHARMACEUTICAL INDS LTD,TEVA,43249295,297555000
2019-09-30,TRAVELERS COMPANIES INC,TRV,5958391,885953000
2019-09-30,UNITED CONTL HLDGS INC,UAL,21938642,1939595000
2019-09-30,UNITED PARCEL SERVICE INC,UPS,59400,7117000
2019-09-30,US BANCORP DEL,USB,132459618,7330315000
2019-09-30,VERISIGN INC,VRSN,12952745,2443276000
2019-09-30,VISA INC,V,10562460,1816849000
2019-09-30,WELLS FARGO & CO NEW,WFC,378369018,19084935000
2019-12-31,AMAZON COM INC,AMZN,537300,992844000
2019-12-31,AMERICAN AIRLS GROUP INC,AAL,42500000,1218900000
2019-12-31,AMERICAN EXPRESS CO,AXP,151610700,18874016000
2019-12-31,APPLE INC,AAPL,245155566,71989933000
2019-12-31,AXALTA COATING SYS LTD,AXTA,24264000,737626000
2019-12-31,BANK AMER CORP,BAC,925008600,32578803000
2019-12-31,BANK OF NEW YORK MELLON CORP,BK,79765057,4014575000
2019-12-31,BIOGEN INC,BIIB,648447,192414000
2019-12-31,CHARTER COMMUNICATIONS INC N,CHTR,5426609,2632339000
2019-12-31,COCA COLA CO,KO,400000000,22140000000
2019-12-31,COSTCO WHSL CORP NEW,COST,4333363,1273662000
2019-12-31,DAVITA HEALTHCARE PARTNERS I,DVA,38565570,2893575000
2019-12-31,DELTA AIR LINES INC DEL,DAL,70910456,4146844000
2019-12-31,GENERAL MTRS CO,GM,75000000,2745000000
2019-12-31,GLOBE LIFE INC,GL,6353727,668730000
2019-12-31,GOLDMAN SACHS GROUP INC,GS,12004751,2760252000
2019-12-31,JOHNSON & JOHNSON,JNJ,327100,47714000
2019-12-31,JPMORGAN CHASE & CO,JPM,59514932,8296382000
2019-12-31,KRAFT HEINZ CO,KHC,325634818,10462647000
2019-12-31,KROGER CO,KR,18940079,549073000
2019-12-31,LIBERTY GLOBAL PLC,LBTYA,19791000,450047000
2019-12-31,LIBERTY GLOBAL PLC,LBTYK,7346968,160127000
2019-12-31,LIBERTY LATIN AMERICA LTD,LILA,2714854,52397000
2019-12-31,LIBERTY LATIN AMERICA LTD,LILAK,1284020,24987000
2019-12-31,LIBERTY MEDIA CORP DELAWARE,LSXMA,14860360,718350000
2019-12-31,LIBERTY MEDIA CORP DELAWARE,LSXMK,31090985,1496721000
2019-12-31,M & T BK CORP,MTB,5382040,913602000
2019-12-31,MASTERCARD INC,MA,4934756,1473469000
2019-12-31,MONDELEZ INTL INC,MDLZ,578000,31836000
2019-12-31,MOODYS CORP,MCO,24669778,5856852000
2019-12-31,OCCIDENTAL PETE CORP,OXY,18933054,780231000
2019-12-31,PHILLIPS 66,PSX,227436,25339000
2019-12-31,PNC FINL SVCS GROUP INC,PNC,8671054,1384160000
2019-12-31,PROCTER & GAMBLE CO,PG,315400,39393000
2019-12-31,RESTAURANT BRANDS INTL INC,QSR,8438225,538106000
2019-12-31,RH,RH,1708348,364732000
2019-12-31,SIRIUS XM HLDGS INC,SIRI,136275729,974372000
2019-12-31,SOUTHWEST AIRLS CO,LUV,53649213,2895985000
2019-12-31,SPDR S&P 500 ETF TR,SPY,39400,12681000
2019-12-31,STORE CAP CORP,STOR,18621674,693471000
2019-12-31,SYNCHRONY FINL,SYF,20803000,749116000
2019-12-31,TEVA PHARMACEUTICAL INDS LTD,TEVA,43249295,423843000
2019-12-31,TRAVELERS COMPANIES INC,TRV,312379,42780000
2019-12-31,UNITED CONTL HLDGS INC,UAL,21938642,1932575000
2019-12-31,UNITED PARCEL SERVICE INC,UPS,59400,6953000
2019-12-31,US BANCORP DEL,USB,132459618,7853532000
2019-12-31,VANGUARD INDEX FDS,VOO,43000,12719000
2019-12-31,VERISIGN INC,VRSN,12952745,2495735000
2019-12-31,VISA INC,V,10562460,1984686000
2019-12-31,WELLS FARGO & CO NEW,WFC,323212918,17388855000
2020-03-31,AMAZON COM INC,AMZN,533300,1039786000
2020-03-31,AMERICAN AIRLS GROUP INC,AAL,41909000,510871000
2020-03-31,AMERICAN EXPRESS CO,AXP,151610700,12979391000
2020-03-31,APPLE INC,AAPL,245155566,62340609000
2020-03-31,AXALTA COATING SYS LTD,AXTA,24070000,415689000
2020-03-31,BANK AMER CORP,BAC,925008600,19637932000
2020-03-31,BANK OF NEW YORK MELLON CORP,BK,79765057,2686487000
2020-03-31,BIOGEN INC,BIIB,643022,203440000
2020-03-31,CHARTER COMMUNICATIONS INC N,CHTR,5426609,2367684000
2020-03-31,COCA COLA CO,KO,400000000,17700001000
2020-03-31,COSTCO WHSL CORP NEW,COST,4333363,1235572000
2020-03-31,DAVITA HEALTHCARE PARTNERS I,DVA,38095570,2897549000
2020-03-31,DELTA AIR LINES INC DEL,DAL,71886963,2050935000
2020-03-31,GENERAL MTRS CO,GM,74681000,1551872000
2020-03-31,GLOBE LIFE INC,GL,6353727,457278000
2020-03-31,GOLDMAN SACHS GROUP INC,GS,1920180,296841000
2020-03-31,JOHNSON & JOHNSON,JNJ,327100,42893000
2020-03-31,JPMORGAN CHASE & CO,JPM,57714433,5196030000
2020-03-31,KRAFT HEINZ CO,KHC,325634818,8056205000
2020-03-31,KROGER CO,KR,18940079,570475000
2020-03-31,LIBERTY GLOBAL PLC,LBTYA,19310000,318808000
2020-03-31,LIBERTY GLOBAL PLC,LBTYK,7346968,115421000
2020-03-31,LIBERTY LATIN AMERICA LTD,LILA,2630792,27676000
2020-03-31,LIBERTY LATIN AMERICA LTD,LILAK,1284020,13174000
2020-03-31,LIBERTY MEDIA CORP DELAWARE,LSXMA,14860360,470925000
2020-03-31,LIBERTY MEDIA CORP DELAWARE,LSXMK,30850985,975508000
2020-03-31,M & T BK CORP,MTB,5382040,556665000
2020-03-31,MASTERCARD INC,MA,4934756,1192040000
2020-03-31,MONDELEZ INTL INC,MDLZ,578000,28946000
2020-03-31,MOODYS CORP,MCO,24669778,5217658000
2020-03-31,OCCIDENTAL PETE CORP,OXY,18933054,219245000
2020-03-31,PNC FINL SVCS GROUP INC,PNC,9197984,880431000
2020-03-31,PROCTER & GAMBLE CO,PG,315400,34694000
2020-03-31,RESTAURANT BRANDS INTL INC,QSR,8438225,337782000
2020-03-31,RH,RH,1708348,171638000
2020-03-31,SIRIUS XM HLDGS INC,SIRI,132418729,654149000
2020-03-31,SOUTHWEST AIRLS CO,LUV,53642713,1910218000
2020-03-31,SPDR S&P 500 ETF TR,SPY,39400,10155000
2020-03-31,STORE CAP CORP,STOR,18621674,337425000
2020-03-31,SYNCHRONY FINL,SYF,20128000,323860000
2020-03-31,TEVA PHARMACEUTICAL INDS LTD,TEVA,42789295,384248000
2020-03-31,UNITED CONTL HLDGS INC,UAL,22157608,699073000
2020-03-31,UNITED PARCEL SERVICE INC,UPS,59400,5549000
2020-03-31,US BANCORP DEL,USB,132459618,4563233000
2020-03-31,VANGUARD INDEX FDS,VOO,43000,10183000
2020-03-31,VERISIGN INC,VRSN,12815613,2307964000
2020-03-31,VISA INC,V,10562460,1701823000
2020-03-31,WELLS FARGO & CO NEW,WFC,323212918,9276210000
2020-06-30,AMAZON COM INC,AMZN,533300,1471279000
2020-06-30,AMERICAN EXPRESS CO,AXP,151610700,14433339000
2020-06-30,APPLE INC,AAPL,245155566,89432750000
2020-06-30,AXALTA COATING SYS LTD,AXTA,24070000,542779000
2020-06-30,BANK AMER CORP,BAC,925008600,21968954000
2020-06-30,BANK OF NEW YORK MELLON CORP,BK,72357453,2796615000
2020-06-30,BARRICK GOLD CORPORATION,GOLD,20918701,563550000
2020-06-30,BIOGEN INC,BIIB,643022,172041000
2020-06-30,CHARTER COMMUNICATIONS INC N,CHTR,5213461,2659074000
2020-06-30,COCA COLA CO,KO,400000000,17871999000
2020-06-30,COSTCO WHSL CORP NEW,COST,4333363,1313919000
2020-06-30,DAVITA HEALTHCARE PARTNERS I,DVA,38095570,3014883000
2020-06-30,GENERAL MTRS CO,GM,74681000,1889429000
2020-06-30,GLOBE LIFE INC,GL,6353727,471636000
2020-06-30,JOHNSON & JOHNSON,JNJ,327100,46000000
2020-06-30,JPMORGAN CHASE & CO,JPM,22208427,2088925000
2020-06-30,KRAFT HEINZ CO,KHC,325634818,10384494000
2020-06-30,KROGER CO,KR,21940079,742672000
2020-06-30,LIBERTY GLOBAL PLC,LBTYA,19310000,422117000
2020-06-30,LIBERTY GLOBAL PLC,LBTYK,7346968,158033000
2020-06-30,LIBERTY LATIN AMERICA LTD,LILA,2630792,25572000
2020-06-30,LIBERTY LATIN AMERICA LTD,LILAK,1284020,12121000
2020-06-30,LIBERTY MEDIA CORP DELAWARE,LSXMA,14860360,512980000
2020-06-30,LIBERTY MEDIA CORP DELAWARE,LSXMK,43208291,1488525000
2020-06-30,M & T BK CORP,MTB,4536174,471626000
2020-06-30,MASTERCARD INC,MA,4564756,1349798000
2020-06-30,MONDELEZ INTL INC,MDLZ,578000,29553000
2020-06-30,MOODYS CORP,MCO,24669778,6777528000
2020-06-30,PNC FINL SVCS GROUP INC,PNC,5350586,562935000
2020-06-30,PROCTER & GAMBLE CO,PG,315400,37712000
2020-06-30,RH,RH,1708348,425208000
2020-06-30,SIRIUS XM HLDGS INC,SIRI,50000000,293500000
2020-06-30,SPDR S&P 500 ETF TR,SPY,39400,12149000
2020-06-30,STORE CAP CORP,STOR,24415168,581325000
2020-06-30,SYNCHRONY FINL,SYF,20128000,446036000
2020-06-30,TEVA PHARMACEUTICAL INDS LTD,TEVA,42789295,527592000
2020-06-30,UNITED PARCEL SERVICE INC,UPS,59400,6604000
2020-06-30,US BANCORP DEL,USB,131961832,4858836000
2020-06-30,VANGUARD INDEX FDS,VOO,43000,12187000
2020-06-30,VERISIGN INC,VRSN,12815613,2650654000
2020-06-30,VISA INC,V,9987460,1929278000
2020-06-30,WELLS FARGO & CO NEW,WFC,237582705,6082118000
2020-09-30,ABBVIE INC,ABBV,21264316,1862541000
2020-09-30,AMAZON COM INC,AMZN,533300,1679217000
2020-09-30,AMERICAN EXPRESS CO,AXP,151610700,15198971000
2020-09-30,APPLE INC,AAPL,944295554,109358868000
2020-09-30,AXALTA COATING SYS LTD,AXTA,23420000,519222000
2020-09-30,BANK AMER CORP,BAC,1010100606,24333323000
2020-09-30,BANK OF NEW YORK MELLON CORP,BK,72357453,2484755000
2020-09-30,BARRICK GOLD CORPORATION,GOLD,12000000,337320000
2020-09-30,BIOGEN INC,BIIB,643022,182412000
2020-09-30,BRISTOL-MYERS SQUIBB CO,BMY,29971194,1806963000
2020-09-30,CHARTER COMMUNICATIONS INC N,CHTR,5213461,3254972000
2020-09-30,CHEVRON CORP NEW,CVX,44272770,3187639000
2020-09-30,COCA COLA CO,KO,400000000,19748000000
2020-09-30,DAVITA HEALTHCARE PARTNERS I,DVA,36095570,3091586000
2020-09-30,GENERAL MTRS CO,GM,80000000,2367201000
2020-09-30,GLOBE LIFE INC,GL,6353727,507663000
2020-09-30,JOHNSON & JOHNSON,JNJ,327100,48699000
2020-09-30,JPMORGAN CHASE & CO,JPM,967267,93119000
2020-09-30,KRAFT HEINZ CO,KHC,325634818,9752763000
2020-09-30,KROGER CO,KR,24978439,847019000
2020-09-30,LIBERTY GLOBAL PLC,LBTYA,18010000,378390000
2020-09-30,LIBERTY GLOBAL PLC,LBTYK,7346968,150870000
2020-09-30,LIBERTY LATIN AMERICA LTD,LILA,2630792,21704000
2020-09-30,LIBERTY LATIN AMERICA LTD,LILAK,1430197,11642000
2020-09-30,LIBERTY MEDIA CORP DELAWARE,LSXMA,14860360,492918000
2020-09-30,LIBERTY MEDIA CORP DELAWARE,LSXMK,43208291,1429330000
2020-09-30,M & T BK CORP,MTB,2919613,268867000
2020-09-30,MARSH & MCLENNAN COS INC,MMC,3366507,386138000
2020-09-30,MASTERCARD INC,MA,4564756,1543664000
2020-09-30,MERCK & CO. INC,MRK,22403102,1858337000
2020-09-30,MONDELEZ INTL INC,MDLZ,578000,33206000
2020-09-30,MOODYS CORP,MCO,24669778,7150535000
2020-09-30,PFIZER INC,PFE,3711780,136222000
2020-09-30,PNC FINL SVCS GROUP INC,PNC,1919827,211008000
2020-09-30,PROCTER & GAMBLE CO,PG,315400,43837000
2020-09-30,RH,RH,1708348,653648000
2020-09-30,SIRIUS XM HLDGS INC,SIRI,50000000,268000000
2020-09-30,SNOWFLAKE INC,SNOW,6125376,1537469000
2020-09-30,SPDR S&P 500 ETF TR,SPY,39400,13195000
2020-09-30,STORE CAP CORP,STOR,24415168,669708000
2020-09-30,SYNCHRONY FINL,SYF,20128000,526750000
2020-09-30,T-MOBILE US INC,TMUS,2413156,275968000
2020-09-30,TEVA PHARMACEUTICAL INDS LTD,TEVA,42789295,385531000
2020-09-30,UNITED PARCEL SERVICE INC,UPS,59400,9898000
2020-09-30,US BANCORP DEL,USB,131961832,4730833000
2020-09-30,VANGUARD INDEX FDS,VOO,43000,13229000
2020-09-30,VERISIGN INC,VRSN,12815613,2625279000
2020-09-30,VERIZON COMMUNICATIONS INC,VZ,58347767,3471109000
2020-09-30,VISA INC,V,9987460,1997192000
2020-09-30,WELLS FARGO & CO NEW,WFC,127380440,2994716000
2020-12-31,ABBVIE INC,ABBV,25533082,2735870000
2020-12-31,AMAZON COM INC,AMZN,533300,1736921000
2020-12-31,AMERICAN EXPRESS CO,AXP,151610700,18331249000
2020-12-31,APPLE INC,AAPL,887135554,117714016000
2020-12-31,AXALTA COATING SYS LTD,AXTA,23420000,668641000
2020-12-31,BANK AMER CORP,BAC,1010100606,30616150000
2020-12-31,BANK OF NEW YORK MELLON CORP,BK,72357453,3070849000
2020-12-31,BIOGEN INC,BIIB,643022,157450000
2020-12-31,BRISTOL-MYERS SQUIBB CO,BMY,33336016,2067833000
2020-12-31,CHARTER COMMUNICATIONS INC N,CHTR,5213461,3448965000
2020-12-31,CHEVRON CORP NEW,CVX,48498965,4095738000
2020-12-31,COCA COLA CO,KO,400000000,21935999000
2020-12-31,DAVITA HEALTHCARE PARTNERS I,DVA,36095570,4237620000
2020-12-31,GENERAL MTRS CO,GM,72500000,3018899000
2020-12-31,GLOBE LIFE INC,GL,6353727,603350000
2020-12-31,JOHNSON & JOHNSON,JNJ,327100,51479000
2020-12-31,KRAFT HEINZ CO,KHC,325634818,11286503000
2020-12-31,KROGER CO,KR,33534017,1065040000
2020-12-31,LIBERTY GLOBAL PLC,LBTYA,18010000,436202000
2020-12-31,LIBERTY GLOBAL PLC,LBTYK,7346968,173756000
2020-12-31,LIBERTY LATIN AMERICA LTD,LILA,2630792,29280000
2020-12-31,LIBERTY LATIN AMERICA LTD,LILAK,1284020,14240000
2020-12-31,LIBERTY MEDIA CORP DELAWARE,LSXMA,14860360,641819000
2020-12-31,LIBERTY MEDIA CORP DELAWARE,LSXMK,43208291,1879993000
2020-12-31,MARSH & MCLENNAN COS INC,MMC,4267825,499336000
2020-12-31,MASTERCARD INC,MA,4564756,1629344000
2020-12-31,MERCK & CO. INC,MRK,28697435,2347450000
2020-12-31,MONDELEZ INTL INC,MDLZ,578000,33796000
2020-12-31,MOODYS CORP,MCO,24669778,7160156000
2020-12-31,PROCTER & GAMBLE CO,PG,315400,43885000
2020-12-31,RH,RH,1732548,775350000
2020-12-31,SIRIUS XM HLDGS INC,SIRI,50000000,318500000
2020-12-31,SNOWFLAKE INC,SNOW,6125376,1723681000
2020-12-31,SPDR S&P 500 ETF TR,SPY,39400,14731000
2020-12-31,STORE CAP CORP,STOR,24415168,829627000
2020-12-31,SYNCHRONY FINL,SYF,20128000,698642000
2020-12-31,T-MOBILE US INC,TMUS,5242000,706884000
2020-12-31,TEVA PHARMACEUTICAL INDS LTD,TEVA,42789295,412916000
2020-12-31,UNITED PARCEL SERVICE INC,UPS,59400,10003000
2020-12-31,US BANCORP DEL,USB,131137998,6109721000
2020-12-31,VANGUARD INDEX FDS,VOO,43000,14779000
2020-12-31,VERISIGN INC,VRSN,12815613,2773299000
2020-12-31,VERIZON COMMUNICATIONS INC,VZ,146716496,8619594000
2020-12-31,VISA INC,V,9987460,2184557000
2020-12-31,WELLS FARGO & CO NEW,WFC,52423867,1582152000
2021-03-31,ABBVIE INC,ABBV,22868178,2474794000
2021-03-31,AMAZON COM INC,AMZN,533300,1650073000
2021-03-31,AMERICAN EXPRESS CO,AXP,151610700,21443817000
2021-03-31,AON PLC,AON,4096146,942564000
2021-03-31,APPLE INC,AAPL,887135554,108363609000
2021-03-31,AXALTA COATING SYS LTD,AXTA,13887037,410779000
2021-03-31,BANK AMER CORP,BAC,1010100606,39080793000
2021-03-31,BANK OF NEW YORK MELLON CORP,BK,72357453,3421785000
2021-03-31,BIOGEN INC,BIIB,643022,179885000
2021-03-31,BRISTOL-MYERS SQUIBB CO,BMY,31032227,1959064000
2021-03-31,CHARTER COMMUNICATIONS INC N,CHTR,5213461,3216810000
2021-03-31,CHEVRON CORP NEW,CVX,23672271,2480617000
2021-03-31,COCA COLA CO,KO,400000000,21083999000
2021-03-31,DAVITA INC,DVA,36095570,3890020000
2021-03-31,GENERAL MTRS CO,GM,67000000,3849820000
2021-03-31,GLOBE LIFE INC,GL,6353727,613961000
2021-03-31,JOHNSON & JOHNSON,JNJ,327100,53759000
2021-03-31,KRAFT HEINZ CO,KHC,325634818,13025393000
2021-03-31,KROGER CO,KR,51060296,1837660000
2021-03-31,LIBERTY GLOBAL PLC,LBTYA,3359831,86213000
2021-03-31,LIBERTY GLOBAL PLC,LBTYK,7346968,187642000
2021-03-31,LIBERTY LATIN AMERICA LTD,LILA,2630792,33753000
2021-03-31,LIBERTY LATIN AMERICA LTD,LILAK,1284020,16667000
2021-03-31,LIBERTY MEDIA CORP DELAWARE,LSXMA,14860360,655045000
2021-03-31,LIBERTY MEDIA CORP DELAWARE,LSXMK,43208291,1905918000
2021-03-31,MARSH & MCLENNAN COS INC,MMC,5287526,644021000
2021-03-31,MASTERCARD INC,MA,4564756,1625281000
2021-03-31,MERCK & CO. INC,MRK,17882388,1378553000
2021-03-31,MONDELEZ INTL INC,MDLZ,578000,33830000
2021-03-31,MOODYS CORP,MCO,24669778,7366643000
2021-03-31,PROCTER & GAMBLE CO,PG,315400,42715000
2021-03-31,RH,RH,1756448,1047897000
2021-03-31,SIRIUS XM HLDGS INC,SIRI,43658800,265882000
2021-03-31,SNOWFLAKE INC,SNOW,6125376,1404426000
2021-03-31,SPDR S&P 500 ETF TR,SPY,39400,15615000
2021-03-31,STORE CAP CORP,STOR,24415168,817909000
2021-03-31,T-MOBILE US INC,TMUS,5242000,656770000
2021-03-31,TEVA PHARMACEUTICAL INDS LTD,TEVA,42789295,493789000
2021-03-31,UNITED PARCEL SERVICE INC,UPS,59400,10097000
2021-03-31,US BANCORP DEL,USB,129687084,7172993000
2021-03-31,VANGUARD INDEX FDS,VOO,43000,15665000
2021-03-31,VERISIGN INC,VRSN,12815613,2547231000
2021-03-31,VERIZON COMMUNICATIONS INC,VZ,158824575,9235649000
2021-03-31,VISA INC,V,9987460,2114645000
2021-03-31,WELLS FARGO & CO NEW,WFC,675054,26374000
2021-06-30,ABBVIE INC,ABBV,20527861,2312258000
2021-06-30,AMAZON COM INC,AMZN,533300,1834637000
2021-06-30,AMERICAN EXPRESS CO,AXP,151610700,25050635000
2021-06-30,AON PLC,AON,4396000,1049589000
2021-06-30,APPLE INC,AAPL,887135554,121502087000
2021-06-30,BANK AMER CORP,BAC,1010100606,41646448000
2021-06-30,BANK OF NEW YORK MELLON CORP,BK,72357453,3706871000
2021-06-30,BRISTOL-MYERS SQUIBB CO,BMY,26294266,1756983000
2021-06-30,CHARTER COMMUNICATIONS INC N,CHTR,5213461,3761251000
2021-06-30,CHEVRON CORP NEW,CVX,23123920,2421999000
2021-06-30,COCA COLA CO,KO,400000000,21644001000
2021-06-30,DAVITA INC,DVA,36095570,4346990000
2021-06-30,GENERAL MTRS CO,GM,60000000,3550200000
2021-06-30,GLOBE LIFE INC,GL,6353727,605193000
2021-06-30,JOHNSON & JOHNSON,JNJ,327100,53886000
2021-06-30,KRAFT HEINZ CO,KHC,325634818,13279388000
2021-06-30,KROGER CO,KR,61787910,2367094000
2021-06-30,LIBERTY GLOBAL PLC,LBTYK,1876522,50741000
2021-06-30,LIBERTY LATIN AMERICA LTD,LILA,2630792,36463000
2021-06-30,LIBERTY LATIN AMERICA LTD,LILAK,1284020,18105000
2021-06-30,LIBERTY MEDIA CORP DELAWARE,LSXMA,14860360,692195000
2021-06-30,LIBERTY MEDIA CORP DELAWARE,LSXMK,43208291,2004432000
2021-06-30,MARSH & MCLENNAN COS INC,MMC,4196692,590391000
2021-06-30,MASTERCARD INC,MA,4564756,1666547000
2021-06-30,MERCK & CO. INC,MRK,9157192,712155000
2021-06-30,MONDELEZ INTL INC,MDLZ,578000,36090000
2021-06-30,MOODYS CORP,MCO,24669778,8939587000
2021-06-30,ORGANON & CO,OGN,1550481,46918000
2021-06-30,PROCTER & GAMBLE CO,PG,315400,42557000
2021-06-30,RH,RH,1791967,1216746000
2021-06-30,SIRIUS XM HLDGS INC,SIRI,43658800,285529000
2021-06-30,SNOWFLAKE INC,SNOW,6125376,1481116000
2021-06-30,SPDR S&P 500 ETF TR,SPY,39400,16866000
2021-06-30,STORE CAP CORP,STOR,24415168,842568000
2021-06-30,T-MOBILE US INC,TMUS,5242000,759199000
2021-06-30,TEVA PHARMACEUTICAL INDS LTD,TEVA,42789295,423615000
2021-06-30,UNITED PARCEL SERVICE INC,UPS,59400,12353000
2021-06-30,US BANCORP DEL,USB,128888906,7342802000
2021-06-30,VANGUARD INDEX FDS,VOO,43000,16921000
2021-06-30,VERISIGN INC,VRSN,12815613,2917987000
2021-06-30,VERIZON COMMUNICATIONS INC,VZ,158824575,8898941000
2021-06-30,VISA INC,V,9987460,2335268000
2021-06-30,WELLS FARGO & CO NEW,WFC,675054,30573000
2021-09-30,ABBVIE INC,ABBV,14398488,1553165000
2021-09-30,AMAZON COM INC,AMZN,533300,1751912000
2021-09-30,AMERICAN EXPRESS CO,AXP,151610700,25399340000
2021-09-30,AON PLC,AON,4396000,1256244000
2021-09-30,APPLE INC,AAPL,887135554,125529681000
2021-09-30,BANK AMER CORP,BAC,1010100606,42878771000
2021-09-30,BANK OF NEW YORK MELLON CORP,BK,72357453,3751012000
2021-09-30,BRISTOL-MYERS SQUIBB CO,BMY,22046936,1304517000
2021-09-30,CHARTER COMMUNICATIONS INC N,CHTR,4200626,3056207000
2021-09-30,CHEVRON CORP NEW,CVX,28703519,2911972000
2021-09-30,COCA COLA CO,KO,400000000,20988000000
2021-09-30,DAVITA INC,DVA,36095570,4196471000
2021-09-30,FLOOR & DECOR HLDGS INC,FND,816863,98669000
2021-09-30,GENERAL MTRS CO,GM,60000000,3162600000
2021-09-30,GLOBE LIFE INC,GL,6353727,565672000
2021-09-30,JOHNSON & JOHNSON,JNJ,327100,52827000
2021-09-30,KRAFT HEINZ CO,KHC,325634818,11989874000
2021-09-30,KROGER CO,KR,61787910,2498086000
2021-09-30,LIBERTY LATIN AMERICA LTD,LILA,2630792,34410000
2021-09-30,LIBERTY LATIN AMERICA LTD,LILAK,1284020,16846000
2021-09-30,LIBERTY MEDIA CORP DELAWARE,LSXMA,14860360,700963000
2021-09-30,LIBERTY MEDIA CORP DELAWARE,LSXMK,43208291,2051097000
2021-09-30,MARSH & MCLENNAN COS INC,MMC,2741755,415184000
2021-09-30,MASTERCARD INC,MA,4288648,1491077000
2021-09-30,MONDELEZ INTL INC,MDLZ,578000,33628000
2021-09-30,MOODYS CORP,MCO,24669778,8760485000
2021-09-30,PROCTER & GAMBLE CO,PG,315400,44093000
2021-09-30,RH,RH,1791967,1195081000
2021-09-30,ROYALTY PHARMA PLC,RPRX,13145902,475093000
2021-09-30,SIRIUS XM HLDGS INC,SIRI,43658800,266319000
2021-09-30,SNOWFLAKE INC,SNOW,6125376,1852497000
2021-09-30,SPDR S&P 500 ETF TR,SPY,39400,16908000
2021-09-30,STORE CAP CORP,STOR,24415168,782018000
2021-09-30,T-MOBILE US INC,TMUS,5242000,669718000
2021-09-30,TEVA PHARMACEUTICAL INDS LTD,TEVA,42789295,416768000
2021-09-30,UNITED PARCEL SERVICE INC,UPS,59400,10817000
2021-09-30,US BANCORP DEL,USB,126417887,7514279000
2021-09-30,VANGUARD INDEX FDS,VOO,43000,16959000
2021-09-30,VERISIGN INC,VRSN,12815613,2627329000
2021-09-30,VERIZON COMMUNICATIONS INC,VZ,158824575,8578115000
2021-09-30,VISA INC,V,9562460,2130038000
2021-09-30,WELLS FARGO & CO NEW,WFC,675054,31329000
2021-12-31,ABBVIE INC,ABBV,3033561,410744000
2021-12-31,ACTIVISION BLIZZARD INC,ATVI,14658121,975205000
2021-12-31,AMAZON COM INC,AMZN,533300,1778204000
2021-12-31,AMERICAN EXPRESS CO,AXP,151610700,24803511000
2021-12-31,AON PLC,AON,4396000,1321261000
2021-12-31,APPLE INC,AAPL,887135554,157528660000
2021-12-31,BANK AMER CORP,BAC,1010100606,44939376000
2021-12-31,BANK OF NEW YORK MELLON CORP,BK,72357453,4202522000
2021-12-31,BRISTOL-MYERS SQUIBB CO,BMY,5202674,324387000
2021-12-31,CHARTER COMMUNICATIONS INC N,CHTR,3828941,2496355000
2021-12-31,CHEVRON CORP NEW,CVX,38245036,4488055000
2021-12-31,COCA COLA CO,KO,400000000,23684001000
2021-12-31,DAVITA INC,DVA,36095570,4106232000
2021-12-31,FLOOR & DECOR HLDGS INC,FND,843709,109691000
2021-12-31,GENERAL MTRS CO,GM,60000000,3517800000
2021-12-31,GLOBE LIFE INC,GL,6353727,595471000
2021-12-31,JOHNSON & JOHNSON,JNJ,327100,55957000
2021-12-31,KRAFT HEINZ CO,KHC,325634818,11690290000
2021-12-31,KROGER CO,KR,61412910,2779549000
2021-12-31,LIBERTY LATIN AMERICA LTD,LILA,2630792,30675000
2021-12-31,LIBERTY LATIN AMERICA LTD,LILAK,1284020,14638000
2021-12-31,LIBERTY MEDIA CORP DEL,FWONK,2118746,133989000
2021-12-31,LIBERTY MEDIA CORP DELAWARE,LSXMA,20207680,1027561000
2021-12-31,LIBERTY MEDIA CORP DELAWARE,LSXMK,43208291,2197142000
2021-12-31,MARSH & MCLENNAN COS INC,MMC,404911,70382000
2021-12-31,MASTERCARD INC,MA,3986648,1432482000
2021-12-31,MONDELEZ INTL INC,MDLZ,578000,38327000
2021-12-31,MOODYS CORP,MCO,24669778,9635522000
2021-12-31,PROCTER & GAMBLE CO,PG,315400,51593000
2021-12-31,RH,RH,1816547,973561000
2021-12-31,ROYALTY PHARMA PLC,RPRX,8648268,344633000
2021-12-31,SNOWFLAKE INC,SNOW,6125376,2074971000
2021-12-31,SPDR S&P 500 ETF TR,SPY,39400,18713000
2021-12-31,STORE CAP CORP,STOR,24415168,839882000
2021-12-31,T-MOBILE US INC,TMUS,5242000,607968000
2021-12-31,UNITED PARCEL SERVICE INC,UPS,59400,12732000
2021-12-31,US BANCORP DEL,USB,126417887,7100894000
2021-12-31,VANGUARD INDEX FDS,VOO,43000,18773000
2021-12-31,VERISIGN INC,VRSN,12815613,3252859000
2021-12-31,VERIZON COMMUNICATIONS INC,VZ,158824575,8252525000
2021-12-31,VISA INC,V,8297460,1798143000
2021-12-31,WELLS FARGO & CO NEW,WFC,675054,32389000
2022-03-31,ACTIVISION BLIZZARD INC,ATVI,64315222,5152292000
2022-03-31,ALLY FINL INC,ALLY,8969420,389990000
2022-03-31,AMAZON COM INC,AMZN,533300,1738531000
2022-03-31,AMERICAN EXPRESS CO,AXP,151610700,28351201000
2022-03-31,AON PLC,AON,4396000,1431470000
2022-03-31,APPLE INC,AAPL,890923410,155564138000
2022-03-31,BANK AMER CORP,BAC,1010100606,41636348000
2022-03-31,BANK OF NEW YORK MELLON CORP,BK,72357453,3591100000
2022-03-31,CELANESE CORP DEL,CE,7880998,1125958000
2022-03-31,CHARTER COMMUNICATIONS INC N,CHTR,3828941,2088764000
2022-03-31,CHEVRON CORP NEW,CVX,159178117,25918973000
2022-03-31,CITIGROUP INC,C,55155797,2945319000
2022-03-31,COCA COLA CO,KO,400000000,24799999000
2022-03-31,DAVITA INC,DVA,36095570,4082770000
2022-03-31,FLOOR & DECOR HLDGS INC,FND,4780000,387180000
2022-03-31,GENERAL MTRS CO,GM,62045847,2713886000
2022-03-31,GLOBE LIFE INC,GL,6353727,639185000
2022-03-31,HP INC,HPQ,104476035,3792480000
2022-03-31,JOHNSON & JOHNSON,JNJ,327100,57972000
2022-03-31,KRAFT HEINZ CO,KHC,325634818,12826755000
2022-03-31,KROGER CO,KR,57985263,3326615000
2022-03-31,LIBERTY LATIN AMERICA LTD,LILA,2630792,25518000
2022-03-31,LIBERTY LATIN AMERICA LTD,LILAK,1284020,12314000
2022-03-31,LIBERTY MEDIA CORP DEL,FWONK,7722451,539336000
2022-03-31,LIBERTY MEDIA CORP DELAWARE,LSXMA,20207680,923692000
2022-03-31,LIBERTY MEDIA CORP DELAWARE,LSXMK,43208291,1975915000
2022-03-31,MARKEL CORP,MKL,420293,620034000
2022-03-31,MARSH & MCLENNAN COS INC,MMC,404911,69005000
2022-03-31,MASTERCARD INC,MA,3986648,1424748000
2022-03-31,MCKESSON CORP,MCK,2921975,894504000
2022-03-31,MONDELEZ INTL INC,MDLZ,578000,36287000
2022-03-31,MOODYS CORP,MCO,24669778,8323829000
2022-03-31,OCCIDENTAL PETE CORP,OXY,136373000,7737804000
2022-03-31,PARAMOUNT GLOBAL,PARA,68947760,2606915000
2022-03-31,PROCTER & GAMBLE CO,PG,315400,48193000
2022-03-31,RH,RH,2170000,707615000
2022-03-31,ROYALTY PHARMA PLC,RPRX,1496372,58299000
2022-03-31,SNOWFLAKE INC,SNOW,6125376,1403507000
2022-03-31,SPDR S&P 500 ETF TR,SPY,39400,17795000
2022-03-31,STORE CAP CORP,STOR,14754811,431283000
2022-03-31,T-MOBILE US INC,TMUS,5242000,672811000
2022-03-31,UNITED PARCEL SERVICE INC,UPS,59400,12739000
2022-03-31,US BANCORP DEL,USB,126417887,6719111000
2022-03-31,VANGUARD INDEX FDS,VOO,43000,17852000
2022-03-31,VERISIGN INC,VRSN,12815613,2850961000
2022-03-31,VERIZON COMMUNICATIONS INC,VZ,1380111,70303000
2022-03-31,VISA INC,V,8297460,1840128000
2022-06-30,ACTIVISION BLIZZARD INC,ATVI,68401150,5325713000
2022-06-30,ALLY FINL INC,ALLY,30000000,1005300000
2022-06-30,AMAZON COM INC,AMZN,10666000,1132836000
2022-06-30,AMERICAN EXPRESS CO,AXP,151610700,21016276000
2022-06-30,AON PLC,AON,4396000,1185514000
2022-06-30,APPLE INC,AAPL,894802319,122337373000
2022-06-30,BANK AMER CORP,BAC,1010100606,31444432000
2022-06-30,BANK OF NEW YORK MELLON CORP,BK,72357453,3018027000
2022-06-30,CELANESE CORP DEL,CE,9156714,1076922000
2022-06-30,CHARTER COMMUNICATIONS INC N,CHTR,3828941,1793974000
2022-06-30,CHEVRON CORP NEW,CVX,161440149,23373304000
2022-06-30,CITIGROUP INC,C,55155797,2536616000
2022-06-30,COCA COLA CO,KO,400000000,25164000000
2022-06-30,DAVITA INC,DVA,36095570,2886202000
2022-06-30,FLOOR & DECOR HLDGS INC,FND,4780000,300949000
2022-06-30,GENERAL MTRS CO,GM,52877359,1679385000
2022-06-30,GLOBE LIFE INC,GL,6353727,619297000
2022-06-30,HP INC,HPQ,104476035,3424725000
2022-06-30,JOHNSON & JOHNSON,JNJ,327100,58064000
2022-06-30,KRAFT HEINZ CO,KHC,325634818,12419712000
2022-06-30,KROGER CO,KR,52437295,2481858000
2022-06-30,LIBERTY LATIN AMERICA LTD,LILA,2630792,20520000
2022-06-30,LIBERTY LATIN AMERICA LTD,LILAK,1284020,10003000
2022-06-30,LIBERTY MEDIA CORP DEL,FWONK,7722451,490143000
2022-06-30,LIBERTY MEDIA CORP DELAWARE,LSXMA,20207680,728285000
2022-06-30,LIBERTY MEDIA CORP DELAWARE,LSXMK,43208291,1557660000
2022-06-30,MARKEL CORP,MKL,467611,604738000
2022-06-30,MARSH & MCLENNAN COS INC,MMC,404911,62862000
2022-06-30,MASTERCARD INC,MA,3986648,1257708000
2022-06-30,MCKESSON CORP,MCK,3198344,1043331000
2022-06-30,MONDELEZ INTL INC,MDLZ,578000,35888000
2022-06-30,MOODYS CORP,MCO,24669778,6709439000
2022-06-30,OCCIDENTAL PETE CORP,OXY,158549729,9335408000
2022-06-30,PARAMOUNT GLOBAL,PARA,78421645,1935448000
2022-06-30,PROCTER & GAMBLE CO,PG,315400,45351000
2022-06-30,RH,RH,2170000,460605000
2022-06-30,SNOWFLAKE INC,SNOW,6125376,851795000
2022-06-30,SPDR S&P 500 ETF TR,SPY,39400,14864000
2022-06-30,STORE CAP CORP,STOR,6928413,180693000
2022-06-30,T-MOBILE US INC,TMUS,5242000,705259000
2022-06-30,UNITED PARCEL SERVICE INC,UPS,59400,10843000
2022-06-30,US BANCORP DEL,USB,119805135,5513432000
2022-06-30,VANGUARD INDEX FDS,VOO,43000,14916000
2022-06-30,VERISIGN INC,VRSN,12815613,2144436000
2022-06-30,VISA INC,V,8297460,1633687000
2022-09-30,ACTIVISION BLIZZARD INC,ATVI,60141866,4470946000
2022-09-30,ALLY FINL INC,ALLY,30000000,834901000
2022-09-30,AMAZON COM INC,AMZN,10666000,1205258000
2022-09-30,AMERICAN EXPRESS CO,AXP,151610700,20453800000
2022-09-30,AON PLC,AON,4396000,1177556000
2022-09-30,APPLE INC,AAPL,894802319,123661679000
2022-09-30,BANK AMER CORP,BAC,1010100606,30505039000
2022-09-30,BANK OF NEW YORK MELLON CORP,BK,62210878,2396364000
2022-09-30,CELANESE CORP DEL,CE,9710183,877219000
2022-09-30,CHARTER COMMUNICATIONS INC N,CHTR,3828941,1161509000
2022-09-30,CHEVRON CORP NEW,CVX,165359318,23757173000
2022-09-30,CITIGROUP INC,C,55155797,2298341000
2022-09-30,COCA COLA CO,KO,400000000,22407999000
2022-09-30,DAVITA INC,DVA,36095570,2987630000
2022-09-30,FLOOR & DECOR HLDGS INC,FND,4780000,335843000
2022-09-30,GENERAL MTRS CO,GM,50000000,1604500000
2022-09-30,GLOBE LIFE INC,GL,6353727,633467000
2022-09-30,HP INC,HPQ,104476035,2603542000
2022-09-30,JEFFERIES FINL GROUP INC,JEF,433558,12790000
2022-09-30,JOHNSON & JOHNSON,JNJ,327100,53435000
2022-09-30,KRAFT HEINZ CO,KHC,325634818,10859921000
2022-09-30,KROGER CO,KR,50268823,2199260000
2022-09-30,LIBERTY LATIN AMERICA LTD,LILA,2630792,16285000
2022-09-30,LIBERTY LATIN AMERICA LTD,LILAK,1284020,7897000
2022-09-30,LIBERTY MEDIA CORP DEL,FWONK,7722451,451764000
2022-09-30,LIBERTY MEDIA CORP DELAWARE,LSXMA,20207680,769307000
2022-09-30,LIBERTY MEDIA CORP DELAWARE,LSXMK,43208291,1629386000
2022-09-30,LOUISIANA PAC CORP,LPX,5795906,296692000
2022-09-30,MARKEL CORP,MKL,467611,506993000
2022-09-30,MARSH & MCLENNAN COS INC,MMC,404911,60449000
2022-09-30,MASTERCARD INC,MA,3986648,1133563000
2022-09-30,MCKESSON CORP,MCK,3198344,1087021000
2022-09-30,MONDELEZ INTL INC,MDLZ,578000,31692000
2022-09-30,MOODYS CORP,MCO,24669778,5997470000
2022-09-30,OCCIDENTAL PETE CORP,OXY,194351650,11942909000
2022-09-30,PARAMOUNT GLOBAL,PARA,91216510,1736763000
2022-09-30,PROCTER & GAMBLE CO,PG,315400,39819000
2022-09-30,RH,RH,2360000,580724000
2022-09-30,SNOWFLAKE INC,SNOW,6125376,1041069000
2022-09-30,SPDR S&P 500 ETF TR,SPY,39400,14073000
2022-09-30,T-MOBILE US INC,TMUS,5242000,703319000
2022-09-30,UNITED PARCEL SERVICE INC,UPS,59400,9595000
2022-09-30,US BANCORP DEL,USB,77788214,3136420000
2022-09-30,VANGUARD INDEX FDS,VOO,43000,14117000
2022-09-30,VERISIGN INC,VRSN,12815613,2226072000
2022-09-30,VISA INC,V,8297460,1474044000
2022-12-31,ACTIVISION BLIZZARD INC,ATVI,52717075,4035492091
2022-12-31,ALLY FINL INC,ALLY,29800000,728610001
2022-12-31,AMAZON COM INC,AMZN,10666000,895944000
2022-12-31,AMERICAN EXPRESS CO,AXP,151610700,22400480926
2022-12-31,AON PLC,AON,4396000,1319415440
2022-12-31,APPLE INC,AAPL,895136175,116305043218
2022-12-31,BANK AMER CORP,BAC,1010100606,33454532071
2022-12-31,BANK OF NEW YORK MELLON CORP,BK,25069867,1141180346
2022-12-31,CELANESE CORP DEL,CE,9710183,992769110
2022-12-31,CHARTER COMMUNICATIONS INC N,CHTR,3828941,1298393893
2022-12-31,CHEVRON CORP NEW,CVX,162975771,29252521137
2022-12-31,CITIGROUP INC,C,55155797,2494696699
2022-12-31,COCA COLA CO,KO,400000000,25444000000
2022-12-31,DAVITA INC,DVA,36095570,2695256212
2022-12-31,FLOOR & DECOR HLDGS INC,FND,4780000,332831400
2022-12-31,GENERAL MTRS CO,GM,50000000,1682000000
2022-12-31,GLOBE LIFE INC,GL,6353727,765941790
2022-12-31,HP INC,HPQ,104476035,2807271061
2022-12-31,JEFFERIES FINL GROUP INC,JEF,433558,14862368
2022-12-31,JOHNSON & JOHNSON,JNJ,327100,57782215
2022-12-31,KRAFT HEINZ CO,KHC,325634818,13256593441
2022-12-31,KROGER CO,KR,50000000,2229000000
2022-12-31,LIBERTY LATIN AMERICA LTD,LILA,2630792,19809864
2022-12-31,LIBERTY LATIN AMERICA LTD,LILAK,1284020,9758552
2022-12-31,LIBERTY MEDIA CORP DEL,FWONK,7722451,461648121
2022-12-31,LIBERTY MEDIA CORP DELAWARE,LSXMA,20207680,794363900
2022-12-31,LIBERTY MEDIA CORP DELAWARE,LSXMK,43208291,1690740426
2022-12-31,LOUISIANA PAC CORP,LPX,7044909,417058613
2022-12-31,MARKEL CORP,MKL,467611,616072818
2022-12-31,MARSH & MCLENNAN COS INC,MMC,404911,67004672
2022-12-31,MASTERCARD INC,MA,3986648,1386277109
2022-12-31,MCKESSON CORP,MCK,2855514,1071160412
2022-12-31,MONDELEZ INTL INC,MDLZ,578000,38523700
2022-12-31,MOODYS CORP,MCO,24669778,6873493546
2022-12-31,NU HLDGS LTD,NU,107118784,435973451
2022-12-31,OCCIDENTAL PETE CORP,OXY,194351650,12242210434
2022-12-31,PARAMOUNT GLOBAL,PARA,93637189,1580595750
2022-12-31,PROCTER & GAMBLE CO,PG,315400,47802024
2022-12-31,RH,RH,2360000,630568400
2022-12-31,SNOWFLAKE INC,SNOW,6125376,879236471
2022-12-31,SPDR S&P 500 ETF TR,SPY,39400,15067742
2022-12-31,STONECO LTD,STNE,10695448,100965029
2022-12-31,T-MOBILE US INC,TMUS,5242000,733880000
2022-12-31,TAIWAN SEMICONDUCTOR MFG LTD,TSM,8292724,617725010
2022-12-31,UNITED PARCEL SERVICE INC,UPS,59400,10326096
2022-12-31,US BANCORP DEL,USB,6670835,290915115
2022-12-31,VANGUARD INDEX FDS,VOO,43000,15107620
2022-12-31,VERISIGN INC,VRSN,12815613,2632839535
2022-12-31,VISA INC,V,8297460,1723880290
2023-03-31,ACTIVISION BLIZZARD INC,ATVI,49439781,4231550856
2023-03-31,ALLY FINL INC,ALLY,29000000,739210001
2023-03-31,AMAZON COM INC,AMZN,10551000,1089812790
2023-03-31,AMERICAN EXPRESS CO,AXP,151610700,25008184965
2023-03-31,AON PLC,AON,4335000,1366782150
2023-03-31,APPLE INC,AAPL,915560382,150975906991
2023-03-31,BANK AMER CORP,BAC,1032852006,29539567372
2023-03-31,CAPITAL ONE FINL CORP,COF,9922000,954099520
2023-03-31,CELANESE CORP DEL,CE,8819016,960302652
2023-03-31,CHARTER COMMUNICATIONS INC N,CHTR,3828941,1369267591
2023-03-31,CHEVRON CORP NEW,CVX,132407595,21603623200
2023-03-31,CITIGROUP INC,C,55244797,2590428532
2023-03-31,COCA COLA CO,KO,400000000,24812000000
2023-03-31,DAVITA INC,DVA,36095570,2927711683
2023-03-31,DIAGEO P L C,DEO,227750,41263745
2023-03-31,FLOOR & DECOR HLDGS INC,FND,4780000,469491600
2023-03-31,GENERAL MTRS CO,GM,40000000,1467200000
2023-03-31,GLOBE LIFE INC,GL,6353727,699037045
2023-03-31,HP INC,HPQ,120952818,3549965209
2023-03-31,JEFFERIES FINL GROUP INC,JEF,433558,13761131
2023-03-31,JOHNSON & JOHNSON,JNJ,327100,50700500
2023-03-31,KRAFT HEINZ CO,KHC,325634818,12592298412
2023-03-31,KROGER CO,KR,50000000,2468499999
2023-03-31,LIBERTY LATIN AMERICA LTD,LILA,2630792,21861881
2023-03-31,LIBERTY LATIN AMERICA LTD,LILAK,1284020,10606005
2023-03-31,LIBERTY MEDIA CORP DEL,FWONK,7722451,577871009
2023-03-31,LIBERTY MEDIA CORP DELAWARE,LSXMA,20207680,567633731
2023-03-31,LIBERTY MEDIA CORP DELAWARE,LSXMK,43208291,1209400065
2023-03-31,LOUISIANA PAC CORP,LPX,7044909,381904517
2023-03-31,MARKEL CORP,MKL,471661,602504481
2023-03-31,MARSH & MCLENNAN COS INC,MMC,404911,67437927
2023-03-31,MASTERCARD INC,MA,3986648,1448787750
2023-03-31,MCKESSON CORP,MCK,2289864,815306077
2023-03-31,MONDELEZ INTL INC,MDLZ,578000,40298160
2023-03-31,MOODYS CORP,MCO,24669778,7549445464
2023-03-31,NU HLDGS LTD,NU,107118784,509885412
2023-03-31,OCCIDENTAL PETE CORP,OXY,211707119,13216875439
2023-03-31,PARAMOUNT GLOBAL,PARA,93730975,2091138052
2023-03-31,PROCTER & GAMBLE CO,PG,315400,46896826
2023-03-31,SNOWFLAKE INC,SNOW,6125376,945084263
2023-03-31,SPDR S&P 500 ETF TR,SPY,39400,16129966
2023-03-31,STONECO LTD,STNE,10695448,102034574
2023-03-31,T-MOBILE US INC,TMUS,5242000,759251280
2023-03-31,UNITED PARCEL SERVICE INC,UPS,59400,11523006
2023-03-31,VANGUARD INDEX FDS,VOO,43000,16171010
2023-03-31,VERISIGN INC,VRSN,12815613,2708323496
2023-03-31,VISA INC,V,8297460,1870745332
2023-03-31,VITESSE ENERGY INC,VTS,51026,971025
2023-06-30,ACTIVISION BLIZZARD INC,ATVI,14658121,1235679601
2023-06-30,ALLY FINL INC,ALLY,29000000,783290001
2023-06-30,AMAZON COM INC,AMZN,10551000,1375428360
2023-06-30,AMERICAN EXPRESS CO,AXP,151610700,26410583940
2023-06-30,AON PLC,AON,4335000,1496442000
2023-06-30,APPLE INC,AAPL,915560382,177591247296
2023-06-30,BANK AMER CORP,BAC,1032852006,29632524052
2023-06-30,CAPITAL ONE FINL CORP,COF,12471030,1363956551
2023-06-30,CELANESE CORP DEL,CE,5358535,620518352
2023-06-30,CHARTER COMMUNICATIONS INC N,CHTR,3828941,1406638055
2023-06-30,CHEVRON CORP NEW,CVX,123120120,19372950883
2023-06-30,CITIGROUP INC,C,55244797,2543470454
2023-06-30,COCA COLA CO,KO,400000000,24088000000
2023-06-30,D R HORTON INC,DHI,5969714,726454496
2023-06-30,DAVITA INC,DVA,36095570,3626521918
2023-06-30,DIAGEO P L C,DEO,227750,39510070
2023-06-30,FLOOR & DECOR HLDGS INC,FND,4780000,496928800
2023-06-30,GENERAL MTRS CO,GM,22000000,848320000
2023-06-30,GLOBE LIFE INC,GL,2515574,275757222
2023-06-30,HP INC,HPQ,120952818,3714461041
2023-06-30,JEFFERIES FINL GROUP INC,JEF,433558,14381119
2023-06-30,JOHNSON & JOHNSON,JNJ,327100,54141592
2023-06-30,KRAFT HEINZ CO,KHC,325634818,11560036039
2023-06-30,KROGER CO,KR,50000000,2350000000
2023-06-30,LENNAR CORP,LEN.B,152572,17237585
2023-06-30,LIBERTY LATIN AMERICA LTD,LILA,2630792,23019430
2023-06-30,LIBERTY LATIN AMERICA LTD,LILAK,1284020,11068252
2023-06-30,LIBERTY MEDIA CORP DEL,FWONK,7722451,581346111
2023-06-30,LIBERTY MEDIA CORP DELAWARE,LSXMA,20207680,663013981
2023-06-30,LIBERTY MEDIA CORP DELAWARE,LSXMK,43208291,1414207364
2023-06-30,LOUISIANA PAC CORP,LPX,7044909,528227277
2023-06-30,MARKEL CORP,MKL,471661,652392063
2023-06-30,MASTERCARD INC,MA,3986648,1567948658
2023-06-30,MONDELEZ INTL INC,MDLZ,578000,42159320
2023-06-30,MOODYS CORP,MCO,24669778,8578175206
2023-06-30,NU HLDGS LTD,NU,107118784,845167206
2023-06-30,NVR INC,NVR,11112,70568089
2023-06-30,OCCIDENTAL PETE CORP,OXY,224129192,13178796490
2023-06-30,PARAMOUNT GLOBAL,PARA,93730975,1491259813
2023-06-30,PROCTER & GAMBLE CO,PG,315400,47858796
2023-06-30,SNOWFLAKE INC,SNOW,6125376,1077943668
2023-06-30,SPDR S&P 500 ETF TR,SPY,39400,17465232
2023-06-30,STONECO LTD,STNE,10695448,136260008
2023-06-30,T-MOBILE US INC,TMUS,5242000,728113800
2023-06-30,UNITED PARCEL SERVICE INC,UPS,59400,10647450
2023-06-30,VANGUARD INDEX FDS,VOO,43000,17513040
2023-06-30,VERISIGN INC,VRSN,12815613,2895944070
2023-06-30,VISA INC,V,8297460,1970480801
2023-09-30,ALLY FINL INC,ALLY,29000000,773720000
2023-09-30,AMAZON COM INC,AMZN,10000000,1271200000
2023-09-30,AMERICAN EXPRESS CO,AXP,151610700,22618800333
2023-09-30,AON PLC,AON,4100000,1329302000
2023-09-30,APPLE INC,AAPL,915560382,156753093002
2023-09-30,ATLANTA BRAVES HLDGS INC,BATRK,223645,7990835
2023-09-30,BANK AMER CORP,BAC,1032852006,28279487924
2023-09-30,CAPITAL ONE FINL CORP,COF,12471030,1210313462
2023-09-30,CHARTER COMMUNICATIONS INC N,CHTR,3828941,1684044831
2023-09-30,CHEVRON CORP NEW,CVX,110248289,18590066491
2023-09-30,CHUBB LIMITED,CB,8143530,1695320075
2023-09-30,CITIGROUP INC,C,55244797,2272218501
2023-09-30,COCA COLA CO,KO,400000000,22392000000
2023-09-30,D R HORTON INC,DHI,5969714,641565163
2023-09-30,DAVITA INC,DVA,36095570,3412114232
2023-09-30,DIAGEO P L C,DEO,227750,33975745
2023-09-30,FLOOR & DECOR HLDGS INC,FND,4780000,432590000
2023-09-30,GLOBE LIFE INC,GL,831014,90356152
2023-09-30,HP INC,HPQ,102519035,2634739200
2023-09-30,JEFFERIES FINL GROUP INC,JEF,433558,15881230
2023-09-30,KRAFT HEINZ CO,KHC,325634818,10954355278
2023-09-30,KROGER CO,KR,50000000,2237500000
2023-09-30,LENNAR CORP,LEN.B,152572,15597436
2023-09-30,LIBERTY LATIN AMERICA LTD,LILA,2630792,21467263
2023-09-30,LIBERTY LATIN AMERICA LTD,LILAK,1284020,10477603
2023-09-30,LIBERTY MEDIA CORP DEL,FWONK,7722451,481108697
2023-09-30,LIBERTY MEDIA CORP DEL,LLYVA,5051918,161257223
2023-09-30,LIBERTY MEDIA CORP DEL,LLYVK,11132590,357356140
2023-09-30,LIBERTY MEDIA CORP DEL,LSXMA,20207680,514285456
2023-09-30,LIBERTY MEDIA CORP DEL,LSXMK,43208291,1100083089
2023-09-30,LOUISIANA PAC CORP,LPX,7044909,389372120
2023-09-30,MARKEL CORP,MKL,158715,233706251
2023-09-30,MASTERCARD INC,MA,3986648,1578353810
2023-09-30,MOODYS CORP,MCO,24669778,7799843711
2023-09-30,NU HLDGS LTD,NU,107118784,776611184
2023-09-30,NVR INC,NVR,11112,66264190
2023-09-30,OCCIDENTAL PETE CORP,OXY,224129192,14541501977
2023-09-30,PARAMOUNT GLOBAL,PARA,93730975,1209129578
2023-09-30,SIRIUS XM HOLDINGS INC,SIRI,9683224,43768172
2023-09-30,SNOWFLAKE INC,SNOW,6125376,935773692
2023-09-30,SPDR S&P 500 ETF TR,SPY,39400,16842712
2023-09-30,STONECO LTD,STNE,10695448,114120430
2023-09-30,T-MOBILE US INC,TMUS,5242000,734142100
2023-09-30,VANGUARD INDEX FDS,VOO,43000,16886100
2023-09-30,VERISIGN INC,VRSN,12815613,2595546101
2023-09-30,VISA INC,V,8297460,1908498775
2023-12-31,ALLY FINL INC,ALLY,29000000,1012680000
2023-12-31,AMAZON COM INC,AMZN,10000000,1519400000
2023-12-31,AMERICAN EXPRESS CO,AXP,151610700,28402748537
2023-12-31,AON PLC,AON,4100000,1193182000
2023-12-31,APPLE INC,AAPL,905560000,174347466800
2023-12-31,ATLANTA BRAVES HLDGS INC,BATRK,223645,8851870
2023-12-31,BANK AMER CORP,BAC,1032852006,34776127042
2023-12-31,CAPITAL ONE FINL CORP,COF,12471030,1635201454
2023-12-31,CHARTER COMMUNICATIONS INC N,CHTR,3828941,1488232788
2023-12-31,CHEVRON CORP NEW,CVX,126093326,18808080506
2023-12-31,CHUBB LIMITED,CB,20100000,4542600000
2023-12-31,CITIGROUP INC,C,55244797,2841792358
2023-12-31,COCA COLA CO,KO,400000000,23572000000
2023-12-31,DAVITA INC,DVA,36095570,3781371913
2023-12-31,DIAGEO P L C,DEO,227750,33174065
2023-12-31,FLOOR & DECOR HLDGS INC,FND,4780000,533256800
2023-12-31,HP INC,HPQ,22852715,687638195
2023-12-31,JEFFERIES FINL GROUP INC,JEF,433558,17520079
2023-12-31,KRAFT HEINZ CO,KHC,325634818,12041975570
2023-12-31,KROGER CO,KR,50000000,2285500000
2023-12-31,LENNAR CORP,LEN.B,152572,20452277
2023-12-31,LIBERTY LATIN AMERICA LTD,LILA,2630792,19231089
2023-12-31,LIBERTY LATIN AMERICA LTD,LILAK,1284020,9424707
2023-12-31,LIBERTY MEDIA CORP DEL,FWONK,7722451,487518332
2023-12-31,LIBERTY MEDIA CORP DEL,LLYVA,5051918,184647602
2023-12-31,LIBERTY MEDIA CORP DEL,LLYVK,11132590,416247540
2023-12-31,LIBERTY MEDIA CORP DEL,LSXMA,20207680,580768723
2023-12-31,LIBERTY MEDIA CORP DEL,LSXMK,43208291,1243534615
2023-12-31,LOUISIANA PAC CORP,LPX,7044909,498990904
2023-12-31,MASTERCARD INC,MA,3986648,1700345238
2023-12-31,MOODYS CORP,MCO,24669778,9635028496
2023-12-31,NU HLDGS LTD,NU,107118784,892299471
2023-12-31,NVR INC,NVR,11112,77789000
2023-12-31,OCCIDENTAL PETE CORP,OXY,243715804,14552270657
2023-12-31,PARAMOUNT GLOBAL,PARA,63322491,936539643
2023-12-31,SIRIUS XM HOLDINGS INC,SIRI,40243058,220129527
2023-12-31,SNOWFLAKE INC,SNOW,6125376,1218949824
2023-12-31,SPDR S&P 500 ETF TR,SPY,39400,18727214
2023-12-31,T-MOBILE US INC,TMUS,5242000,840449860
2023-12-31,VANGUARD INDEX FDS,VOO,43000,18782400
2023-12-31,VERISIGN INC,VRSN,12815613,2639503654
2023-12-31,VISA INC,V,8297460,2160243711
2024-03-31,ALLY FINL INC,ALLY,29000000,1177110000
2024-03-31,AMAZON COM INC,AMZN,10000000,1803800000
2024-03-31,AMERICAN EXPRESS CO,AXP,151610700,34520240283
2024-03-31,AON PLC,AON,4100000,1368252000
2024-03-31,APPLE INC,AAPL,789368450,135360901805
2024-03-31,ATLANTA BRAVES HLDGS INC,BATRK,223645,8735574
2024-03-31,BANK AMER CORP,BAC,1032852006,39165748068
2024-03-31,CAPITAL ONE FINL CORP,COF,12471030,1856811657
2024-03-31,CHARTER COMMUNICATIONS INC N,CHTR,3828941,1112805123
2024-03-31,CHEVRON CORP NEW,CVX,122980207,19398897853
2024-03-31,CHUBB LIMITED,CB,25923840,6717644659
2024-03-31,CITIGROUP INC,C,55244797,3493680962
2024-03-31,COCA COLA CO,KO,400000000,24472000000
2024-03-31,DAVITA INC,DVA,36095570,4982993438
2024-03-31,DIAGEO P L C,DEO,227750,33875535
2024-03-31,FLOOR & DECOR HLDGS INC,FND,4780000,619583600
2024-03-31,JEFFERIES FINL GROUP INC,JEF,433558,19119908
2024-03-31,KRAFT HEINZ CO,KHC,325634818,12015924784
2024-03-31,KROGER CO,KR,50000000,2856500000
2024-03-31,LENNAR CORP,LEN.B,152572,23523551
2024-03-31,LIBERTY LATIN AMERICA LTD,LILA,2630792,18336620
2024-03-31,LIBERTY LATIN AMERICA LTD,LILAK,1284020,8975300
2024-03-31,LIBERTY MEDIA CORP DEL,FWONK,7722451,506592786
2024-03-31,LIBERTY MEDIA CORP DEL,LLYVA,5051918,213948727
2024-03-31,LIBERTY MEDIA CORP DEL,LLYVK,11132590,487830094
2024-03-31,LIBERTY MEDIA CORP DEL,LSXMA,32755624,972842033
2024-03-31,LIBERTY MEDIA CORP DEL,LSXMK,65486288,1945597617
2024-03-31,LOUISIANA PAC CORP,LPX,6597947,553633733
2024-03-31,MASTERCARD INC,MA,3986648,1919850077
2024-03-31,MOODYS CORP,MCO,24669778,9695962848
2024-03-31,NU HLDGS LTD,NU,107118784,1277927093
2024-03-31,NVR INC,NVR,11112,90006756
2024-03-31,OCCIDENTAL PETE CORP,OXY,248018128,16118698139
2024-03-31,PARAMOUNT GLOBAL,PARA,7531765,88648874
2024-03-31,SIRIUS XM HOLDINGS INC,SIRI,36681912,142325819
2024-03-31,SNOWFLAKE INC,SNOW,6125376,989860762
2024-03-31,SPDR S&P 500 ETF TR,SPY,39400,20608958
2024-03-31,T-MOBILE US INC,TMUS,5242000,855599240
2024-03-31,VANGUARD INDEX FDS,VOO,43000,20670100
2024-03-31,VERISIGN INC,VRSN,12815613,2428686819
2024-03-31,VISA INC,V,8297460,2315655137
2024-06-30,ALLY FINL INC,ALLY,29000000,1150430000
2024-06-30,AMAZON COM INC,AMZN,10000000,1932500000
2024-06-30,AMERICAN EXPRESS CO,AXP,151610700,35105457585
2024-06-30,AON PLC,AON,4100000,1203678000
2024-06-30,APPLE INC,AAPL,400000000,84248000000
2024-06-30,ATLANTA BRAVES HLDGS INC,BATRK,223645,8820558
2024-06-30,BANK AMER CORP,BAC,1032852006,41076524279
2024-06-30,CAPITAL ONE FINL CORP,COF,9819052,1359447750
2024-06-30,CHARTER COMMUNICATIONS INC N,CHTR,3828941,1144700201
2024-06-30,CHEVRON CORP NEW,CVX,118610534,18553059728
2024-06-30,CHUBB LIMITED,CB,27033784,6895777623
2024-06-30,CITIGROUP INC,C,55244797,3505834818
2024-06-30,COCA COLA CO,KO,400000000,25460000000
2024-06-30,DAVITA INC,DVA,36095570,5001763135
2024-06-30,DIAGEO P L C,DEO,227750,28714720
2024-06-30,FLOOR & DECOR HLDGS INC,FND,3977870,395440057
2024-06-30,HEICO CORP NEW,HEI.A,1044242,185373840
2024-06-30,JEFFERIES FINL GROUP INC,JEF,433558,21573846
2024-06-30,KRAFT HEINZ CO,KHC,325634818,10491953836
2024-06-30,KROGER CO,KR,50000000,2496500001
2024-06-30,LENNAR CORP,LEN.B,152572,21273114
2024-06-30,LIBERTY LATIN AMERICA LTD,LILA,2630792,25281911
2024-06-30,LIBERTY LATIN AMERICA LTD,LILAK,1284020,12352272
2024-06-30,LIBERTY MEDIA CORP DEL,FWONK,7722451,554780880
2024-06-30,LIBERTY MEDIA CORP DEL,LLYVA,4986588,187046916
2024-06-30,LIBERTY MEDIA CORP DEL,LLYVK,10917661,417818885
2024-06-30,LIBERTY MEDIA CORP DEL,LSXMA,35182219,779286152
2024-06-30,LIBERTY MEDIA CORP DEL,LSXMK,70002897,1551264198
2024-06-30,LOUISIANA PAC CORP,LPX,5964793,491081408
2024-06-30,MASTERCARD INC,MA,3986648,1758749632
2024-06-30,MOODYS CORP,MCO,24669778,10384249654
2024-06-30,NU HLDGS LTD,NU,107118784,1380761126
2024-06-30,NVR INC,NVR,11112,84324079
2024-06-30,OCCIDENTAL PETE CORP,OXY,255281524,16090394458
2024-06-30,SIRIUS XM HOLDINGS INC,SIRI,132878213,376045343
2024-06-30,SPDR S&P 500 ETF TR,SPY,39400,21442268
2024-06-30,T-MOBILE US INC,TMUS,4672000,823112960
2024-06-30,ULTA BEAUTY INC,ULTA,690106,266291202
2024-06-30,VANGUARD INDEX FDS,VOO,43000,21505590
2024-06-30,VERISIGN INC,VRSN,12815613,2278615992
2024-06-30,VISA INC,V,8297460,2177834326
2024-09-30,ALLY FINL INC,ALLY,29000000,1032110000
2024-09-30,AMAZON COM INC,AMZN,10000000,1863300000
2024-09-30,AMERICAN EXPRESS CO,AXP,151610700,41116821840
2024-09-30,AON PLC,AON,4100000,1418559000
2024-09-30,APPLE INC,AAPL,300000000,69900000000
2024-09-30,ATLANTA BRAVES HLDGS INC,BATRK,223645,8901072
2024-09-30,BANK AMER CORP,BAC,797683307,31652073622
2024-09-30,CAPITAL ONE FINL CORP,COF,9100000,1362543000
2024-09-30,CHARTER COMMUNICATIONS INC N,CHTR,2821879,914514546
2024-09-30,CHEVRON CORP NEW,CVX,118610534,17467773342
2024-09-30,CHUBB LIMITED,CB,27033784,7796272968
2024-09-30,CITIGROUP INC,C,55244797,3458324292
2024-09-30,COCA COLA CO,KO,400000000,28744000000
2024-09-30,DAVITA INC,DVA,36095570,5917146790
2024-09-30,DIAGEO P L C,DEO,227750,31962435
2024-09-30,DOMINOS PIZZA INC,DPZ,1277256,549398896
2024-09-30,HEICO CORP NEW,HEI.A,1049687,213884223
2024-09-30,JEFFERIES FINL GROUP INC,JEF,433558,26685495
2024-09-30,KRAFT HEINZ CO,KHC,325634818,11433038460
2024-09-30,KROGER CO,KR,50000000,2865000000
2024-09-30,LENNAR CORP,LEN.B,152572,26385802
2024-09-30,LIBERTY LATIN AMERICA LTD,LILA,2630792,25202987
2024-09-30,LIBERTY LATIN AMERICA LTD,LILAK,1284020,12185350
2024-09-30,LIBERTY MEDIA CORP DEL,FWONK,7722451,597949381
2024-09-30,LIBERTY MEDIA CORP DEL,LLYVA,4986588,246885972
2024-09-30,LIBERTY MEDIA CORP DEL,LLYVK,10917661,560403539
2024-09-30,LOUISIANA PAC CORP,LPX,5964793,640976656
2024-09-30,MASTERCARD INC,MA,3986648,1968606782
2024-09-30,MOODYS CORP,MCO,24669778,11708029942
2024-09-30,NU HLDGS LTD,NU,86438997,1179892309
2024-09-30,NVR INC,NVR,11112,109028722
2024-09-30,OCCIDENTAL PETE CORP,OXY,255281524,13157209747
2024-09-30,POOL CORP,POOL,404057,152248678
2024-09-30,SIRIUS XM HOLDINGS INC,SIRI,105155029,2486916437
2024-09-30,SPDR S&P 500 ETF TR,SPY,39400,22606144
2024-09-30,T-MOBILE US INC,TMUS,4672000,964113920
2024-09-30,ULTA BEAUTY INC,ULTA,24203,9417871
2024-09-30,VANGUARD INDEX FDS,VOO,43000,22689810
2024-09-30,VERISIGN INC,VRSN,12815613,2434453846
2024-09-30,VISA INC,V,8297460,2281386627
2024-12-31,ALLY FINL INC,ALLY,29000000,1044290001
2024-12-31,AMAZON COM INC,AMZN,10000000,2193900000
2024-12-31,AMERICAN EXPRESS CO,AXP,151610700,44996539653
2024-12-31,AON PLC,AON,4100000,1472556000
2024-12-31,APPLE INC,AAPL,300000000,75126000000
2024-12-31,ATLANTA BRAVES HLDGS INC,BATRK,223645,8556657
2024-12-31,BANK AMER CORP,BAC,680233587,29896266149
2024-12-31,CAPITAL ONE FINL CORP,COF,7450000,1328484000
2024-12-31,CHARTER COMMUNICATIONS INC N,CHTR,1991759,682715232
2024-12-31,CHEVRON CORP NEW,CVX,118610534,17179549745
2024-12-31,CHUBB LIMITED,CB,27033784,7469434519
2024-12-31,CITIGROUP INC,C,14639502,1030474546
2024-12-31,COCA COLA CO,KO,400000000,24904000000
2024-12-31,CONSTELLATION BRANDS INC,STZ,5624324,1242975604
2024-12-31,DAVITA INC,DVA,36095570,5398092493
2024-12-31,DIAGEO P L C,DEO,227750,28953858
2024-12-31,DOMINOS PIZZA INC,DPZ,2382000,999868320
2024-12-31,HEICO CORP NEW,HEI.A,1049687,195325757
2024-12-31,JEFFERIES FINL GROUP INC,JEF,433558,33990947
2024-12-31,KRAFT HEINZ CO,KHC,325634818,10000245261
2024-12-31,KROGER CO,KR,50000000,3057500001
2024-12-31,LENNAR CORP,LEN.B,152572,20162390
2024-12-31,LIBERTY LATIN AMERICA LTD,LILA,2630792,16731838
2024-12-31,LIBERTY LATIN AMERICA LTD,LILAK,1284020,8140687
2024-12-31,LIBERTY MEDIA CORP DEL,FWONK,6801360,630214018
2024-12-31,LIBERTY MEDIA CORP DEL,LLYVA,4986588,331907297
2024-12-31,LIBERTY MEDIA CORP DEL,LLYVK,10917661,743056007
2024-12-31,LOUISIANA PAC CORP,LPX,5664793,586589315
2024-12-31,MASTERCARD INC,MA,3986648,2099249237
2024-12-31,MOODYS CORP,MCO,24669778,11677932812
2024-12-31,NU HLDGS LTD,NU,40180168,416266540
2024-12-31,NVR INC,NVR,11112,90883937
2024-12-31,OCCIDENTAL PETE CORP,OXY,264178414,13053055436
2024-12-31,POOL CORP,POOL,598689,204117028
2024-12-31,SIRIUS XM HOLDINGS INC,SIRI,117468573,2678283465
2024-12-31,T-MOBILE US INC,TMUS,4350000,960175500
2024-12-31,VERISIGN INC,VRSN,13271457,2746660741
2024-12-31,VISA INC,V,8297460,2622329258
